task_id,L,Vf,rate,seed,failure_reason,trigger_flags,tolerance,max_sign_imag,sign_over_tol,max_observable_imag,observable_over_tol,max_green_skew_symmetry_error,green_over_tol,sign_corrections,average_sign,acceptance,measurements_completed,max_excess_ratio,result_tmp,diagnostic_measurement,diagnostic_boundary,diagnostic_trigger,tracked_eigen_sign,direct_eigen_sign,eigen_sign_mismatch,tracked_sign_imag_at_trigger,direct_sign_imag_at_trigger,fast_full_green_relative_error,fast_green_skew_at_trigger,full_green_skew_at_trigger,fast_S_pi_imag_at_trigger,full_S_pi_imag_at_trigger,fast_S_pi_dq_imag_at_trigger,full_S_pi_dq_imag_at_trigger,diagnostic_classification
1,26,3.75,0.5,4226002,numerical_diagnostic_exceeds_tolerance,SIGN_IMAG,1e-07,8.557708348418383e-07,8.557708348418384,7.188262092380412e-12,7.188262092380413e-05,1.5635627037329037e-09,0.01563562703732904,0,0.4096,0.8705474370370371,5000,8.557708348418384,/home/sunxr/PfQMC-main/reproduction/driven_kitaev/results/driven_critical_rate_ratio/raw/rigorous/task_0001_L26_V3.75_R0.5_s4226002/result.json.tmp,,,,,,,,,,,,,,,,
4,26,3.75,0.5,4226005,numerical_diagnostic_exceeds_tolerance,SIGN_IMAG,1e-07,4.819165934668406e-07,4.819165934668406,1.8242085486800043e-12,1.8242085486800045e-05,8.299443671548357e-10,0.008299443671548357,0,0.4032,0.870562325925926,5000,4.819165934668406,/home/sunxr/PfQMC-main/reproduction/driven_kitaev/results/driven_critical_rate_ratio/raw/rigorous/task_0004_L26_V3.75_R0.5_s4226005/result.json.tmp,,,,,,,,,,,,,,,,
7,26,3.75,0.5,4226008,numerical_diagnostic_exceeds_tolerance,SIGN_IMAG,1e-07,4.382846216160058e-07,4.382846216160058,4.638728363744426e-13,4.638728363744427e-06,3.8227443446639517e-10,0.0038227443446639518,0,0.3952,0.8705885481481481,5000,4.382846216160058,/home/sunxr/PfQMC-main/reproduction/driven_kitaev/results/driven_critical_rate_ratio/raw/rigorous/task_0007_L26_V3.75_R0.5_s4226008/result.json.tmp,,,,,,,,,,,,,,,,
10,26,3.75,0.5,4226011,numerical_diagnostic_exceeds_tolerance,SIGN_IMAG,1e-07,1.1228211159268272e-07,1.1228211159268273,1.5130037604561812e-12,1.5130037604561813e-05,5.966706985327966e-09,0.05966706985327966,0,0.3924,0.8704846962962963,5000,1.1228211159268273,/home/sunxr/PfQMC-main/reproduction/driven_kitaev/results/driven_critical_rate_ratio/raw/rigorous/task_0010_L26_V3.75_R0.5_s4226011/result.json.tmp,,,,,,,,,,,,,,,,
38,26,3.8,0.5,4226003,numerical_diagnostic_exceeds_tolerance,SIGN_IMAG,1e-07,1.0301239106870066e-07,1.0301239106870066,1.2333102877498888e-10,0.0012333102877498889,4.679828596294371e-09,0.04679828596294371,0,0.3444,0.8688622794117647,5000,1.0301239106870066,/home/sunxr/PfQMC-main/reproduction/driven_kitaev/results/driven_critical_rate_ratio/raw/rigorous/task_0038_L26_V3.80_R0.5_s4226003/result.json.tmp,3863,624,SIGN_IMAG,-1,-1,0,1.0240313692305825e-07,-1.7269585176724918e-13,6.991890260843668e-14,2.5937135143107775e-13,1.3268937664330448e-13,3.007256344202323e-18,1.3430304201334929e-18,3.8113008930896787e-17,-8.0620141922085373e-17,harmless_complex_sign_drift
41,26,3.8,0.5,4226006,numerical_diagnostic_exceeds_tolerance,SIGN_IMAG,1e-07,1.9579633744239408e-07,1.9579633744239409,1.3584983939459115e-12,1.3584983939459115e-05,7.97059352065434e-09,0.0797059352065434,0,0.3808,0.8688164852941177,5000,1.9579633744239409,/home/sunxr/PfQMC-main/reproduction/driven_kitaev/results/driven_critical_rate_ratio/raw/rigorous/task_0041_L26_V3.80_R0.5_s4226006/result.json.tmp,,,,,,,,,,,,,,,,
42,26,3.8,0.5,4226007,numerical_diagnostic_exceeds_tolerance,SIGN_IMAG,1e-07,5.620266298897019e-07,5.620266298897019,2.449714663684802e-12,2.4497146636848022e-05,3.2391185525596494e-09,0.03239118552559649,0,0.3804,0.8687926764705882,5000,5.620266298897019,/home/sunxr/PfQMC-main/reproduction/driven_kitaev/results/driven_critical_rate_ratio/raw/rigorous/task_0042_L26_V3.80_R0.5_s4226007/result.json.tmp,,,,,,,,,,,,,,,,
43,26,3.8,0.5,4226008,numerical_diagnostic_exceeds_tolerance,SIGN_IMAG,1e-07,1.8578911926256966e-07,1.8578911926256967,2.2837168045896138e-11,0.0002283716804589614,3.757554642745498e-09,0.03757554642745498,0,0.3808,0.8688215,5000,1.8578911926256967,/home/sunxr/PfQMC-main/reproduction/driven_kitaev/results/driven_critical_rate_ratio/raw/rigorous/task_0043_L26_V3.80_R0.5_s4226008/result.json.tmp,,,,,,,,,,,,,,,,
45,26,3.8,0.5,4226010,numerical_diagnostic_exceeds_tolerance,SIGN_IMAG,1e-07,5.59248045021621e-07,5.59248045021621,3.364606529767099e-11,0.00033646065297670993,1.4389990106572513e-08,0.14389990106572514,0,0.398,0.868832955882353,5000,5.59248045021621,/home/sunxr/PfQMC-main/reproduction/driven_kitaev/results/driven_critical_rate_ratio/raw/rigorous/task_0045_L26_V3.80_R0.5_s4226010/result.json.tmp,,,,,,,,,,,,,,,,
46,26,3.8,0.5,4226011,numerical_diagnostic_exceeds_tolerance,SIGN_IMAG,1e-07,1.0445485991440967e-06,10.445485991440968,2.3161584219312633e-12,2.3161584219312634e-05,1.4128426196130566e-09,0.014128426196130566,0,0.3724,0.8687501911764706,5000,10.445485991440968,/home/sunxr/PfQMC-main/reproduction/driven_kitaev/results/driven_critical_rate_ratio/raw/rigorous/task_0046_L26_V3.80_R0.5_s4226011/result.json.tmp,4620,624,SIGN_IMAG,1,1,0,1.029174153261619e-06,-2.742448868435357e-13,5.9427293411906164e-14,3.0404987638855799e-13,6.4170950953782525e-14,2.3794789042455039e-17,2.4082031336624163e-18,2.0561396504893247e-17,2.7666915652115696e-18,harmless_complex_sign_drift
47,26,3.8,0.5,4226012,numerical_diagnostic_exceeds_tolerance,SIGN_IMAG,1e-07,4.5448975154391775e-07,4.544897515439177,3.975105804778649e-09,0.03975105804778649,2.302936569968829e-09,0.023029365699688293,0,0.3508,0.8687236029411765,5000,4.544897515439177,/home/sunxr/PfQMC-main/reproduction/driven_kitaev/results/driven_critical_rate_ratio/raw/rigorous/task_0047_L26_V3.80_R0.5_s4226012/result.json.tmp,,,,,,,,,,,,,,,,
58,26,3.8,1.0,4226011,numerical_diagnostic_exceeds_tolerance,SIGN_IMAG,1e-07,2.3152438075310219e-07,2.3152438075310218,1.1365832159341905e-11,0.00011365832159341905,1.6397309948321738e-09,0.01639730994832174,0,0.592,0.9089980612244898,5000,2.3152438075310218,/home/sunxr/PfQMC-main/reproduction/driven_kitaev/results/driven_critical_rate_ratio/raw/rigorous/task_0058_L26_V3.80_R1.0_s4226011/result.json.tmp,,,,,,,,,,,,,,,,
72,26,3.85,0.5,4226001,numerical_diagnostic_exceeds_tolerance,GREEN_SKEW,1e-07,2.536520482423796e-08,0.2536520482423796,1.734643032643742e-09,0.01734643032643742,1.249799599143782e-07,1.249799599143782,0,0.3428,0.8669979124087591,5000,1.249799599143782,/home/sunxr/PfQMC-main/reproduction/driven_kitaev/results/driven_critical_rate_ratio/raw/rigorous/task_0072_L26_V3.85_R0.5_s4226001/result.json.tmp,,,,,,,,,,,,,,,,
73,26,3.85,0.5,4226002,numerical_diagnostic_exceeds_tolerance,SIGN_IMAG,1e-07,3.01141097068582e-07,3.0114109706858203,9.911803387653783e-11,0.0009911803387653783,1.1050016906837114e-08,0.11050016906837115,0,0.3388,0.8672269927007299,5000,3.0114109706858203,/home/sunxr/PfQMC-main/reproduction/driven_kitaev/results/driven_critical_rate_ratio/raw/rigorous/task_0073_L26_V3.85_R0.5_s4226002/result.json.tmp,,,,,,,,,,,,,,,,
74,26,3.85,0.5,4226003,numerical_diagnostic_exceeds_tolerance,SIGN_IMAG,1e-07,3.5072558996603207e-06,35.072558996603206,2.0968099340205047e-11,0.0002096809934020505,5.922801123825575e-08,0.5922801123825575,0,0.3708,0.8671470802919709,5000,35.072558996603206,/home/sunxr/PfQMC-main/reproduction/driven_kitaev/results/driven_critical_rate_ratio/raw/rigorous/task_0074_L26_V3.85_R0.5_s4226003/result.json.tmp,,,,,,,,,,,,,,,,
75,26,3.85,0.5,4226004,numerical_diagnostic_exceeds_tolerance,SIGN_IMAG;GREEN_SKEW,1e-07,5.02442219493078e-07,5.02442219493078,7.683748198133894e-10,0.007683748198133894,3.7267453555626575e-07,3.7267453555626577,0,0.35,0.8671079270072992,5000,5.02442219493078,/home/sunxr/PfQMC-main/reproduction/driven_kitaev/results/driven_critical_rate_ratio/raw/rigorous/task_0075_L26_V3.85_R0.5_s4226004/result.json.tmp,,,,,,,,,,,,,,,,
76,26,3.85,0.5,4226005,numerical_diagnostic_exceeds_tolerance,SIGN_IMAG,1e-07,1.4726465701224112e-07,1.4726465701224114,4.459993155174072e-11,0.0004459993155174072,3.794571436027502e-08,0.3794571436027502,0,0.352,0.8671160437956205,5000,1.4726465701224114,/home/sunxr/PfQMC-main/reproduction/driven_kitaev/results/driven_critical_rate_ratio/raw/rigorous/task_0076_L26_V3.85_R0.5_s4226005/result.json.tmp,,,,,,,,,,,,,,,,
79,26,3.85,0.5,4226008,numerical_diagnostic_exceeds_tolerance,GREEN_SKEW,1e-07,2.7427001827696868e-08,0.2742700182769687,6.032511227099738e-11,0.0006032511227099739,1.6286770352341115e-07,1.6286770352341116,0,0.3328,0.867058,5000,1.6286770352341116,/home/sunxr/PfQMC-main/reproduction/driven_kitaev/results/driven_critical_rate_ratio/raw/rigorous/task_0079_L26_V3.85_R0.5_s4226008/result.json.tmp,,,,,,,,,,,,,,,,
80,26,3.85,0.5,4226009,numerical_diagnostic_exceeds_tolerance,SIGN_IMAG,1e-07,2.271281168939171e-07,2.271281168939171,5.797784831184728e-12,5.7977848311847286e-05,2.705606832308033e-08,0.2705606832308033,0,0.3504,0.8670759854014598,5000,2.271281168939171,/home/sunxr/PfQMC-main/reproduction/driven_kitaev/results/driven_critical_rate_ratio/raw/rigorous/task_0080_L26_V3.85_R0.5_s4226009/result.json.tmp,,,,,,,,,,,,,,,,
81,26,3.85,0.5,4226010,numerical_diagnostic_exceeds_tolerance,SIGN_IMAG,1e-07,1.4771553129603692e-07,1.4771553129603692,3.764962438289455e-11,0.0003764962438289455,3.5963148181385805e-09,0.03596314818138581,0,0.36,0.8671592554744526,5000,1.4771553129603692,/home/sunxr/PfQMC-main/reproduction/driven_kitaev/results/driven_critical_rate_ratio/raw/rigorous/task_0081_L26_V3.85_R0.5_s4226010/result.json.tmp,,,,,,,,,,,,,,,,
82,26,3.85,0.5,4226011,numerical_diagnostic_exceeds_tolerance,SIGN_IMAG;GREEN_SKEW,1e-07,1.454931362120048e-07,1.4549313621200481,1.853077194227338e-10,0.001853077194227338,1.7425550204350572e-07,1.7425550204350573,0,0.366,0.8671037080291971,5000,1.7425550204350573,/home/sunxr/PfQMC-main/reproduction/driven_kitaev/results/driven_critical_rate_ratio/raw/rigorous/task_0082_L26_V3.85_R0.5_s4226011/result.json.tmp,,,,,,,,,,,,,,,,
83,26,3.85,0.5,4226012,numerical_diagnostic_exceeds_tolerance,SIGN_IMAG,1e-07,2.2064286013295868e-07,2.206428601329587,5.6024520588463166e-11,0.0005602452058846317,1.6920126567191796e-08,0.16920126567191796,0,0.3548,0.8671177080291971,5000,2.206428601329587,/home/sunxr/PfQMC-main/reproduction/driven_kitaev/results/driven_critical_rate_ratio/raw/rigorous/task_0083_L26_V3.85_R0.5_s4226012/result.json.tmp,,,,,,,,,,,,,,,,
108,26,3.9,0.5,4226001,numerical_diagnostic_exceeds_tolerance,SIGN_IMAG,1e-07,1.9854689134666368e-07,1.9854689134666368,9.653671139138521e-13,9.653671139138522e-06,5.492061574389449e-10,0.005492061574389449,0,0.3552,0.8653626811594203,5000,1.9854689134666368,/home/sunxr/PfQMC-main/reproduction/driven_kitaev/results/driven_critical_rate_ratio/raw/rigorous/task_0108_L26_V3.90_R0.5_s4226001/result.json.tmp,,,,,,,,,,,,,,,,
110,26,3.9,0.5,4226003,numerical_diagnostic_exceeds_tolerance,SIGN_IMAG,1e-07,1.3095847782216393e-06,13.095847782216394,1.2919416293932252e-11,0.00012919416293932253,1.0659366887270816e-08,0.10659366887270817,0,0.3336,0.8655016521739131,5000,13.095847782216394,/home/sunxr/PfQMC-main/reproduction/driven_kitaev/results/driven_critical_rate_ratio/raw/rigorous/task_0110_L26_V3.90_R0.5_s4226003/result.json.tmp,,,,,,,,,,,,,,,,
113,26,3.9,0.5,4226006,numerical_diagnostic_exceeds_tolerance,SIGN_IMAG,1e-07,5.361988399604027e-07,5.3619883996040265,1.4687120267288957e-11,0.00014687120267288956,6.705589713927193e-09,0.06705589713927193,0,0.3188,0.8653746086956522,5000,5.3619883996040265,/home/sunxr/PfQMC-main/reproduction/driven_kitaev/results/driven_critical_rate_ratio/raw/rigorous/task_0113_L26_V3.90_R0.5_s4226006/result.json.tmp,,,,,,,,,,,,,,,,
114,26,3.9,0.5,4226007,numerical_diagnostic_exceeds_tolerance,SIGN_IMAG,1e-07,4.329101972090806e-07,4.329101972090807,2.110491577624305e-12,2.1104915776243052e-05,9.159810740403148e-10,0.009159810740403148,0,0.3492,0.8654304637681159,5000,4.329101972090807,/home/sunxr/PfQMC-main/reproduction/driven_kitaev/results/driven_critical_rate_ratio/raw/rigorous/task_0114_L26_V3.90_R0.5_s4226007/result.json.tmp,,,,,,,,,,,,,,,,
115,26,3.9,0.5,4226008,numerical_diagnostic_exceeds_tolerance,SIGN_IMAG,1e-07,1.356448025682007e-07,1.356448025682007,2.7656525047768447e-12,2.7656525047768447e-05,9.503216015388012e-10,0.009503216015388012,0,0.3016,0.8654408260869565,5000,1.356448025682007,/home/sunxr/PfQMC-main/reproduction/driven_kitaev/results/driven_critical_rate_ratio/raw/rigorous/task_0115_L26_V3.90_R0.5_s4226008/result.json.tmp,,,,,,,,,,,,,,,,
116,26,3.9,0.5,4226009,numerical_diagnostic_exceeds_tolerance,SIGN_IMAG,1e-07,3.178988930201085e-07,3.1789889302010854,5.272384969568901e-12,5.2723849695689016e-05,1.2116371957016698e-09,0.0121163719570167,0,0.316,0.8654413623188406,5000,3.1789889302010854,/home/sunxr/PfQMC-main/reproduction/driven_kitaev/results/driven_critical_rate_ratio/raw/rigorous/task_0116_L26_V3.90_R0.5_s4226009/result.json.tmp,,,,,,,,,,,,,,,,
117,26,3.9,0.5,4226010,numerical_diagnostic_exceeds_tolerance,SIGN_IMAG,1e-07,1.4096469450705864e-07,1.4096469450705864,2.87815249326698e-12,2.8781524932669802e-05,4.037844747313118e-10,0.004037844747313118,0,0.3264,0.8654005507246377,5000,1.4096469450705864,/home/sunxr/PfQMC-main/reproduction/driven_kitaev/results/driven_critical_rate_ratio/raw/rigorous/task_0117_L26_V3.90_R0.5_s4226010/result.json.tmp,,,,,,,,,,,,,,,,
119,26,3.9,0.5,4226012,numerical_diagnostic_exceeds_tolerance,SIGN_IMAG,1e-07,2.6799912367640467e-06,26.79991236764047,1.4329649005159983e-12,1.4329649005159984e-05,7.123377738652755e-09,0.07123377738652756,0,0.348,0.8654550724637681,5000,26.79991236764047,/home/sunxr/PfQMC-main/reproduction/driven_kitaev/results/driven_critical_rate_ratio/raw/rigorous/task_0119_L26_V3.90_R0.5_s4226012/result.json.tmp,,,,,,,,,,,,,,,,
120,26,3.9,1.0,4226001,numerical_diagnostic_exceeds_tolerance,GREEN_SKEW,1e-07,7.522939570644285e-08,0.7522939570644286,3.280769436764408e-11,0.0003280769436764408,1.3011005710583014e-07,1.3011005710583015,0,0.56,0.9062255353535353,5000,1.3011005710583015,/home/sunxr/PfQMC-main/reproduction/driven_kitaev/results/driven_critical_rate_ratio/raw/rigorous/task_0120_L26_V3.90_R1.0_s4226001/result.json.tmp,,,,,,,,,,,,,,,,
122,26,3.9,1.0,4226003,numerical_diagnostic_exceeds_tolerance,GREEN_SKEW,1e-07,2.4664912707588765e-09,0.024664912707588766,9.326046510832383e-12,9.326046510832384e-05,1.0633317993889071e-07,1.063331799388907,0,0.5824,0.9062300808080808,5000,1.063331799388907,/home/sunxr/PfQMC-main/reproduction/driven_kitaev/results/driven_critical_rate_ratio/raw/rigorous/task_0122_L26_V3.90_R1.0_s4226003/result.json.tmp,,,,,,,,,,,,,,,,
128,26,3.9,1.0,4226009,numerical_diagnostic_exceeds_tolerance,SIGN_IMAG,1e-07,1.2428761570914026e-07,1.2428761570914026,4.240512265239431e-12,4.240512265239431e-05,1.11640427346762e-09,0.011164042734676199,0,0.5652,0.9062393131313131,5000,1.2428761570914026,/home/sunxr/PfQMC-main/reproduction/driven_kitaev/results/driven_critical_rate_ratio/raw/rigorous/task_0128_L26_V3.90_R1.0_s4226009/result.json.tmp,,,,,,,,,,,,,,,,
144,26,3.95,0.5,4226001,numerical_diagnostic_exceeds_tolerance,SIGN_IMAG,1e-07,8.949747184565929e-07,8.949747184565929,1.054366033769539e-11,0.0001054366033769539,4.078189805658358e-09,0.04078189805658358,0,0.308,0.8636716690647482,5000,8.949747184565929,/home/sunxr/PfQMC-main/reproduction/driven_kitaev/results/driven_critical_rate_ratio/raw/rigorous/task_0144_L26_V3.95_R0.5_s4226001/result.json.tmp,,,,,,,,,,,,,,,,
147,26,3.95,0.5,4226004,numerical_diagnostic_exceeds_tolerance,SIGN_IMAG,1e-07,4.345322089305463e-06,43.45322089305463,9.98872022780288e-11,0.0009988720227802881,7.562549518968292e-09,0.07562549518968292,0,0.32,0.8636724748201439,5000,43.45322089305463,/home/sunxr/PfQMC-main/reproduction/driven_kitaev/results/driven_critical_rate_ratio/raw/rigorous/task_0147_L26_V3.95_R0.5_s4226004/result.json.tmp,,,,,,,,,,,,,,,,
149,26,3.95,0.5,4226006,numerical_diagnostic_exceeds_tolerance,SIGN_IMAG,1e-07,4.047441408507888e-07,4.047441408507888,6.762625010096785e-11,0.0006762625010096785,2.8998682309972536e-08,0.2899868230997254,0,0.3064,0.863656690647482,5000,4.047441408507888,/home/sunxr/PfQMC-main/reproduction/driven_kitaev/results/driven_critical_rate_ratio/raw/rigorous/task_0149_L26_V3.95_R0.5_s4226006/result.json.tmp,,,,,,,,,,,,,,,,
150,26,3.95,0.5,4226007,numerical_diagnostic_exceeds_tolerance,SIGN_IMAG,1e-07,1.6834398687628294e-07,1.6834398687628296,7.02840491492085e-09,0.07028404914920851,4.2426752866160626e-08,0.4242675286616063,0,0.3068,0.8637590503597122,5000,1.6834398687628296,/home/sunxr/PfQMC-main/reproduction/driven_kitaev/results/driven_critical_rate_ratio/raw/rigorous/task_0150_L26_V3.95_R0.5_s4226007/result.json.tmp,,,,,,,,,,,,,,,,
152,26,3.95,0.5,4226009,numerical_diagnostic_exceeds_tolerance,SIGN_IMAG,1e-07,2.2292439625117486e-07,2.229243962511749,5.833098476763128e-12,5.833098476763128e-05,3.3466591662885253e-09,0.03346659166288526,0,0.3156,0.8637624460431654,5000,2.229243962511749,/home/sunxr/PfQMC-main/reproduction/driven_kitaev/results/driven_critical_rate_ratio/raw/rigorous/task_0152_L26_V3.95_R0.5_s4226009/result.json.tmp,,,,,,,,,,,,,,,,
181,26,4.0,0.5,4226002,numerical_diagnostic_exceeds_tolerance,SIGN_IMAG,1e-07,1.3963529821393102e-07,1.3963529821393104,2.1823412073968636e-13,2.1823412073968637e-06,5.250182969781222e-10,0.005250182969781222,0,0.2948,0.8620192571428571,5000,1.3963529821393104,/home/sunxr/PfQMC-main/reproduction/driven_kitaev/results/driven_critical_rate_ratio/raw/rigorous/task_0181_L26_V4.00_R0.5_s4226002/result.json.tmp,,,,,,,,,,,,,,,,
182,26,4.0,0.5,4226003,numerical_diagnostic_exceeds_tolerance,SIGN_IMAG,1e-07,1.617421207497049e-07,1.617421207497049,7.586573660805284e-13,7.5865736608052845e-06,3.9211483969847075e-10,0.003921148396984707,0,0.2928,0.8620061714285714,5000,1.617421207497049,/home/sunxr/PfQMC-main/reproduction/driven_kitaev/results/driven_critical_rate_ratio/raw/rigorous/task_0182_L26_V4.00_R0.5_s4226003/result.json.tmp,,,,,,,,,,,,,,,,
183,26,4.0,0.5,4226004,numerical_diagnostic_exceeds_tolerance,SIGN_IMAG,1e-07,5.036928143484475e-07,5.036928143484475,4.1336973720755584e-13,4.133697372075559e-06,2.1569270814998862e-09,0.02156927081499886,0,0.3012,0.8620069142857143,5000,5.036928143484475,/home/sunxr/PfQMC-main/reproduction/driven_kitaev/results/driven_critical_rate_ratio/raw/rigorous/task_0183_L26_V4.00_R0.5_s4226004/result.json.tmp,,,,,,,,,,,,,,,,
184,26,4.0,0.5,4226005,numerical_diagnostic_exceeds_tolerance,SIGN_IMAG,1e-07,1.3846557980194395e-07,1.3846557980194396,2.4250593266970145e-13,2.4250593266970144e-06,2.7063292790492036e-10,0.002706329279049204,0,0.2948,0.8620445571428571,5000,1.3846557980194396,/home/sunxr/PfQMC-main/reproduction/driven_kitaev/results/driven_critical_rate_ratio/raw/rigorous/task_0184_L26_V4.00_R0.5_s4226005/result.json.tmp,,,,,,,,,,,,,,,,
185,26,4.0,0.5,4226006,numerical_diagnostic_exceeds_tolerance,SIGN_IMAG,1e-07,1.1722949135699964e-07,1.1722949135699965,4.4210830765768273e-13,4.421083076576828e-06,3.898986996953405e-10,0.0038989869969534054,0,0.2996,0.8620371714285714,5000,1.1722949135699965,/home/sunxr/PfQMC-main/reproduction/driven_kitaev/results/driven_critical_rate_ratio/raw/rigorous/task_0185_L26_V4.00_R0.5_s4226006/result.json.tmp,,,,,,,,,,,,,,,,
187,26,4.0,0.5,4226008,numerical_diagnostic_exceeds_tolerance,SIGN_IMAG,1e-07,6.537127896323066e-07,6.537127896323066,6.517777889809856e-12,6.517777889809856e-05,1.6444071098798857e-08,0.16444071098798857,0,0.2816,0.8620083285714286,5000,6.537127896323066,/home/sunxr/PfQMC-main/reproduction/driven_kitaev/results/driven_critical_rate_ratio/raw/rigorous/task_0187_L26_V4.00_R0.5_s4226008/result.json.tmp,1547,640,SIGN_IMAG,1,1,0,-5.2454432000463439e-07,1.1343937658581934e-14,1.8680855075159275e-14,1.4976758497072281e-14,5.3006620630238637e-14,8.2791673261927434e-19,-3.6175430354100648e-18,-2.3295300460176182e-17,-1.6070758433765108e-17,harmless_complex_sign_drift
188,26,4.0,0.5,4226009,numerical_diagnostic_exceeds_tolerance,SIGN_IMAG,1e-07,1.385066558684199e-07,1.385066558684199,2.239296950988054e-12,2.239296950988054e-05,1.3374411199174953e-09,0.013374411199174954,0,0.3096,0.8620197142857143,5000,1.385066558684199,/home/sunxr/PfQMC-main/reproduction/driven_kitaev/results/driven_critical_rate_ratio/raw/rigorous/task_0188_L26_V4.00_R0.5_s4226009/result.json.tmp,,,,,,,,,,,,,,,,
191,26,4.0,0.5,4226012,numerical_diagnostic_exceeds_tolerance,SIGN_IMAG,1e-07,2.2656554050342119e-07,2.265655405034212,3.1218952296919113e-12,3.1218952296919115e-05,1.7304117859443874e-09,0.017304117859443875,0,0.3064,0.8620396285714286,5000,2.265655405034212,/home/sunxr/PfQMC-main/reproduction/driven_kitaev/results/driven_critical_rate_ratio/raw/rigorous/task_0191_L26_V4.00_R0.5_s4226012/result.json.tmp,,,,,,,,,,,,,,,,
192,26,4.0,1.0,4226001,numerical_diagnostic_exceeds_tolerance,SIGN_IMAG,1e-07,2.790759243774018e-07,2.7907592437740183,4.782287973634658e-12,4.782287973634658e-05,1.8263258266229118e-09,0.01826325826622912,0,0.5072,0.90350768,5000,2.7907592437740183,/home/sunxr/PfQMC-main/reproduction/driven_kitaev/results/driven_critical_rate_ratio/raw/rigorous/task_0192_L26_V4.00_R1.0_s4226001/result.json.tmp,,,,,,,,,,,,,,,,
200,26,4.0,1.0,4226009,numerical_diagnostic_exceeds_tolerance,SIGN_IMAG,1e-07,2.8451252251044634e-07,2.8451252251044634,8.526530281336286e-13,8.526530281336287e-06,3.149365586377244e-09,0.031493655863772445,0,0.5284,0.90345878,5000,2.8451252251044634,/home/sunxr/PfQMC-main/reproduction/driven_kitaev/results/driven_critical_rate_ratio/raw/rigorous/task_0200_L26_V4.00_R1.0_s4226009/result.json.tmp,,,,,,,,,,,,,,,,
216,26,4.05,0.5,4226001,numerical_diagnostic_exceeds_tolerance,SIGN_IMAG,1e-07,1.9626244350350953e-07,1.9626244350350954,5.363441986654548e-10,0.005363441986654549,4.826023767061198e-08,0.48260237670611983,0,0.2872,0.8603456170212765,5000,1.9626244350350954,/home/sunxr/PfQMC-main/reproduction/driven_kitaev/results/driven_critical_rate_ratio/raw/rigorous/task_0216_L26_V4.05_R0.5_s4226001/result.json.tmp,,,,,,,,,,,,,,,,
220,26,4.05,0.5,4226005,numerical_diagnostic_exceeds_tolerance,SIGN_IMAG,1e-07,1.0931331241135217e-07,1.0931331241135218,6.81679550370891e-11,0.000681679550370891,6.718860689120687e-09,0.06718860689120687,0,0.29,0.8603939574468085,5000,1.0931331241135218,/home/sunxr/PfQMC-main/reproduction/driven_kitaev/results/driven_critical_rate_ratio/raw/rigorous/task_0220_L26_V4.05_R0.5_s4226005/result.json.tmp,,,,,,,,,,,,,,,,
221,26,4.05,0.5,4226006,numerical_diagnostic_exceeds_tolerance,SIGN_IMAG,1e-07,6.486921758692476e-07,6.486921758692476,1.5116301595514952e-10,0.0015116301595514954,1.6427141873876719e-09,0.01642714187387672,0,0.2752,0.8602902553191489,5000,6.486921758692476,/home/sunxr/PfQMC-main/reproduction/driven_kitaev/results/driven_critical_rate_ratio/raw/rigorous/task_0221_L26_V4.05_R0.5_s4226006/result.json.tmp,,,,,,,,,,,,,,,,
222,26,4.05,0.5,4226007,numerical_diagnostic_exceeds_tolerance,SIGN_IMAG,1e-07,2.167123665287903e-07,2.167123665287903,1.1196105913328003e-11,0.00011196105913328003,1.2191001985684194e-08,0.12191001985684194,0,0.2752,0.8603673049645391,5000,2.167123665287903,/home/sunxr/PfQMC-main/reproduction/driven_kitaev/results/driven_critical_rate_ratio/raw/rigorous/task_0222_L26_V4.05_R0.5_s4226007/result.json.tmp,,,,,,,,,,,,,,,,
223,26,4.05,0.5,4226008,numerical_diagnostic_exceeds_tolerance,SIGN_IMAG,1e-07,1.0546473907653686e-07,1.0546473907653686,4.455311918073734e-12,4.455311918073734e-05,2.6194302249556362e-09,0.026194302249556364,0,0.2772,0.8603660141843972,5000,1.0546473907653686,/home/sunxr/PfQMC-main/reproduction/driven_kitaev/results/driven_critical_rate_ratio/raw/rigorous/task_0223_L26_V4.05_R0.5_s4226008/result.json.tmp,,,,,,,,,,,,,,,,
225,26,4.05,0.5,4226010,numerical_diagnostic_exceeds_tolerance,SIGN_IMAG,1e-07,2.1752682411858514e-06,21.752682411858515,1.3893306894399019e-11,0.00013893306894399019,8.654573503519966e-09,0.08654573503519966,0,0.2816,0.860322,5000,21.752682411858515,/home/sunxr/PfQMC-main/reproduction/driven_kitaev/results/driven_critical_rate_ratio/raw/rigorous/task_0225_L26_V4.05_R0.5_s4226010/result.json.tmp,,,,,,,,,,,,,,,,
255,26,4.1,0.5,4226004,numerical_diagnostic_exceeds_tolerance,GREEN_SKEW,1e-07,4.366206077952099e-08,0.43662060779520995,9.594477571504382e-11,0.0009594477571504383,1.5797001526145957e-07,1.5797001526145957,0,0.256,0.8587013239436619,5000,1.5797001526145957,/home/sunxr/PfQMC-main/reproduction/driven_kitaev/results/driven_critical_rate_ratio/raw/rigorous/task_0255_L26_V4.10_R0.5_s4226004/result.json.tmp,,,,,,,,,,,,,,,,
256,26,4.1,0.5,4226005,numerical_diagnostic_exceeds_tolerance,SIGN_IMAG,1e-07,3.8613435862892864e-07,3.8613435862892866,9.138195924234767e-11,0.0009138195924234768,1.9633579727632715e-08,0.19633579727632716,0,0.2744,0.8586914084507042,5000,3.8613435862892866,/home/sunxr/PfQMC-main/reproduction/driven_kitaev/results/driven_critical_rate_ratio/raw/rigorous/task_0256_L26_V4.10_R0.5_s4226005/result.json.tmp,,,,,,,,,,,,,,,,
257,26,4.1,0.5,4226006,numerical_diagnostic_exceeds_tolerance,SIGN_IMAG;GREEN_SKEW,1e-07,3.81312878065714e-07,3.81312878065714,6.945653714603303e-10,0.006945653714603303,1.4866361406588776e-06,14.866361406588776,0,0.248,0.8586671690140845,5000,14.866361406588776,/home/sunxr/PfQMC-main/reproduction/driven_kitaev/results/driven_critical_rate_ratio/raw/rigorous/task_0257_L26_V4.10_R0.5_s4226006/result.json.tmp,,,,,,,,,,,,,,,,
259,26,4.1,0.5,4226008,numerical_diagnostic_exceeds_tolerance,SIGN_IMAG;GREEN_SKEW,1e-07,4.338045559203749e-07,4.338045559203749,9.401381834406652e-10,0.009401381834406652,2.7301769584583857e-07,2.7301769584583857,0,0.2676,0.8587042676056338,5000,4.338045559203749,/home/sunxr/PfQMC-main/reproduction/driven_kitaev/results/driven_critical_rate_ratio/raw/rigorous/task_0259_L26_V4.10_R0.5_s4226008/result.json.tmp,,,,,,,,,,,,,,,,
260,26,4.1,0.5,4226009,numerical_diagnostic_exceeds_tolerance,SIGN_IMAG,1e-07,1.0335392687109759e-07,1.033539268710976,9.813459387897867e-11,0.0009813459387897868,3.095076284184612e-08,0.30950762841846124,0,0.25,0.8586201408450704,5000,1.033539268710976,/home/sunxr/PfQMC-main/reproduction/driven_kitaev/results/driven_critical_rate_ratio/raw/rigorous/task_0260_L26_V4.10_R0.5_s4226009/result.json.tmp,,,,,,,,,,,,,,,,
261,26,4.1,0.5,4226010,numerical_diagnostic_exceeds_tolerance,SIGN_IMAG,1e-07,2.7419133121469485e-07,2.7419133121469486,1.9911869108115343e-10,0.0019911869108115345,4.2722520176630765e-08,0.4272252017663077,0,0.2676,0.8586570985915493,5000,2.7419133121469486,/home/sunxr/PfQMC-main/reproduction/driven_kitaev/results/driven_critical_rate_ratio/raw/rigorous/task_0261_L26_V4.10_R0.5_s4226010/result.json.tmp,,,,,,,,,,,,,,,,
262,26,4.1,0.5,4226011,numerical_diagnostic_exceeds_tolerance,SIGN_IMAG;GREEN_SKEW,1e-07,1.7665417145695274e-06,17.665417145695276,1.8759196311220776e-09,0.018759196311220777,2.145037458791864e-07,2.145037458791864,0,0.2456,0.8587615774647888,5000,17.665417145695276,/home/sunxr/PfQMC-main/reproduction/driven_kitaev/results/driven_critical_rate_ratio/raw/rigorous/task_0262_L26_V4.10_R0.5_s4226011/result.json.tmp,,,,,,,,,,,,,,,,
263,26,4.1,0.5,4226012,numerical_diagnostic_exceeds_tolerance,SIGN_IMAG;GREEN_SKEW,1e-07,4.927856409025487e-07,4.9278564090254875,1.3008779610302127e-10,0.0013008779610302126,1.9201655844935358e-07,1.920165584493536,0,0.2644,0.8586543802816902,5000,4.9278564090254875,/home/sunxr/PfQMC-main/reproduction/driven_kitaev/results/driven_critical_rate_ratio/raw/rigorous/task_0263_L26_V4.10_R0.5_s4226012/result.json.tmp,,,,,,,,,,,,,,,,
270,26,4.1,1.0,4226007,numerical_diagnostic_exceeds_tolerance,SIGN_IMAG,1e-07,3.213599320695869e-07,3.2135993206958693,2.0908394662260622e-12,2.0908394662260623e-05,1.358952837559309e-09,0.013589528375593091,0,0.4652,0.9006716831683168,5000,3.2135993206958693,/home/sunxr/PfQMC-main/reproduction/driven_kitaev/results/driven_critical_rate_ratio/raw/rigorous/task_0270_L26_V4.10_R1.0_s4226007/result.json.tmp,,,,,,,,,,,,,,,,
272,26,4.1,1.0,4226009,numerical_diagnostic_exceeds_tolerance,SIGN_IMAG,1e-07,1.0877077791088142e-07,1.0877077791088143,6.002868048868812e-10,0.006002868048868812,1.5494603160963863e-09,0.015494603160963865,0,0.4828,0.9006233663366336,5000,1.0877077791088143,/home/sunxr/PfQMC-main/reproduction/driven_kitaev/results/driven_critical_rate_ratio/raw/rigorous/task_0272_L26_V4.10_R1.0_s4226009/result.json.tmp,,,,,,,,,,,,,,,,
273,26,4.1,1.0,4226010,numerical_diagnostic_exceeds_tolerance,SIGN_IMAG;GREEN_SKEW,1e-07,3.471637252026525e-07,3.471637252026525,3.849135640459842e-10,0.003849135640459842,1.0656438585508345e-07,1.0656438585508345,0,0.4604,0.9006685742574257,5000,3.471637252026525,/home/sunxr/PfQMC-main/reproduction/driven_kitaev/results/driven_critical_rate_ratio/raw/rigorous/task_0273_L26_V4.10_R1.0_s4226010/result.json.tmp,,,,,,,,,,,,,,,,
275,26,4.1,1.0,4226012,numerical_diagnostic_exceeds_tolerance,GREEN_SKEW,1e-07,8.383041856318396e-08,0.8383041856318396,8.965295397747066e-11,0.0008965295397747067,2.576695880014797e-07,2.576695880014797,0,0.5104,0.9007134257425743,5000,2.576695880014797,/home/sunxr/PfQMC-main/reproduction/driven_kitaev/results/driven_critical_rate_ratio/raw/rigorous/task_0275_L26_V4.10_R1.0_s4226012/result.json.tmp,,,,,,,,,,,,,,,,
288,26,4.15,0.5,4226001,numerical_diagnostic_exceeds_tolerance,SIGN_IMAG,1e-07,4.402483745215438e-07,4.402483745215438,2.2200127991097757e-11,0.00022200127991097758,1.356197822349675e-09,0.01356197822349675,0,0.2252,0.857010979020979,5000,4.402483745215438,/home/sunxr/PfQMC-main/reproduction/driven_kitaev/results/driven_critical_rate_ratio/raw/rigorous/task_0288_L26_V4.15_R0.5_s4226001/result.json.tmp,,,,,,,,,,,,,,,,
291,26,4.15,0.5,4226004,numerical_diagnostic_exceeds_tolerance,SIGN_IMAG,1e-07,6.938929924330177e-06,69.38929924330178,1.816768674884998e-12,1.816768674884998e-05,1.0348464328961661e-09,0.010348464328961662,0,0.2204,0.8570237342657343,5000,69.38929924330178,/home/sunxr/PfQMC-main/reproduction/driven_kitaev/results/driven_critical_rate_ratio/raw/rigorous/task_0291_L26_V4.15_R0.5_s4226004/result.json.tmp,,,,,,,,,,,,,,,,
293,26,4.15,0.5,4226006,numerical_diagnostic_exceeds_tolerance,SIGN_IMAG,1e-07,1.8501355206274694e-07,1.8501355206274694,6.197722205709436e-11,0.0006197722205709437,1.468494571203083e-08,0.1468494571203083,0,0.23,0.8569425874125874,5000,1.8501355206274694,/home/sunxr/PfQMC-main/reproduction/driven_kitaev/results/driven_critical_rate_ratio/raw/rigorous/task_0293_L26_V4.15_R0.5_s4226006/result.json.tmp,,,,,,,,,,,,,,,,
294,26,4.15,0.5,4226007,numerical_diagnostic_exceeds_tolerance,SIGN_IMAG,1e-07,3.032043460103001e-07,3.032043460103001,5.43649454402662e-10,0.00543649454402662,1.4456436492379649e-08,0.14456436492379648,0,0.2452,0.8569624615384616,5000,3.032043460103001,/home/sunxr/PfQMC-main/reproduction/driven_kitaev/results/driven_critical_rate_ratio/raw/rigorous/task_0294_L26_V4.15_R0.5_s4226007/result.json.tmp,,,,,,,,,,,,,,,,
296,26,4.15,0.5,4226009,numerical_diagnostic_exceeds_tolerance,SIGN_IMAG,1e-07,5.560105777224892e-07,5.5601057772248925,1.2372831703321946e-11,0.00012372831703321945,1.1108607297732081e-09,0.011108607297732082,0,0.24,0.8569157622377622,5000,5.5601057772248925,/home/sunxr/PfQMC-main/reproduction/driven_kitaev/results/driven_critical_rate_ratio/raw/rigorous/task_0296_L26_V4.15_R0.5_s4226009/result.json.tmp,,,,,,,,,,,,,,,,
298,26,4.15,0.5,4226011,numerical_diagnostic_exceeds_tolerance,SIGN_IMAG,1e-07,1.3907322221018625e-07,1.3907322221018625,2.1795291790734652e-10,0.002179529179073465,1.1586710711885398e-08,0.11586710711885398,0,0.2456,0.8570116363636363,5000,1.3907322221018625,/home/sunxr/PfQMC-main/reproduction/driven_kitaev/results/driven_critical_rate_ratio/raw/rigorous/task_0298_L26_V4.15_R0.5_s4226011/result.json.tmp,,,,,,,,,,,,,,,,
324,26,4.2,0.5,4226001,numerical_diagnostic_exceeds_tolerance,SIGN_IMAG;GREEN_SKEW,1e-07,3.0332644177973903e-06,30.332644177973904,6.67298889096829e-08,0.667298889096829,2.6356542390067633e-07,2.6356542390067634,0,0.224,0.8553067222222223,5000,30.332644177973904,/home/sunxr/PfQMC-main/reproduction/driven_kitaev/results/driven_critical_rate_ratio/raw/rigorous/task_0324_L26_V4.20_R0.5_s4226001/result.json.tmp,17,656,SIGN_IMAG,1,1,0,-1.019428706079554e-07,2.791259803866917e-14,2.6452838960823283e-13,1.4531059107054605e-12,6.3067129488232031e-14,-1.1338511993510818e-17,-1.9998345388184959e-18,3.9214010469203033e-17,-2.4726478868243011e-17,harmless_complex_sign_drift
325,26,4.2,0.5,4226002,numerical_diagnostic_exceeds_tolerance,SIGN_IMAG,1e-07,5.104062683784084e-07,5.1040626837840835,5.172364739173706e-10,0.005172364739173706,2.2796485050519944e-08,0.22796485050519943,0,0.2432,0.8553908888888889,5000,5.1040626837840835,/home/sunxr/PfQMC-main/reproduction/driven_kitaev/results/driven_critical_rate_ratio/raw/rigorous/task_0325_L26_V4.20_R0.5_s4226002/result.json.tmp,,,,,,,,,,,,,,,,
327,26,4.2,0.5,4226004,numerical_diagnostic_exceeds_tolerance,SIGN_IMAG,1e-07,1.3019215974603218e-06,13.019215974603219,1.3802178679523277e-10,0.0013802178679523278,5.0645511624385694e-08,0.506455116243857,0,0.2252,0.855388875,5000,13.019215974603219,/home/sunxr/PfQMC-main/reproduction/driven_kitaev/results/driven_critical_rate_ratio/raw/rigorous/task_0327_L26_V4.20_R0.5_s4226004/result.json.tmp,,,,,,,,,,,,,,,,
328,26,4.2,0.5,4226005,numerical_diagnostic_exceeds_tolerance,SIGN_IMAG,1e-07,1.564704112646494e-07,1.564704112646494,2.091125596093232e-10,0.002091125596093232,8.626058328668761e-08,0.8626058328668761,0,0.2284,0.8553302222222222,5000,1.564704112646494,/home/sunxr/PfQMC-main/reproduction/driven_kitaev/results/driven_critical_rate_ratio/raw/rigorous/task_0328_L26_V4.20_R0.5_s4226005/result.json.tmp,,,,,,,,,,,,,,,,
329,26,4.2,0.5,4226006,numerical_diagnostic_exceeds_tolerance,SIGN_IMAG,1e-07,2.0326776122974688e-07,2.032677612297469,1.7037022635307213e-10,0.0017037022635307214,1.1453153362109994e-08,0.11453153362109994,0,0.2224,0.8553407083333333,5000,2.032677612297469,/home/sunxr/PfQMC-main/reproduction/driven_kitaev/results/driven_critical_rate_ratio/raw/rigorous/task_0329_L26_V4.20_R0.5_s4226006/result.json.tmp,,,,,,,,,,,,,,,,
330,26,4.2,0.5,4226007,numerical_diagnostic_exceeds_tolerance,SIGN_IMAG,1e-07,5.408775522189887e-07,5.408775522189887,2.1416252123111973e-11,0.00021416252123111974,2.6289310162835706e-08,0.26289310162835705,0,0.2372,0.8553388194444445,5000,5.408775522189887,/home/sunxr/PfQMC-main/reproduction/driven_kitaev/results/driven_critical_rate_ratio/raw/rigorous/task_0330_L26_V4.20_R0.5_s4226007/result.json.tmp,,,,,,,,,,,,,,,,
331,26,4.2,0.5,4226008,numerical_diagnostic_exceeds_tolerance,SIGN_IMAG,1e-07,1.1134547231808964e-06,11.134547231808964,1.1269559068607907e-10,0.0011269559068607907,1.4150449572656768e-08,0.14150449572656768,0,0.2288,0.8553328055555556,5000,11.134547231808964,/home/sunxr/PfQMC-main/reproduction/driven_kitaev/results/driven_critical_rate_ratio/raw/rigorous/task_0331_L26_V4.20_R0.5_s4226008/result.json.tmp,,,,,,,,,,,,,,,,
332,26,4.2,0.5,4226009,numerical_diagnostic_exceeds_tolerance,SIGN_IMAG,1e-07,3.150889933508397e-07,3.1508899335083975,4.8366081659842966e-11,0.0004836608165984297,1.4975386699796963e-08,0.14975386699796964,0,0.2208,0.8553109722222222,5000,3.1508899335083975,/home/sunxr/PfQMC-main/reproduction/driven_kitaev/results/driven_critical_rate_ratio/raw/rigorous/task_0332_L26_V4.20_R0.5_s4226009/result.json.tmp,,,,,,,,,,,,,,,,
333,26,4.2,0.5,4226010,numerical_diagnostic_exceeds_tolerance,SIGN_IMAG,1e-07,1.7144411936873765e-07,1.7144411936873767,5.882662734145774e-11,0.0005882662734145775,1.3194103251388047e-08,0.13194103251388048,0,0.2108,0.8552982777777778,5000,1.7144411936873767,/home/sunxr/PfQMC-main/reproduction/driven_kitaev/results/driven_critical_rate_ratio/raw/rigorous/task_0333_L26_V4.20_R0.5_s4226010/result.json.tmp,,,,,,,,,,,,,,,,
334,26,4.2,0.5,4226011,numerical_diagnostic_exceeds_tolerance,SIGN_IMAG,1e-07,2.746292370381504e-07,2.7462923703815045,1.4027957432581303e-10,0.0014027957432581305,2.3396836880678888e-08,0.2339683688067889,0,0.2292,0.8553531527777778,5000,2.7462923703815045,/home/sunxr/PfQMC-main/reproduction/driven_kitaev/results/driven_critical_rate_ratio/raw/rigorous/task_0334_L26_V4.20_R0.5_s4226011/result.json.tmp,,,,,,,,,,,,,,,,
335,26,4.2,0.5,4226012,numerical_diagnostic_exceeds_tolerance,SIGN_IMAG,1e-07,1.788991229597333e-07,1.7889912295973331,3.9230279931491095e-11,0.000392302799314911,6.043323163354042e-09,0.060433231633540425,0,0.2296,0.8553619166666667,5000,1.7889912295973331,/home/sunxr/PfQMC-main/reproduction/driven_kitaev/results/driven_critical_rate_ratio/raw/rigorous/task_0335_L26_V4.20_R0.5_s4226012/result.json.tmp,,,,,,,,,,,,,,,,
336,26,4.2,1.0,4226001,numerical_diagnostic_exceeds_tolerance,GREEN_SKEW,1e-07,1.2928220853912793e-08,0.12928220853912795,1.2383300668029772e-09,0.012383300668029774,1.202340920558592e-07,1.2023409205585922,0,0.4464,0.8979395882352941,5000,1.2023409205585922,/home/sunxr/PfQMC-main/reproduction/driven_kitaev/results/driven_critical_rate_ratio/raw/rigorous/task_0336_L26_V4.20_R1.0_s4226001/result.json.tmp,,,,,,,,,,,,,,,,
338,26,4.2,1.0,4226003,numerical_diagnostic_exceeds_tolerance,SIGN_IMAG,1e-07,2.1665829377547831e-07,2.166582937754783,7.026937572676244e-10,0.0070269375726762446,8.756292977337635e-08,0.8756292977337635,0,0.4604,0.8979908431372549,5000,2.166582937754783,/home/sunxr/PfQMC-main/reproduction/driven_kitaev/results/driven_critical_rate_ratio/raw/rigorous/task_0338_L26_V4.20_R1.0_s4226003/result.json.tmp,,,,,,,,,,,,,,,,
339,26,4.2,1.0,4226004,numerical_diagnostic_exceeds_tolerance,SIGN_IMAG,1e-07,4.82833574865195e-07,4.82833574865195,9.449974336868546e-11,0.0009449974336868546,2.097447789538169e-08,0.2097447789538169,0,0.4736,0.897957568627451,5000,4.82833574865195,/home/sunxr/PfQMC-main/reproduction/driven_kitaev/results/driven_critical_rate_ratio/raw/rigorous/task_0339_L26_V4.20_R1.0_s4226004/result.json.tmp,,,,,,,,,,,,,,,,
340,26,4.2,1.0,4226005,numerical_diagnostic_exceeds_tolerance,SIGN_IMAG,1e-07,1.338466185615387e-07,1.338466185615387,9.0626759704033e-11,0.00090626759704033,1.2742864322913662e-08,0.12742864322913663,0,0.4456,0.8979726470588235,5000,1.338466185615387,/home/sunxr/PfQMC-main/reproduction/driven_kitaev/results/driven_critical_rate_ratio/raw/rigorous/task_0340_L26_V4.20_R1.0_s4226005/result.json.tmp,,,,,,,,,,,,,,,,
344,26,4.2,1.0,4226009,numerical_diagnostic_exceeds_tolerance,GREEN_SKEW,1e-07,6.852804532924583e-08,0.6852804532924583,2.955862087589299e-11,0.00029558620875892993,2.2313411060383348e-07,2.231341106038335,0,0.4584,0.897880862745098,5000,2.231341106038335,/home/sunxr/PfQMC-main/reproduction/driven_kitaev/results/driven_critical_rate_ratio/raw/rigorous/task_0344_L26_V4.20_R1.0_s4226009/result.json.tmp,,,,,,,,,,,,,,,,
360,26,4.25,0.5,4226001,numerical_diagnostic_exceeds_tolerance,SIGN_IMAG,1e-07,1.309648727882336e-07,1.309648727882336,5.267209243686676e-13,5.267209243686676e-06,1.755456895393217e-09,0.017554568953932172,0,0.2104,0.8537048275862069,5000,1.309648727882336,/home/sunxr/PfQMC-main/reproduction/driven_kitaev/results/driven_critical_rate_ratio/raw/rigorous/task_0360_L26_V4.25_R0.5_s4226001/result.json.tmp,,,,,,,,,,,,,,,,
361,26,4.25,0.5,4226002,numerical_diagnostic_exceeds_tolerance,SIGN_IMAG,1e-07,1.8739819486596372e-07,1.8739819486596372,8.387219573484755e-12,8.387219573484756e-05,7.2599324122528115e-09,0.07259932412252812,0,0.212,0.8537142206896552,5000,1.8739819486596372,/home/sunxr/PfQMC-main/reproduction/driven_kitaev/results/driven_critical_rate_ratio/raw/rigorous/task_0361_L26_V4.25_R0.5_s4226002/result.json.tmp,,,,,,,,,,,,,,,,
362,26,4.25,0.5,4226003,numerical_diagnostic_exceeds_tolerance,SIGN_IMAG,1e-07,6.379682730120415e-07,6.3796827301204155,4.694581240459753e-13,4.694581240459754e-06,5.328188142191894e-10,0.005328188142191894,0,0.2364,0.8537273931034483,5000,6.3796827301204155,/home/sunxr/PfQMC-main/reproduction/driven_kitaev/results/driven_critical_rate_ratio/raw/rigorous/task_0362_L26_V4.25_R0.5_s4226003/result.json.tmp,,,,,,,,,,,,,,,,
363,26,4.25,0.5,4226004,numerical_diagnostic_exceeds_tolerance,SIGN_IMAG,1e-07,1.831510897564257e-07,1.8315108975642571,1.1172298416150219e-10,0.001117229841615022,8.881015006282311e-08,0.8881015006282311,0,0.2008,0.8536545793103448,5000,1.8315108975642571,/home/sunxr/PfQMC-main/reproduction/driven_kitaev/results/driven_critical_rate_ratio/raw/rigorous/task_0363_L26_V4.25_R0.5_s4226004/result.json.tmp,,,,,,,,,,,,,,,,
364,26,4.25,0.5,4226005,numerical_diagnostic_exceeds_tolerance,SIGN_IMAG,1e-07,5.305930587695411e-07,5.3059305876954115,1.517965975015019e-12,1.517965975015019e-05,5.682680598361722e-10,0.005682680598361722,0,0.2056,0.8536599448275862,5000,5.3059305876954115,/home/sunxr/PfQMC-main/reproduction/driven_kitaev/results/driven_critical_rate_ratio/raw/rigorous/task_0364_L26_V4.25_R0.5_s4226005/result.json.tmp,,,,,,,,,,,,,,,,
365,26,4.25,0.5,4226006,numerical_diagnostic_exceeds_tolerance,SIGN_IMAG,1e-07,1.0168836081684156e-06,10.168836081684155,4.084937015809206e-12,4.0849370158092066e-05,2.182965803653638e-09,0.02182965803653638,0,0.2068,0.8536928137931035,5000,10.168836081684155,/home/sunxr/PfQMC-main/reproduction/driven_kitaev/results/driven_critical_rate_ratio/raw/rigorous/task_0365_L26_V4.25_R0.5_s4226006/result.json.tmp,,,,,,,,,,,,,,,,
366,26,4.25,0.5,4226007,numerical_diagnostic_exceeds_tolerance,SIGN_IMAG,1e-07,2.0552918849084938e-07,2.055291884908494,1.441805609727421e-11,0.0001441805609727421,9.764305713711277e-09,0.09764305713711277,0,0.2168,0.8537638206896552,5000,2.055291884908494,/home/sunxr/PfQMC-main/reproduction/driven_kitaev/results/driven_critical_rate_ratio/raw/rigorous/task_0366_L26_V4.25_R0.5_s4226007/result.json.tmp,,,,,,,,,,,,,,,,
367,26,4.25,0.5,4226008,numerical_diagnostic_exceeds_tolerance,SIGN_IMAG,1e-07,9.780282784175532e-07,9.780282784175533,7.683772300888518e-13,7.683772300888518e-06,1.711666212514292e-09,0.01711666212514292,0,0.2156,0.8537253517241379,5000,9.780282784175533,/home/sunxr/PfQMC-main/reproduction/driven_kitaev/results/driven_critical_rate_ratio/raw/rigorous/task_0367_L26_V4.25_R0.5_s4226008/result.json.tmp,,,,,,,,,,,,,,,,
368,26,4.25,0.5,4226009,numerical_diagnostic_exceeds_tolerance,SIGN_IMAG,1e-07,2.092532074098325e-07,2.092532074098325,9.008448004329624e-12,9.008448004329624e-05,2.3932864855878158e-08,0.23932864855878158,0,0.2268,0.853682524137931,5000,2.092532074098325,/home/sunxr/PfQMC-main/reproduction/driven_kitaev/results/driven_critical_rate_ratio/raw/rigorous/task_0368_L26_V4.25_R0.5_s4226009/result.json.tmp,,,,,,,,,,,,,,,,
369,26,4.25,0.5,4226010,numerical_diagnostic_exceeds_tolerance,SIGN_IMAG,1e-07,2.628591284403547e-07,2.6285912844035475,4.0415069467231927e-11,0.00040415069467231927,1.7129897655112042e-08,0.17129897655112042,0,0.2056,0.8537204137931035,5000,2.6285912844035475,/home/sunxr/PfQMC-main/reproduction/driven_kitaev/results/driven_critical_rate_ratio/raw/rigorous/task_0369_L26_V4.25_R0.5_s4226010/result.json.tmp,,,,,,,,,,,,,,,,
370,26,4.25,0.5,4226011,numerical_diagnostic_exceeds_tolerance,SIGN_IMAG,1e-07,1.970120737931279e-06,19.70120737931279,1.7989629671134853e-12,1.7989629671134854e-05,2.1197445260000164e-09,0.021197445260000166,0,0.2188,0.8537260689655173,5000,19.70120737931279,/home/sunxr/PfQMC-main/reproduction/driven_kitaev/results/driven_critical_rate_ratio/raw/rigorous/task_0370_L26_V4.25_R0.5_s4226011/result.json.tmp,,,,,,,,,,,,,,,,
397,34,3.75,0.5,4234002,numerical_diagnostic_exceeds_tolerance,SIGN_IMAG,1e-07,1.2975719348205995e-07,1.2975719348205996,6.465128349038649e-13,6.46512834903865e-06,6.364833189531751e-10,0.006364833189531751,0,0.314,0.8708757239057239,5000,1.2975719348205996,/home/sunxr/PfQMC-main/reproduction/driven_kitaev/results/driven_critical_rate_ratio/raw/rigorous/task_0397_L34_V3.75_R0.5_s4234002/result.json.tmp,,,,,,,,,,,,,,,,
399,34,3.75,0.5,4234004,numerical_diagnostic_exceeds_tolerance,SIGN_IMAG,1e-07,2.6386409903322634e-06,26.386409903322633,1.589466775229141e-13,1.5894667752291409e-06,5.932881000182709e-10,0.005932881000182709,0,0.2896,0.870870505050505,5000,26.386409903322633,/home/sunxr/PfQMC-main/reproduction/driven_kitaev/results/driven_critical_rate_ratio/raw/rigorous/task_0399_L34_V3.75_R0.5_s4234004/result.json.tmp,,,,,,,,,,,,,,,,
401,34,3.75,0.5,4234006,numerical_diagnostic_exceeds_tolerance,SIGN_IMAG,1e-07,4.2045203782134976e-07,4.2045203782134974,1.3191033738052616e-12,1.3191033738052617e-05,6.98256812922027e-09,0.06982568129220271,0,0.3064,0.8708838271604938,5000,4.2045203782134974,/home/sunxr/PfQMC-main/reproduction/driven_kitaev/results/driven_critical_rate_ratio/raw/rigorous/task_0401_L34_V3.75_R0.5_s4234006/result.json.tmp,,,,,,,,,,,,,,,,
403,34,3.75,0.5,4234008,numerical_diagnostic_exceeds_tolerance,SIGN_IMAG,1e-07,1.0809504101136426e-06,10.809504101136426,3.224427215837944e-13,3.224427215837944e-06,3.153666359645956e-10,0.003153666359645956,0,0.2868,0.8709123905723906,5000,10.809504101136426,/home/sunxr/PfQMC-main/reproduction/driven_kitaev/results/driven_critical_rate_ratio/raw/rigorous/task_0403_L34_V3.75_R0.5_s4234008/result.json.tmp,,,,,,,,,,,,,,,,
404,34,3.75,0.5,4234009,numerical_diagnostic_exceeds_tolerance,SIGN_IMAG,1e-07,5.833427658107473e-07,5.833427658107474,7.165839747241747e-12,7.165839747241747e-05,2.31667834309461e-08,0.231667834309461,0,0.272,0.8708427721661055,5000,5.833427658107474,/home/sunxr/PfQMC-main/reproduction/driven_kitaev/results/driven_critical_rate_ratio/raw/rigorous/task_0404_L34_V3.75_R0.5_s4234009/result.json.tmp,,,,,,,,,,,,,,,,
406,34,3.75,0.5,4234011,numerical_diagnostic_exceeds_tolerance,SIGN_IMAG,1e-07,3.3186498952313565e-07,3.318649895231357,3.876104573298164e-12,3.876104573298164e-05,1.400394596478786e-09,0.014003945964787861,0,0.288,0.870849898989899,5000,3.318649895231357,/home/sunxr/PfQMC-main/reproduction/driven_kitaev/results/driven_critical_rate_ratio/raw/rigorous/task_0406_L34_V3.75_R0.5_s4234011/result.json.tmp,,,,,,,,,,,,,,,,
407,34,3.75,0.5,4234012,numerical_diagnostic_exceeds_tolerance,SIGN_IMAG,1e-07,1.5589811852223633e-07,1.5589811852223634,3.572050658060316e-13,3.5720506580603164e-06,8.401759302435444e-10,0.008401759302435445,0,0.3112,0.8709413131313132,5000,1.5589811852223634,/home/sunxr/PfQMC-main/reproduction/driven_kitaev/results/driven_critical_rate_ratio/raw/rigorous/task_0407_L34_V3.75_R0.5_s4234012/result.json.tmp,,,,,,,,,,,,,,,,
437,34,3.8,0.5,4234006,numerical_diagnostic_exceeds_tolerance,SIGN_IMAG,1e-07,3.053483932208527e-07,3.0534839322085268,2.715022035420084e-12,2.715022035420084e-05,3.4806370145784135e-09,0.03480637014578414,0,0.2728,0.8691691399286987,5000,3.0534839322085268,/home/sunxr/PfQMC-main/reproduction/driven_kitaev/results/driven_critical_rate_ratio/raw/rigorous/task_0437_L34_V3.80_R0.5_s4234006/result.json.tmp,,,,,,,,,,,,,,,,
439,34,3.8,0.5,4234008,numerical_diagnostic_exceeds_tolerance,SIGN_IMAG,1e-07,1.2330762327137808e-06,12.330762327137808,4.06171041226151e-11,0.00040617104122615106,6.194107445835628e-09,0.06194107445835628,0,0.2852,0.8692581996434937,5000,12.330762327137808,/home/sunxr/PfQMC-main/reproduction/driven_kitaev/results/driven_critical_rate_ratio/raw/rigorous/task_0439_L34_V3.80_R0.5_s4234008/result.json.tmp,,,,,,,,,,,,,,,,
442,34,3.8,0.5,4234011,numerical_diagnostic_exceeds_tolerance,SIGN_IMAG,1e-07,6.733550685267221e-07,6.733550685267221,1.1398424077411266e-12,1.1398424077411268e-05,2.290199634346479e-09,0.02290199634346479,0,0.2724,0.8692103721033868,5000,6.733550685267221,/home/sunxr/PfQMC-main/reproduction/driven_kitaev/results/driven_critical_rate_ratio/raw/rigorous/task_0442_L34_V3.80_R0.5_s4234011/result.json.tmp,,,,,,,,,,,,,,,,
443,34,3.8,0.5,4234012,numerical_diagnostic_exceeds_tolerance,SIGN_IMAG,1e-07,4.5843320818877194e-06,45.843320818877196,1.903841814175501e-12,1.9038418141755012e-05,4.226694234327692e-09,0.04226694234327692,0,0.2484,0.8691215129233512,5000,45.843320818877196,/home/sunxr/PfQMC-main/reproduction/driven_kitaev/results/driven_critical_rate_ratio/raw/rigorous/task_0443_L34_V3.80_R0.5_s4234012/result.json.tmp,2456,624,SIGN_IMAG,1,1,0,4.5815728591614913e-06,-3.6529782390647768e-14,6.5370889865326072e-13,4.6519656945073636e-12,5.169201313430806e-13,-6.9094704985864722e-15,-3.4570408564507902e-18,-4.6158149364332974e-15,2.3375672678935645e-16,harmless_complex_sign_drift
448,34,3.8,1.0,4234005,numerical_diagnostic_exceeds_tolerance,SIGN_IMAG,1e-07,1.0848991330547209e-07,1.0848991330547209,2.1433569709634212e-13,2.1433569709634213e-06,2.5349185435862104e-09,0.025349185435862107,0,0.5092,0.909224690785405,5000,1.0848991330547209,/home/sunxr/PfQMC-main/reproduction/driven_kitaev/results/driven_critical_rate_ratio/raw/rigorous/task_0448_L34_V3.80_R1.0_s4234005/result.json.tmp,,,,,,,,,,,,,,,,
468,34,3.85,0.5,4234001,numerical_diagnostic_exceeds_tolerance,SIGN_IMAG,1e-07,2.075128018067817e-07,2.0751280180678173,3.1113122298854276e-11,0.0003111312229885428,4.4361732405085206e-08,0.4436173240508521,0,0.2324,0.8675589581950895,5000,2.0751280180678173,/home/sunxr/PfQMC-main/reproduction/driven_kitaev/results/driven_critical_rate_ratio/raw/rigorous/task_0468_L34_V3.85_R0.5_s4234001/result.json.tmp,,,,,,,,,,,,,,,,
475,34,3.85,0.5,4234008,numerical_diagnostic_exceeds_tolerance,SIGN_IMAG,1e-07,6.117667767480412e-06,61.176677674804125,3.005370996845268e-11,0.0003005370996845268,1.1544721197834359e-08,0.1154472119783436,0,0.2388,0.8675313868613138,5000,61.176677674804125,/home/sunxr/PfQMC-main/reproduction/driven_kitaev/results/driven_critical_rate_ratio/raw/rigorous/task_0475_L34_V3.85_R0.5_s4234008/result.json.tmp,,,,,,,,,,,,,,,,
476,34,3.85,0.5,4234009,numerical_diagnostic_exceeds_tolerance,SIGN_IMAG,1e-07,1.2541230414938938e-07,1.2541230414938938,2.0403754211895803e-08,0.20403754211895805,2.2485969685671067e-08,0.22485969685671067,0,0.2424,0.8674928445034285,5000,1.2541230414938938,/home/sunxr/PfQMC-main/reproduction/driven_kitaev/results/driven_critical_rate_ratio/raw/rigorous/task_0476_L34_V3.85_R0.5_s4234009/result.json.tmp,,,,,,,,,,,,,,,,
478,34,3.85,0.5,4234011,numerical_diagnostic_exceeds_tolerance,SIGN_IMAG,1e-07,1.8676409397287005e-07,1.8676409397287006,4.321012934925231e-11,0.00043210129349252315,1.0916556810751616e-08,0.10916556810751617,0,0.2572,0.8675049657155497,5000,1.8676409397287006,/home/sunxr/PfQMC-main/reproduction/driven_kitaev/results/driven_critical_rate_ratio/raw/rigorous/task_0478_L34_V3.85_R0.5_s4234011/result.json.tmp,,,,,,,,,,,,,,,,
479,34,3.85,0.5,4234012,numerical_diagnostic_exceeds_tolerance,SIGN_IMAG,1e-07,1.4065537220221579e-07,1.406553722022158,4.6861007778603714e-11,0.00046861007778603716,5.115437371501461e-08,0.5115437371501461,0,0.2584,0.867540898031409,5000,1.406553722022158,/home/sunxr/PfQMC-main/reproduction/driven_kitaev/results/driven_critical_rate_ratio/raw/rigorous/task_0479_L34_V3.85_R0.5_s4234012/result.json.tmp,,,,,,,,,,,,,,,,
504,34,3.9,0.5,4234001,numerical_diagnostic_exceeds_tolerance,SIGN_IMAG,1e-07,1.1741669392439245e-07,1.1741669392439245,1.8172902662743589e-12,1.8172902662743588e-05,5.436199934650029e-09,0.054361999346500295,0,0.2272,0.8658113965744401,5000,1.1741669392439245,/home/sunxr/PfQMC-main/reproduction/driven_kitaev/results/driven_critical_rate_ratio/raw/rigorous/task_0504_L34_V3.90_R0.5_s4234001/result.json.tmp,,,,,,,,,,,,,,,,
511,34,3.9,0.5,4234008,numerical_diagnostic_exceeds_tolerance,SIGN_IMAG,1e-07,1.2726687743018823e-06,12.726687743018823,6.6172338104171885e-12,6.617233810417189e-05,3.828964249043388e-08,0.38289642490433884,0,0.2164,0.8657792490118577,5000,12.726687743018823,/home/sunxr/PfQMC-main/reproduction/driven_kitaev/results/driven_critical_rate_ratio/raw/rigorous/task_0511_L34_V3.90_R0.5_s4234008/result.json.tmp,,,,,,,,,,,,,,,,
513,34,3.9,0.5,4234010,numerical_diagnostic_exceeds_tolerance,SIGN_IMAG,1e-07,1.4630958183746572e-07,1.4630958183746572,1.0873140355476886e-12,1.0873140355476887e-05,2.3118533190536966e-09,0.02311853319053697,0,0.22,0.865821837944664,5000,1.4630958183746572,/home/sunxr/PfQMC-main/reproduction/driven_kitaev/results/driven_critical_rate_ratio/raw/rigorous/task_0513_L34_V3.90_R0.5_s4234010/result.json.tmp,,,,,,,,,,,,,,,,
514,34,3.9,0.5,4234011,numerical_diagnostic_exceeds_tolerance,SIGN_IMAG,1e-07,1.0301991195463277e-07,1.0301991195463278,7.492350003419416e-13,7.4923500034194165e-06,5.589985063238019e-09,0.05589985063238019,0,0.23,0.8657972880983751,5000,1.0301991195463278,/home/sunxr/PfQMC-main/reproduction/driven_kitaev/results/driven_critical_rate_ratio/raw/rigorous/task_0514_L34_V3.90_R0.5_s4234011/result.json.tmp,,,,,,,,,,,,,,,,
520,34,3.9,1.0,4234005,numerical_diagnostic_exceeds_tolerance,SIGN_IMAG,1e-07,1.0639141178231113e-07,1.0639141178231113,5.603354948573502e-12,5.603354948573502e-05,2.8260603839021324e-09,0.028260603839021327,0,0.4584,0.9065013008876646,5000,1.0639141178231113,/home/sunxr/PfQMC-main/reproduction/driven_kitaev/results/driven_critical_rate_ratio/raw/rigorous/task_0520_L34_V3.90_R1.0_s4234005/result.json.tmp,,,,,,,,,,,,,,,,
540,34,3.95,0.5,4234001,numerical_diagnostic_exceeds_tolerance,SIGN_IMAG,1e-07,4.7042032448410205e-07,4.704203244841021,3.945146419578615e-11,0.00039451464195786154,1.0446484331014457e-08,0.10446484331014458,0,0.2108,0.864129856115108,5000,4.704203244841021,/home/sunxr/PfQMC-main/reproduction/driven_kitaev/results/driven_critical_rate_ratio/raw/rigorous/task_0540_L34_V3.95_R0.5_s4234001/result.json.tmp,,,,,,,,,,,,,,,,
541,34,3.95,0.5,4234002,numerical_diagnostic_exceeds_tolerance,SIGN_IMAG,1e-07,1.849104230154782e-07,1.8491042301547822,3.251268483870448e-11,0.00032512684838704477,2.8735113961443095e-08,0.287351139614431,0,0.2172,0.8640557771964247,5000,1.8491042301547822,/home/sunxr/PfQMC-main/reproduction/driven_kitaev/results/driven_critical_rate_ratio/raw/rigorous/task_0541_L34_V3.95_R0.5_s4234002/result.json.tmp,,,,,,,,,,,,,,,,
542,34,3.95,0.5,4234003,numerical_diagnostic_exceeds_tolerance,SIGN_IMAG,1e-07,2.2305897249106533e-07,2.2305897249106534,1.1585350826050073e-10,0.0011585350826050075,1.0161662281808272e-08,0.10161662281808273,0,0.204,0.8640532592108132,5000,2.2305897249106534,/home/sunxr/PfQMC-main/reproduction/driven_kitaev/results/driven_critical_rate_ratio/raw/rigorous/task_0542_L34_V3.95_R0.5_s4234003/result.json.tmp,,,,,,,,,,,,,,,,
543,34,3.95,0.5,4234004,numerical_diagnostic_exceeds_tolerance,SIGN_IMAG,1e-07,3.6124315099219916e-07,3.6124315099219917,2.863795823831918e-10,0.002863795823831918,2.9408155224606675e-08,0.29408155224606675,0,0.224,0.8640973730106823,5000,3.6124315099219917,/home/sunxr/PfQMC-main/reproduction/driven_kitaev/results/driven_critical_rate_ratio/raw/rigorous/task_0543_L34_V3.95_R0.5_s4234004/result.json.tmp,,,,,,,,,,,,,,,,
544,34,3.95,0.5,4234005,numerical_diagnostic_exceeds_tolerance,SIGN_IMAG,1e-07,1.0536512674326414e-07,1.0536512674326415,3.108799842659949e-10,0.0031087998426599494,9.166019513133705e-09,0.09166019513133705,0,0.1896,0.8640834314366689,5000,1.0536512674326415,/home/sunxr/PfQMC-main/reproduction/driven_kitaev/results/driven_critical_rate_ratio/raw/rigorous/task_0544_L34_V3.95_R0.5_s4234005/result.json.tmp,,,,,,,,,,,,,,,,
545,34,3.95,0.5,4234006,numerical_diagnostic_exceeds_tolerance,SIGN_IMAG,1e-07,1.2840659445259498e-07,1.28406594452595,9.837041837221637e-11,0.0009837041837221637,6.044872844562886e-08,0.6044872844562886,0,0.2108,0.8640584913887072,5000,1.28406594452595,/home/sunxr/PfQMC-main/reproduction/driven_kitaev/results/driven_critical_rate_ratio/raw/rigorous/task_0545_L34_V3.95_R0.5_s4234006/result.json.tmp,,,,,,,,,,,,,,,,
546,34,3.95,0.5,4234007,numerical_diagnostic_exceeds_tolerance,SIGN_IMAG,1e-07,8.188079401532323e-07,8.188079401532324,1.9637655916384102e-10,0.0019637655916384103,9.631176658546543e-08,0.9631176658546544,0,0.216,0.8641456834532374,5000,8.188079401532324,/home/sunxr/PfQMC-main/reproduction/driven_kitaev/results/driven_critical_rate_ratio/raw/rigorous/task_0546_L34_V3.95_R0.5_s4234007/result.json.tmp,,,,,,,,,,,,,,,,
547,34,3.95,0.5,4234008,numerical_diagnostic_exceeds_tolerance,SIGN_IMAG,1e-07,1.056602441898261e-06,10.56602441898261,1.0982651546264006e-10,0.0010982651546264006,1.490147751880022e-08,0.1490147751880022,0,0.206,0.8640516023544801,5000,10.56602441898261,/home/sunxr/PfQMC-main/reproduction/driven_kitaev/results/driven_critical_rate_ratio/raw/rigorous/task_0547_L34_V3.95_R0.5_s4234008/result.json.tmp,,,,,,,,,,,,,,,,
549,34,3.95,0.5,4234010,numerical_diagnostic_exceeds_tolerance,SIGN_IMAG,1e-07,4.0895239979361115e-07,4.089523997936111,3.889182484230227e-11,0.0003889182484230227,9.220551117313896e-08,0.9220551117313897,0,0.21,0.8641311423588403,5000,4.089523997936111,/home/sunxr/PfQMC-main/reproduction/driven_kitaev/results/driven_critical_rate_ratio/raw/rigorous/task_0549_L34_V3.95_R0.5_s4234010/result.json.tmp,,,,,,,,,,,,,,,,
551,34,3.95,0.5,4234012,numerical_diagnostic_exceeds_tolerance,SIGN_IMAG,1e-07,3.544140129137777e-07,3.5441401291377774,1.0679776101128886e-11,0.00010679776101128886,1.1553104506260132e-08,0.11553104506260133,0,0.2104,0.8641122084150861,5000,3.5441401291377774,/home/sunxr/PfQMC-main/reproduction/driven_kitaev/results/driven_critical_rate_ratio/raw/rigorous/task_0551_L34_V3.95_R0.5_s4234012/result.json.tmp,,,,,,,,,,,,,,,,
577,34,4.0,0.5,4234002,numerical_diagnostic_exceeds_tolerance,SIGN_IMAG,1e-07,1.96139402400435e-06,19.613940240043497,1.956035027417674e-12,1.9560350274176738e-05,3.713292611445297e-08,0.37132926114452974,0,0.1724,0.8624744480519481,5000,19.613940240043497,/home/sunxr/PfQMC-main/reproduction/driven_kitaev/results/driven_critical_rate_ratio/raw/rigorous/task_0577_L34_V4.00_R0.5_s4234002/result.json.tmp,4047,640,SIGN_IMAG,-1,-1,0,1.9613462236255032e-06,-3.0008497028970786e-13,2.332565285938886e-13,7.1307295130155385e-13,3.6536690818956805e-12,-1.4737785915129705e-16,-4.0625223634276007e-17,-1.8743662484600603e-16,-7.1328371417647982e-17,harmless_complex_sign_drift
578,34,4.0,0.5,4234003,numerical_diagnostic_exceeds_tolerance,SIGN_IMAG,1e-07,3.0199604802918705e-07,3.0199604802918705,7.750662039394099e-13,7.7506620393941e-06,6.630919349364094e-10,0.006630919349364095,0,0.1888,0.8624715151515151,5000,3.0199604802918705,/home/sunxr/PfQMC-main/reproduction/driven_kitaev/results/driven_critical_rate_ratio/raw/rigorous/task_0578_L34_V4.00_R0.5_s4234003/result.json.tmp,,,,,,,,,,,,,,,,
579,34,4.0,0.5,4234004,numerical_diagnostic_exceeds_tolerance,SIGN_IMAG,1e-07,1.3153693860698557e-07,1.3153693860698557,1.1425477751094628e-11,0.00011425477751094629,4.189107957438773e-09,0.041891079574387736,0,0.1732,0.8624255086580087,5000,1.3153693860698557,/home/sunxr/PfQMC-main/reproduction/driven_kitaev/results/driven_critical_rate_ratio/raw/rigorous/task_0579_L34_V4.00_R0.5_s4234004/result.json.tmp,,,,,,,,,,,,,,,,
580,34,4.0,0.5,4234005,numerical_diagnostic_exceeds_tolerance,SIGN_IMAG,1e-07,1.520297013697247e-07,1.5202970136972471,2.48461031083308e-13,2.48461031083308e-06,2.6947367996110504e-10,0.0026947367996110506,0,0.1772,0.8623881385281386,5000,1.5202970136972471,/home/sunxr/PfQMC-main/reproduction/driven_kitaev/results/driven_critical_rate_ratio/raw/rigorous/task_0580_L34_V4.00_R0.5_s4234005/result.json.tmp,,,,,,,,,,,,,,,,
581,34,4.0,0.5,4234006,numerical_diagnostic_exceeds_tolerance,SIGN_IMAG,1e-07,5.36552690118911e-07,5.365526901189111,1.8563158993130636e-11,0.00018563158993130637,1.386498295667297e-09,0.013864982956672971,0,0.1804,0.8623960606060606,5000,5.365526901189111,/home/sunxr/PfQMC-main/reproduction/driven_kitaev/results/driven_critical_rate_ratio/raw/rigorous/task_0581_L34_V4.00_R0.5_s4234006/result.json.tmp,,,,,,,,,,,,,,,,
582,34,4.0,0.5,4234007,numerical_diagnostic_exceeds_tolerance,SIGN_IMAG,1e-07,1.2276398648665408e-06,12.27639864866541,1.8048854606891402e-13,1.8048854606891403e-06,1.3875358641725345e-09,0.013875358641725346,0,0.202,0.8624635822510822,5000,12.27639864866541,/home/sunxr/PfQMC-main/reproduction/driven_kitaev/results/driven_critical_rate_ratio/raw/rigorous/task_0582_L34_V4.00_R0.5_s4234007/result.json.tmp,,,,,,,,,,,,,,,,
583,34,4.0,0.5,4234008,numerical_diagnostic_exceeds_tolerance,SIGN_IMAG,1e-07,1.1098613935055952e-06,11.098613935055953,6.435846382664914e-13,6.435846382664914e-06,1.1987761036293938e-09,0.011987761036293938,0,0.188,0.8624534090909091,5000,11.098613935055953,/home/sunxr/PfQMC-main/reproduction/driven_kitaev/results/driven_critical_rate_ratio/raw/rigorous/task_0583_L34_V4.00_R0.5_s4234008/result.json.tmp,,,,,,,,,,,,,,,,
585,34,4.0,0.5,4234010,numerical_diagnostic_exceeds_tolerance,SIGN_IMAG,1e-07,6.97546841430739e-07,6.97546841430739,1.4617643807227775e-12,1.4617643807227775e-05,5.855026995680034e-10,0.005855026995680034,0,0.1676,0.8624928787878788,5000,6.97546841430739,/home/sunxr/PfQMC-main/reproduction/driven_kitaev/results/driven_critical_rate_ratio/raw/rigorous/task_0585_L34_V4.00_R0.5_s4234010/result.json.tmp,,,,,,,,,,,,,,,,
586,34,4.0,0.5,4234011,numerical_diagnostic_exceeds_tolerance,SIGN_IMAG,1e-07,1.039582006847849e-07,1.0395820068478492,5.278053014802412e-13,5.2780530148024125e-06,1.0502069061955823e-09,0.010502069061955823,0,0.1884,0.8624076082251082,5000,1.0395820068478492,/home/sunxr/PfQMC-main/reproduction/driven_kitaev/results/driven_critical_rate_ratio/raw/rigorous/task_0586_L34_V4.00_R0.5_s4234011/result.json.tmp,,,,,,,,,,,,,,,,
587,34,4.0,0.5,4234012,numerical_diagnostic_exceeds_tolerance,SIGN_IMAG,1e-07,1.4364779935819856e-06,14.364779935819856,1.4314088038102924e-12,1.4314088038102925e-05,1.6940346932958513e-09,0.016940346932958514,0,0.1952,0.8624504545454545,5000,14.364779935819856,/home/sunxr/PfQMC-main/reproduction/driven_kitaev/results/driven_critical_rate_ratio/raw/rigorous/task_0587_L34_V4.00_R0.5_s4234012/result.json.tmp,,,,,,,,,,,,,,,,
592,34,4.0,1.0,4234005,numerical_diagnostic_exceeds_tolerance,SIGN_IMAG,1e-07,4.2521745547321896e-07,4.25217455473219,1.0493580904746315e-12,1.0493580904746316e-05,4.4080438987900745e-10,0.004408043898790075,0,0.4328,0.9037075454545455,5000,4.25217455473219,/home/sunxr/PfQMC-main/reproduction/driven_kitaev/results/driven_critical_rate_ratio/raw/rigorous/task_0592_L34_V4.00_R1.0_s4234005/result.json.tmp,,,,,,,,,,,,,,,,
595,34,4.0,1.0,4234008,numerical_diagnostic_exceeds_tolerance,SIGN_IMAG,1e-07,1.3474698565304388e-07,1.3474698565304388,9.505921951362063e-14,9.505921951362063e-07,2.5171462305016513e-10,0.0025171462305016512,0,0.4224,0.9037414848484848,5000,1.3474698565304388,/home/sunxr/PfQMC-main/reproduction/driven_kitaev/results/driven_critical_rate_ratio/raw/rigorous/task_0595_L34_V4.00_R1.0_s4234008/result.json.tmp,,,,,,,,,,,,,,,,
613,34,4.05,0.5,4234002,numerical_diagnostic_exceeds_tolerance,SIGN_IMAG,1e-07,3.172262767688962e-07,3.172262767688962,8.739975182246086e-10,0.008739975182246087,9.828339250480572e-09,0.09828339250480572,0,0.1876,0.8607029120997206,5000,3.172262767688962,/home/sunxr/PfQMC-main/reproduction/driven_kitaev/results/driven_critical_rate_ratio/raw/rigorous/task_0613_L34_V4.05_R0.5_s4234002/result.json.tmp,,,,,,,,,,,,,,,,
614,34,4.05,0.5,4234003,numerical_diagnostic_exceeds_tolerance,SIGN_IMAG,1e-07,2.1858853576260804e-07,2.1858853576260806,7.916516427224597e-11,0.0007916516427224598,3.083545778016247e-08,0.30835457780162473,0,0.1588,0.8608017193208682,5000,2.1858853576260806,/home/sunxr/PfQMC-main/reproduction/driven_kitaev/results/driven_critical_rate_ratio/raw/rigorous/task_0614_L34_V4.05_R0.5_s4234003/result.json.tmp,,,,,,,,,,,,,,,,
615,34,4.05,0.5,4234004,numerical_diagnostic_exceeds_tolerance,SIGN_IMAG,1e-07,1.0807648578136086e-07,1.0807648578136086,7.315993606189178e-12,7.315993606189179e-05,4.908001740893281e-09,0.049080017408932815,0,0.1892,0.8607707715452396,5000,1.0807648578136086,/home/sunxr/PfQMC-main/reproduction/driven_kitaev/results/driven_critical_rate_ratio/raw/rigorous/task_0615_L34_V4.05_R0.5_s4234004/result.json.tmp,,,,,,,,,,,,,,,,
616,34,4.05,0.5,4234005,numerical_diagnostic_exceeds_tolerance,SIGN_IMAG,1e-07,2.113080474561588e-07,2.1130804745615883,5.6681692246228474e-11,0.0005668169224622848,3.652697269301293e-09,0.03652697269301293,0,0.1784,0.8607044487427467,5000,2.1130804745615883,/home/sunxr/PfQMC-main/reproduction/driven_kitaev/results/driven_critical_rate_ratio/raw/rigorous/task_0616_L34_V4.05_R0.5_s4234005/result.json.tmp,,,,,,,,,,,,,,,,
617,34,4.05,0.5,4234006,numerical_diagnostic_exceeds_tolerance,SIGN_IMAG,1e-07,1.2594929380806106e-07,1.2594929380806106,4.627594074604299e-11,0.00046275940746042996,1.0660612876270775e-08,0.10660612876270775,0,0.202,0.860725037610144,5000,1.2594929380806106,/home/sunxr/PfQMC-main/reproduction/driven_kitaev/results/driven_critical_rate_ratio/raw/rigorous/task_0617_L34_V4.05_R0.5_s4234006/result.json.tmp,,,,,,,,,,,,,,,,
618,34,4.05,0.5,4234007,numerical_diagnostic_exceeds_tolerance,SIGN_IMAG,1e-07,3.815415375997817e-07,3.815415375997817,1.8690157379029672e-11,0.00018690157379029672,1.7131851333472292e-08,0.17131851333472292,0,0.184,0.8607715559853858,5000,3.815415375997817,/home/sunxr/PfQMC-main/reproduction/driven_kitaev/results/driven_critical_rate_ratio/raw/rigorous/task_0618_L34_V4.05_R0.5_s4234007/result.json.tmp,,,,,,,,,,,,,,,,
619,34,4.05,0.5,4234008,numerical_diagnostic_exceeds_tolerance,SIGN_IMAG,1e-07,1.1413076055822358e-06,11.413076055822359,1.0008480823477042e-11,0.00010008480823477042,2.5907007912986298e-08,0.259070079129863,0,0.1768,0.8608179454115624,5000,11.413076055822359,/home/sunxr/PfQMC-main/reproduction/driven_kitaev/results/driven_critical_rate_ratio/raw/rigorous/task_0619_L34_V4.05_R0.5_s4234008/result.json.tmp,,,,,,,,,,,,,,,,
620,34,4.05,0.5,4234009,numerical_diagnostic_exceeds_tolerance,SIGN_IMAG,1e-07,1.9588685357413032e-07,1.9588685357413034,1.8915573699781684e-11,0.00018915573699781685,6.021763412848086e-08,0.6021763412848086,0,0.1788,0.8607721040189126,5000,1.9588685357413034,/home/sunxr/PfQMC-main/reproduction/driven_kitaev/results/driven_critical_rate_ratio/raw/rigorous/task_0620_L34_V4.05_R0.5_s4234009/result.json.tmp,,,,,,,,,,,,,,,,
622,34,4.05,0.5,4234011,numerical_diagnostic_exceeds_tolerance,SIGN_IMAG,1e-07,1.8921452910229297e-06,18.9214529102293,2.667580772651038e-11,0.00026675807726510384,4.27426671853993e-09,0.0427426671853993,0,0.1812,0.8607347625188051,5000,18.9214529102293,/home/sunxr/PfQMC-main/reproduction/driven_kitaev/results/driven_critical_rate_ratio/raw/rigorous/task_0622_L34_V4.05_R0.5_s4234011/result.json.tmp,,,,,,,,,,,,,,,,
623,34,4.05,0.5,4234012,numerical_diagnostic_exceeds_tolerance,SIGN_IMAG,1e-07,5.634770363009917e-07,5.634770363009917,1.688571352573813e-11,0.0001688571352573813,1.0930387834652232e-08,0.10930387834652233,0,0.1932,0.8607395551257253,5000,5.634770363009917,/home/sunxr/PfQMC-main/reproduction/driven_kitaev/results/driven_critical_rate_ratio/raw/rigorous/task_0623_L34_V4.05_R0.5_s4234012/result.json.tmp,,,,,,,,,,,,,,,,
648,34,4.1,0.5,4234001,numerical_diagnostic_exceeds_tolerance,SIGN_IMAG,1e-07,3.73193359844381e-07,3.7319335984438102,2.1943650575951624e-10,0.0021943650575951624,1.1401883792602358e-08,0.11401883792602359,0,0.1676,0.8591067221510883,5000,3.7319335984438102,/home/sunxr/PfQMC-main/reproduction/driven_kitaev/results/driven_critical_rate_ratio/raw/rigorous/task_0648_L34_V4.10_R0.5_s4234001/result.json.tmp,,,,,,,,,,,,,,,,
649,34,4.1,0.5,4234002,numerical_diagnostic_exceeds_tolerance,SIGN_IMAG,1e-07,2.1097148624090045e-06,21.097148624090046,6.94474294987379e-11,0.000694474294987379,1.6970704940773126e-08,0.16970704940773126,0,0.1476,0.8591123132735808,5000,21.097148624090046,/home/sunxr/PfQMC-main/reproduction/driven_kitaev/results/driven_critical_rate_ratio/raw/rigorous/task_0649_L34_V4.10_R0.5_s4234002/result.json.tmp,,,,,,,,,,,,,,,,
650,34,4.1,0.5,4234003,numerical_diagnostic_exceeds_tolerance,SIGN_IMAG,1e-07,3.032733114569305e-06,30.32733114569305,8.823688448013201e-10,0.0088236884480132,4.235875896963973e-08,0.4235875896963973,0,0.1584,0.8591270486555698,5000,30.32733114569305,/home/sunxr/PfQMC-main/reproduction/driven_kitaev/results/driven_critical_rate_ratio/raw/rigorous/task_0650_L34_V4.10_R0.5_s4234003/result.json.tmp,,,,,,,,,,,,,,,,
651,34,4.1,0.5,4234004,numerical_diagnostic_exceeds_tolerance,SIGN_IMAG,1e-07,1.3289692281463564e-07,1.3289692281463565,7.621989141086985e-10,0.007621989141086985,6.19835258673906e-08,0.619835258673906,0,0.1532,0.8591059539052497,5000,1.3289692281463565,/home/sunxr/PfQMC-main/reproduction/driven_kitaev/results/driven_critical_rate_ratio/raw/rigorous/task_0651_L34_V4.10_R0.5_s4234004/result.json.tmp,,,,,,,,,,,,,,,,
652,34,4.1,0.5,4234005,numerical_diagnostic_exceeds_tolerance,GREEN_SKEW,1e-07,7.366157666428482e-08,0.7366157666428482,5.643402997593965e-10,0.0056434029975939645,5.064530861588428e-07,5.064530861588429,0,0.1628,0.8591221084080239,5000,5.064530861588429,/home/sunxr/PfQMC-main/reproduction/driven_kitaev/results/driven_critical_rate_ratio/raw/rigorous/task_0652_L34_V4.10_R0.5_s4234005/result.json.tmp,,,,,,,,,,,,,,,,
653,34,4.1,0.5,4234006,numerical_diagnostic_exceeds_tolerance,SIGN_IMAG;GREEN_SKEW,1e-07,2.2419466817014273e-07,2.2419466817014273,3.67226104330478e-09,0.0367226104330478,1.1282496005515673e-07,1.1282496005515674,0,0.1596,0.8590979086641058,5000,2.2419466817014273,/home/sunxr/PfQMC-main/reproduction/driven_kitaev/results/driven_critical_rate_ratio/raw/rigorous/task_0653_L34_V4.10_R0.5_s4234006/result.json.tmp,,,,,,,,,,,,,,,,
654,34,4.1,0.5,4234007,numerical_diagnostic_exceeds_tolerance,SIGN_IMAG;GREEN_SKEW,1e-07,2.590844305223062e-07,2.590844305223062,2.2292675632835393e-10,0.0022292675632835392,2.2392340405888483e-07,2.2392340405888485,0,0.156,0.8590766965428938,5000,2.590844305223062,/home/sunxr/PfQMC-main/reproduction/driven_kitaev/results/driven_critical_rate_ratio/raw/rigorous/task_0654_L34_V4.10_R0.5_s4234007/result.json.tmp,,,,,,,,,,,,,,,,
655,34,4.1,0.5,4234008,numerical_diagnostic_exceeds_tolerance,SIGN_IMAG,1e-07,1.2225397207896302e-06,12.225397207896302,1.6725742464143298e-10,0.00167257424641433,3.127445913705579e-08,0.31274459137055793,0,0.1572,0.8591644899701237,5000,12.225397207896302,/home/sunxr/PfQMC-main/reproduction/driven_kitaev/results/driven_critical_rate_ratio/raw/rigorous/task_0655_L34_V4.10_R0.5_s4234008/result.json.tmp,,,,,,,,,,,,,,,,
656,34,4.1,0.5,4234009,numerical_diagnostic_exceeds_tolerance,SIGN_IMAG,1e-07,5.556248025263466e-07,5.556248025263466,2.0418890528328186e-10,0.0020418890528328187,1.9756749078472334e-08,0.19756749078472335,0,0.144,0.8590964148527529,5000,5.556248025263466,/home/sunxr/PfQMC-main/reproduction/driven_kitaev/results/driven_critical_rate_ratio/raw/rigorous/task_0656_L34_V4.10_R0.5_s4234009/result.json.tmp,,,,,,,,,,,,,,,,
657,34,4.1,0.5,4234010,numerical_diagnostic_exceeds_tolerance,SIGN_IMAG,1e-07,5.453350021804529e-07,5.453350021804529,8.349548173153039e-11,0.0008349548173153039,3.6753106399301766e-08,0.36753106399301766,0,0.1404,0.8590440247545882,5000,5.453350021804529,/home/sunxr/PfQMC-main/reproduction/driven_kitaev/results/driven_critical_rate_ratio/raw/rigorous/task_0657_L34_V4.10_R0.5_s4234010/result.json.tmp,,,,,,,,,,,,,,,,
658,34,4.1,0.5,4234011,numerical_diagnostic_exceeds_tolerance,SIGN_IMAG,1e-07,1.862977262556279e-07,1.862977262556279,2.7848315668840736e-10,0.0027848315668840737,2.550421292670959e-08,0.2550421292670959,0,0.1388,0.8591549722577891,5000,1.862977262556279,/home/sunxr/PfQMC-main/reproduction/driven_kitaev/results/driven_critical_rate_ratio/raw/rigorous/task_0658_L34_V4.10_R0.5_s4234011/result.json.tmp,,,,,,,,,,,,,,,,
659,34,4.1,0.5,4234012,numerical_diagnostic_exceeds_tolerance,SIGN_IMAG;GREEN_SKEW,1e-07,3.363500681173173e-07,3.363500681173173,7.05153581847271e-11,0.000705153581847271,6.554683880689931e-07,6.554683880689931,0,0.1592,0.8590576931284678,5000,6.554683880689931,/home/sunxr/PfQMC-main/reproduction/driven_kitaev/results/driven_critical_rate_ratio/raw/rigorous/task_0659_L34_V4.10_R0.5_s4234012/result.json.tmp,,,,,,,,,,,,,,,,
660,34,4.1,1.0,4234001,numerical_diagnostic_exceeds_tolerance,SIGN_IMAG,1e-07,2.2240905937886708e-07,2.224090593788671,1.7100096113805905e-11,0.00017100096113805904,5.240803678911957e-09,0.052408036789119566,0,0.3724,0.9010260276027603,5000,2.224090593788671,/home/sunxr/PfQMC-main/reproduction/driven_kitaev/results/driven_critical_rate_ratio/raw/rigorous/task_0660_L34_V4.10_R1.0_s4234001/result.json.tmp,,,,,,,,,,,,,,,,
661,34,4.1,1.0,4234002,numerical_diagnostic_exceeds_tolerance,SIGN_IMAG,1e-07,7.469028164700061e-07,7.469028164700061,9.237540546010485e-13,9.237540546010486e-06,3.207299764597485e-09,0.032072997645974856,0,0.3744,0.9009915841584158,5000,7.469028164700061,/home/sunxr/PfQMC-main/reproduction/driven_kitaev/results/driven_critical_rate_ratio/raw/rigorous/task_0661_L34_V4.10_R1.0_s4234002/result.json.tmp,,,,,,,,,,,,,,,,
671,34,4.1,1.0,4234012,numerical_diagnostic_exceeds_tolerance,SIGN_IMAG,1e-07,1.2234964433110554e-07,1.2234964433110553,1.5166383483326036e-10,0.0015166383483326037,5.6446770783752066e-09,0.05644677078375207,0,0.3884,0.9009348184818482,5000,1.2234964433110553,/home/sunxr/PfQMC-main/reproduction/driven_kitaev/results/driven_critical_rate_ratio/raw/rigorous/task_0671_L34_V4.10_R1.0_s4234012/result.json.tmp,,,,,,,,,,,,,,,,
684,34,4.15,0.5,4234001,numerical_diagnostic_exceeds_tolerance,SIGN_IMAG,1e-07,1.1353366464483368e-07,1.1353366464483368,8.667548455951798e-11,0.0008667548455951798,3.4409208042901334e-09,0.03440920804290133,0,0.142,0.8574768912905276,5000,1.1353366464483368,/home/sunxr/PfQMC-main/reproduction/driven_kitaev/results/driven_critical_rate_ratio/raw/rigorous/task_0684_L34_V4.15_R0.5_s4234001/result.json.tmp,,,,,,,,,,,,,,,,
685,34,4.15,0.5,4234002,numerical_diagnostic_exceeds_tolerance,SIGN_IMAG,1e-07,4.881625158900888e-07,4.8816251589008886,2.0530842065451066e-12,2.0530842065451068e-05,3.775300907158532e-09,0.03775300907158532,0,0.1392,0.8574655965246875,5000,4.8816251589008886,/home/sunxr/PfQMC-main/reproduction/driven_kitaev/results/driven_critical_rate_ratio/raw/rigorous/task_0685_L34_V4.15_R0.5_s4234002/result.json.tmp,,,,,,,,,,,,,,,,
686,34,4.15,0.5,4234003,numerical_diagnostic_exceeds_tolerance,SIGN_IMAG,1e-07,3.2648165598581285e-07,3.264816559858129,5.5899809328342055e-12,5.589980932834206e-05,1.922805336876845e-08,0.19228053368768452,0,0.1512,0.85747030091121,5000,3.264816559858129,/home/sunxr/PfQMC-main/reproduction/driven_kitaev/results/driven_critical_rate_ratio/raw/rigorous/task_0686_L34_V4.15_R0.5_s4234003/result.json.tmp,,,,,,,,,,,,,,,,
687,34,4.15,0.5,4234004,numerical_diagnostic_exceeds_tolerance,SIGN_IMAG,1e-07,2.5036325199320147e-07,2.503632519932015,5.100372835250182e-12,5.1003728352501825e-05,3.6531312312729206e-09,0.03653131231272921,0,0.1492,0.8574418520873066,5000,2.503632519932015,/home/sunxr/PfQMC-main/reproduction/driven_kitaev/results/driven_critical_rate_ratio/raw/rigorous/task_0687_L34_V4.15_R0.5_s4234004/result.json.tmp,,,,,,,,,,,,,,,,
688,34,4.15,0.5,4234005,numerical_diagnostic_exceeds_tolerance,SIGN_IMAG,1e-07,1.767064338071117e-06,17.67064338071117,6.151310743434712e-11,0.0006151310743434713,6.894045632563593e-09,0.06894045632563593,0,0.158,0.8574561771561772,5000,17.67064338071117,/home/sunxr/PfQMC-main/reproduction/driven_kitaev/results/driven_critical_rate_ratio/raw/rigorous/task_0688_L34_V4.15_R0.5_s4234005/result.json.tmp,,,,,,,,,,,,,,,,
689,34,4.15,0.5,4234006,numerical_diagnostic_exceeds_tolerance,SIGN_IMAG,1e-07,9.284470255148301e-07,9.284470255148301,4.3016406283868605e-12,4.3016406283868605e-05,1.767710425839623e-09,0.01767710425839623,0,0.1744,0.8574290633608815,5000,9.284470255148301,/home/sunxr/PfQMC-main/reproduction/driven_kitaev/results/driven_critical_rate_ratio/raw/rigorous/task_0689_L34_V4.15_R0.5_s4234006/result.json.tmp,,,,,,,,,,,,,,,,
690,34,4.15,0.5,4234007,numerical_diagnostic_exceeds_tolerance,SIGN_IMAG,1e-07,3.1083997529675594e-07,3.1083997529675593,3.705085047410757e-12,3.7050850474107574e-05,6.266925808451095e-09,0.06266925808451096,0,0.1412,0.8573707883026065,5000,3.1083997529675593,/home/sunxr/PfQMC-main/reproduction/driven_kitaev/results/driven_critical_rate_ratio/raw/rigorous/task_0690_L34_V4.15_R0.5_s4234007/result.json.tmp,,,,,,,,,,,,,,,,
691,34,4.15,0.5,4234008,numerical_diagnostic_exceeds_tolerance,SIGN_IMAG,1e-07,1.2849479526261226e-06,12.849479526261227,1.8876757425041416e-10,0.0018876757425041416,2.442975216569601e-08,0.24429752165696011,0,0.1556,0.8574331214240305,5000,12.849479526261227,/home/sunxr/PfQMC-main/reproduction/driven_kitaev/results/driven_critical_rate_ratio/raw/rigorous/task_0691_L34_V4.15_R0.5_s4234008/result.json.tmp,,,,,,,,,,,,,,,,
692,34,4.15,0.5,4234009,numerical_diagnostic_exceeds_tolerance,SIGN_IMAG,1e-07,2.0541519532567007e-07,2.0541519532567007,2.929292912701228e-11,0.0002929292912701228,1.1382765003475682e-08,0.11382765003475682,0,0.1688,0.8574965246874338,5000,2.0541519532567007,/home/sunxr/PfQMC-main/reproduction/driven_kitaev/results/driven_critical_rate_ratio/raw/rigorous/task_0692_L34_V4.15_R0.5_s4234009/result.json.tmp,,,,,,,,,,,,,,,,
693,34,4.15,0.5,4234010,numerical_diagnostic_exceeds_tolerance,SIGN_IMAG,1e-07,8.980819226150196e-07,8.980819226150196,7.845709169501562e-12,7.845709169501562e-05,3.62752563500307e-08,0.36275256350030705,0,0.1452,0.8574558381012927,5000,8.980819226150196,/home/sunxr/PfQMC-main/reproduction/driven_kitaev/results/driven_critical_rate_ratio/raw/rigorous/task_0693_L34_V4.15_R0.5_s4234010/result.json.tmp,,,,,,,,,,,,,,,,
694,34,4.15,0.5,4234011,numerical_diagnostic_exceeds_tolerance,SIGN_IMAG,1e-07,1.5006072946826454e-07,1.5006072946826454,7.069341025336375e-12,7.069341025336376e-05,2.1621546488676798e-09,0.0216215464886768,0,0.146,0.8574793918203009,5000,1.5006072946826454,/home/sunxr/PfQMC-main/reproduction/driven_kitaev/results/driven_critical_rate_ratio/raw/rigorous/task_0694_L34_V4.15_R0.5_s4234011/result.json.tmp,,,,,,,,,,,,,,,,
695,34,4.15,0.5,4234012,numerical_diagnostic_exceeds_tolerance,SIGN_IMAG,1e-07,4.1477076729999946e-07,4.147707672999995,3.115352421616336e-11,0.00031153524216163356,3.1871008945937766e-08,0.3187100894593777,0,0.1336,0.8575045560500106,5000,4.147707672999995,/home/sunxr/PfQMC-main/reproduction/driven_kitaev/results/driven_critical_rate_ratio/raw/rigorous/task_0695_L34_V4.15_R0.5_s4234012/result.json.tmp,,,,,,,,,,,,,,,,
720,34,4.2,0.5,4234001,numerical_diagnostic_exceeds_tolerance,SIGN_IMAG;GREEN_SKEW,1e-07,3.474685542908822e-07,3.4746855429088224,6.646564150081345e-11,0.0006646564150081345,1.5133676730465568e-07,1.5133676730465568,0,0.116,0.8558091435185186,5000,3.4746855429088224,/home/sunxr/PfQMC-main/reproduction/driven_kitaev/results/driven_critical_rate_ratio/raw/rigorous/task_0720_L34_V4.20_R0.5_s4234001/result.json.tmp,,,,,,,,,,,,,,,,
721,34,4.2,0.5,4234002,numerical_diagnostic_exceeds_tolerance,SIGN_IMAG,1e-07,2.3567892045703879e-07,2.3567892045703878,2.7838424919534852e-11,0.00027838424919534856,6.072952891970551e-08,0.6072952891970551,0,0.1196,0.8557773674242424,5000,2.3567892045703878,/home/sunxr/PfQMC-main/reproduction/driven_kitaev/results/driven_critical_rate_ratio/raw/rigorous/task_0721_L34_V4.20_R0.5_s4234002/result.json.tmp,,,,,,,,,,,,,,,,
722,34,4.2,0.5,4234003,numerical_diagnostic_exceeds_tolerance,SIGN_IMAG;GREEN_SKEW,1e-07,1.1649807816267237e-07,1.1649807816267237,1.0862566995187021e-10,0.0010862566995187021,7.404227255161156e-07,7.404227255161156,0,0.158,0.8559058291245791,5000,7.404227255161156,/home/sunxr/PfQMC-main/reproduction/driven_kitaev/results/driven_critical_rate_ratio/raw/rigorous/task_0722_L34_V4.20_R0.5_s4234003/result.json.tmp,,,,,,,,,,,,,,,,
723,34,4.2,0.5,4234004,numerical_diagnostic_exceeds_tolerance,SIGN_IMAG,1e-07,1.716780327405263e-07,1.716780327405263,4.2723152715680284e-11,0.0004272315271568029,6.237780687478942e-08,0.6237780687478943,0,0.1356,0.8557922138047138,5000,1.716780327405263,/home/sunxr/PfQMC-main/reproduction/driven_kitaev/results/driven_critical_rate_ratio/raw/rigorous/task_0723_L34_V4.20_R0.5_s4234004/result.json.tmp,,,,,,,,,,,,,,,,
724,34,4.2,0.5,4234005,numerical_diagnostic_exceeds_tolerance,SIGN_IMAG;GREEN_SKEW,1e-07,2.093728991772236e-06,20.93728991772236,4.0371268291509443e-10,0.004037126829150944,7.520524594163098e-07,7.520524594163098,0,0.1496,0.8558013047138047,5000,20.93728991772236,/home/sunxr/PfQMC-main/reproduction/driven_kitaev/results/driven_critical_rate_ratio/raw/rigorous/task_0724_L34_V4.20_R0.5_s4234005/result.json.tmp,,,,,,,,,,,,,,,,
726,34,4.2,0.5,4234007,numerical_diagnostic_exceeds_tolerance,SIGN_IMAG,1e-07,1.8830635484747442e-07,1.8830635484747442,1.7209259003472174e-09,0.017209259003472175,6.478710412865096e-09,0.06478710412865096,0,0.1556,0.855808186026936,5000,1.8830635484747442,/home/sunxr/PfQMC-main/reproduction/driven_kitaev/results/driven_critical_rate_ratio/raw/rigorous/task_0726_L34_V4.20_R0.5_s4234007/result.json.tmp,,,,,,,,,,,,,,,,
727,34,4.2,0.5,4234008,numerical_diagnostic_exceeds_tolerance,SIGN_IMAG,1e-07,1.5245872461497193e-06,15.245872461497195,5.498491144574998e-11,0.0005498491144574998,9.28811110802082e-08,0.928811110802082,0,0.1268,0.8557802925084175,5000,15.245872461497195,/home/sunxr/PfQMC-main/reproduction/driven_kitaev/results/driven_critical_rate_ratio/raw/rigorous/task_0727_L34_V4.20_R0.5_s4234008/result.json.tmp,,,,,,,,,,,,,,,,
728,34,4.2,0.5,4234009,numerical_diagnostic_exceeds_tolerance,SIGN_IMAG;GREEN_SKEW,1e-07,2.6063160763404685e-06,26.063160763404685,2.341029762690227e-10,0.0023410297626902275,1.4352460488700253e-07,1.4352460488700254,0,0.1376,0.8558148253367004,5000,26.063160763404685,/home/sunxr/PfQMC-main/reproduction/driven_kitaev/results/driven_critical_rate_ratio/raw/rigorous/task_0728_L34_V4.20_R0.5_s4234009/result.json.tmp,,,,,,,,,,,,,,,,
729,34,4.2,0.5,4234010,numerical_diagnostic_exceeds_tolerance,SIGN_IMAG,1e-07,4.375155651518484e-07,4.375155651518484,5.8067854716976743e-11,0.0005806785471697674,7.495401823147835e-08,0.7495401823147836,0,0.1332,0.855809396043771,5000,4.375155651518484,/home/sunxr/PfQMC-main/reproduction/driven_kitaev/results/driven_critical_rate_ratio/raw/rigorous/task_0729_L34_V4.20_R0.5_s4234010/result.json.tmp,,,,,,,,,,,,,,,,
730,34,4.2,0.5,4234011,numerical_diagnostic_exceeds_tolerance,SIGN_IMAG,1e-07,2.105720135197e-07,2.105720135197,1.6473785258259933e-09,0.016473785258259932,1.407274249555064e-08,0.1407274249555064,0,0.1372,0.8558052925084175,5000,2.105720135197,/home/sunxr/PfQMC-main/reproduction/driven_kitaev/results/driven_critical_rate_ratio/raw/rigorous/task_0730_L34_V4.20_R0.5_s4234011/result.json.tmp,,,,,,,,,,,,,,,,
731,34,4.2,0.5,4234012,numerical_diagnostic_exceeds_tolerance,SIGN_IMAG;GREEN_SKEW,1e-07,5.539963672504911e-07,5.5399636725049115,2.3263375351118962e-10,0.002326337535111896,3.145919689634629e-07,3.1459196896346295,0,0.1268,0.8558100589225589,5000,5.5399636725049115,/home/sunxr/PfQMC-main/reproduction/driven_kitaev/results/driven_critical_rate_ratio/raw/rigorous/task_0731_L34_V4.20_R0.5_s4234012/result.json.tmp,,,,,,,,,,,,,,,,
733,34,4.2,1.0,4234002,numerical_diagnostic_exceeds_tolerance,SIGN_IMAG,1e-07,1.813128784003099e-07,1.8131287840030992,3.523392047894482e-11,0.00035233920478944816,1.040070106759459e-08,0.10400701067594591,0,0.3652,0.8982714200831848,5000,1.8131287840030992,/home/sunxr/PfQMC-main/reproduction/driven_kitaev/results/driven_critical_rate_ratio/raw/rigorous/task_0733_L34_V4.20_R1.0_s4234002/result.json.tmp,,,,,,,,,,,,,,,,
734,34,4.2,1.0,4234003,numerical_diagnostic_exceeds_tolerance,SIGN_IMAG,1e-07,5.208205128765312e-07,5.208205128765313,1.4263674687699224e-11,0.00014263674687699224,1.2816183107557747e-08,0.12816183107557746,0,0.348,0.898300742721331,5000,5.208205128765313,/home/sunxr/PfQMC-main/reproduction/driven_kitaev/results/driven_critical_rate_ratio/raw/rigorous/task_0734_L34_V4.20_R1.0_s4234003/result.json.tmp,,,,,,,,,,,,,,,,
736,34,4.2,1.0,4234005,numerical_diagnostic_exceeds_tolerance,SIGN_IMAG;GREEN_SKEW,1e-07,1.236961233948975e-07,1.236961233948975,1.6979393744230287e-09,0.016979393744230287,6.719648470189062e-07,6.719648470189063,0,0.3644,0.8982851307189542,5000,6.719648470189063,/home/sunxr/PfQMC-main/reproduction/driven_kitaev/results/driven_critical_rate_ratio/raw/rigorous/task_0736_L34_V4.20_R1.0_s4234005/result.json.tmp,,,,,,,,,,,,,,,,
740,34,4.2,1.0,4234009,numerical_diagnostic_exceeds_tolerance,SIGN_IMAG;GREEN_SKEW,1e-07,2.4296980306335276e-07,2.429698030633528,1.859696671168433e-10,0.001859696671168433,1.1773677986055985e-07,1.1773677986055986,0,0.3348,0.8982720588235295,5000,2.429698030633528,/home/sunxr/PfQMC-main/reproduction/driven_kitaev/results/driven_critical_rate_ratio/raw/rigorous/task_0740_L34_V4.20_R1.0_s4234009/result.json.tmp,,,,,,,,,,,,,,,,
742,34,4.2,1.0,4234011,numerical_diagnostic_exceeds_tolerance,GREEN_SKEW,1e-07,2.2325734922613186e-08,0.22325734922613188,6.478182439645088e-11,0.0006478182439645088,3.635173430969161e-07,3.6351734309691612,0,0.3336,0.8982079619726678,5000,3.6351734309691612,/home/sunxr/PfQMC-main/reproduction/driven_kitaev/results/driven_critical_rate_ratio/raw/rigorous/task_0742_L34_V4.20_R1.0_s4234011/result.json.tmp,,,,,,,,,,,,,,,,
756,34,4.25,0.5,4234001,numerical_diagnostic_exceeds_tolerance,SIGN_IMAG,1e-07,7.713522524118126e-07,7.713522524118127,1.2641172886207341e-11,0.00012641172886207342,3.788183687452908e-09,0.03788183687452908,0,0.1216,0.8542008254963427,5000,7.713522524118127,/home/sunxr/PfQMC-main/reproduction/driven_kitaev/results/driven_critical_rate_ratio/raw/rigorous/task_0756_L34_V4.25_R0.5_s4234001/result.json.tmp,,,,,,,,,,,,,,,,
757,34,4.25,0.5,4234002,numerical_diagnostic_exceeds_tolerance,SIGN_IMAG,1e-07,3.704722032836574e-07,3.704722032836574,2.403972819046396e-12,2.4039728190463964e-05,1.2824400557743855e-09,0.012824400557743856,0,0.1236,0.8541153918495298,5000,3.704722032836574,/home/sunxr/PfQMC-main/reproduction/driven_kitaev/results/driven_critical_rate_ratio/raw/rigorous/task_0757_L34_V4.25_R0.5_s4234002/result.json.tmp,,,,,,,,,,,,,,,,
758,34,4.25,0.5,4234003,numerical_diagnostic_exceeds_tolerance,SIGN_IMAG,1e-07,6.160190485887836e-07,6.160190485887836,1.034943685430574e-12,1.034943685430574e-05,4.339668983481067e-09,0.043396689834810674,0,0.1288,0.8542363009404389,5000,6.160190485887836,/home/sunxr/PfQMC-main/reproduction/driven_kitaev/results/driven_critical_rate_ratio/raw/rigorous/task_0758_L34_V4.25_R0.5_s4234003/result.json.tmp,,,,,,,,,,,,,,,,
759,34,4.25,0.5,4234004,numerical_diagnostic_exceeds_tolerance,SIGN_IMAG,1e-07,1.8261702729377558e-06,18.26170272937756,3.217226118296838e-13,3.2172261182968384e-06,6.858297681528612e-10,0.006858297681528612,0,0.108,0.8541324451410658,5000,18.26170272937756,/home/sunxr/PfQMC-main/reproduction/driven_kitaev/results/driven_critical_rate_ratio/raw/rigorous/task_0759_L34_V4.25_R0.5_s4234004/result.json.tmp,,,,,,,,,,,,,,,,
760,34,4.25,0.5,4234005,numerical_diagnostic_exceeds_tolerance,SIGN_IMAG,1e-07,6.251003638899903e-06,62.51003638899903,2.3269129051781146e-12,2.3269129051781147e-05,2.375708981110152e-09,0.02375708981110152,0,0.1132,0.8541816196447231,5000,62.51003638899903,/home/sunxr/PfQMC-main/reproduction/driven_kitaev/results/driven_critical_rate_ratio/raw/rigorous/task_0760_L34_V4.25_R0.5_s4234005/result.json.tmp,,,,,,,,,,,,,,,,
761,34,4.25,0.5,4234006,numerical_diagnostic_exceeds_tolerance,SIGN_IMAG,1e-07,1.763594666113573e-07,1.763594666113573,1.72745958635055e-12,1.72745958635055e-05,4.332914982792374e-09,0.04332914982792375,0,0.1244,0.8541668443051201,5000,1.763594666113573,/home/sunxr/PfQMC-main/reproduction/driven_kitaev/results/driven_critical_rate_ratio/raw/rigorous/task_0761_L34_V4.25_R0.5_s4234006/result.json.tmp,,,,,,,,,,,,,,,,
762,34,4.25,0.5,4234007,numerical_diagnostic_exceeds_tolerance,SIGN_IMAG,1e-07,2.846610758315359e-06,28.466107583153594,8.705939317595747e-13,8.705939317595748e-06,1.6693191273731565e-09,0.016693191273731565,0,0.1184,0.8541679414838036,5000,28.466107583153594,/home/sunxr/PfQMC-main/reproduction/driven_kitaev/results/driven_critical_rate_ratio/raw/rigorous/task_0762_L34_V4.25_R0.5_s4234007/result.json.tmp,,,,,,,,,,,,,,,,
763,34,4.25,0.5,4234008,numerical_diagnostic_exceeds_tolerance,SIGN_IMAG,1e-07,1.8047522255670056e-06,18.047522255670057,1.5095029859688674e-12,1.5095029859688675e-05,2.0545114551835966e-09,0.020545114551835966,0,0.0952,0.8541793939393939,5000,18.047522255670057,/home/sunxr/PfQMC-main/reproduction/driven_kitaev/results/driven_critical_rate_ratio/raw/rigorous/task_0763_L34_V4.25_R0.5_s4234008/result.json.tmp,,,,,,,,,,,,,,,,
764,34,4.25,0.5,4234009,numerical_diagnostic_exceeds_tolerance,SIGN_IMAG,1e-07,1.4661409394219976e-07,1.4661409394219977,1.5391670941985095e-12,1.5391670941985095e-05,5.952385923154188e-10,0.005952385923154188,0,0.1296,0.854179696969697,5000,1.4661409394219977,/home/sunxr/PfQMC-main/reproduction/driven_kitaev/results/driven_critical_rate_ratio/raw/rigorous/task_0764_L34_V4.25_R0.5_s4234009/result.json.tmp,,,,,,,,,,,,,,,,
765,34,4.25,0.5,4234010,numerical_diagnostic_exceeds_tolerance,SIGN_IMAG,1e-07,1.2871298825997234e-07,1.2871298825997235,8.272201116108985e-13,8.272201116108986e-06,1.7813497362619712e-09,0.017813497362619713,0,0.148,0.8541082758620689,5000,1.2871298825997235,/home/sunxr/PfQMC-main/reproduction/driven_kitaev/results/driven_critical_rate_ratio/raw/rigorous/task_0765_L34_V4.25_R0.5_s4234010/result.json.tmp,,,,,,,,,,,,,,,,
766,34,4.25,0.5,4234011,numerical_diagnostic_exceeds_tolerance,SIGN_IMAG,1e-07,2.881504195042539e-07,2.881504195042539,1.324545661703573e-11,0.00013245456617035732,2.7952846601846538e-08,0.27952846601846537,0,0.106,0.8540894879832811,5000,2.881504195042539,/home/sunxr/PfQMC-main/reproduction/driven_kitaev/results/driven_critical_rate_ratio/raw/rigorous/task_0766_L34_V4.25_R0.5_s4234011/result.json.tmp,,,,,,,,,,,,,,,,
767,34,4.25,0.5,4234012,numerical_diagnostic_exceeds_tolerance,SIGN_IMAG,1e-07,6.734054808503167e-06,67.34054808503167,1.8349451871704343e-13,1.8349451871704344e-06,4.354343754281914e-10,0.004354343754281914,0,0.134,0.8541509926854755,5000,67.34054808503167,/home/sunxr/PfQMC-main/reproduction/driven_kitaev/results/driven_critical_rate_ratio/raw/rigorous/task_0767_L34_V4.25_R0.5_s4234012/result.json.tmp,,,,,,,,,,,,,,,,
