group,L,boundary,hs_scheme,configuration,pf_weight_real,pf_weight_imag,dense_weight_real,dense_weight_imag,weight_error,z2_match,green_error,determinant_identity_error
dense_L2,2,0,0,0,3.0034717332846359,-2.6721177748099922e-33,3.0034717332846319,0,1.3307276523889949e-15,1,4.5097773788993463e-16,3.9383391268083322e-16
dense_L2,2,0,0,1,1.4918246976412717,-4.8772486154570275e-33,1.4918246976412692,0,1.6372504477484368e-15,1,7.0571316541155761e-16,5.986264339126914e-16
dense_L2,2,0,0,2,1.4918246976412712,1.022909964605991e-32,1.4918246976412692,0,1.3395685481578118e-15,1,7.1536675981508333e-16,2.4595468257582915e-48
dense_L2,2,0,0,3,0.74098947022837136,3.0221188356609669e-33,0.74098947022837025,0,1.4982979775447953e-15,1,7.3317114821489714e-16,1.2461680740176825e-48
dense_L2,2,0,1,0,1.8095245012782628,-3.4850174221141854e-34,1.8095245012782619,0,4.9083525482672894e-16,1,6.3235302944615492e-16,4.9989707057034401e-35
dense_L2,2,0,1,1,1.5545307981195122,-3.0228125597983474e-19,1.5545307981195107,0,9.99859421086503e-16,1,5.9638737918640554e-16,3.6753741418774501e-16
dense_L2,2,0,1,2,1.5545307981195118,3.0228125597984264e-19,1.5545307981195107,0,7.1418531374183512e-16,1,5.0780764227334635e-16,1.8376870709387255e-16
dense_L2,2,0,1,3,1.8095245012782635,2.6355444254738537e-33,1.8095245012782619,0,8.5896169594677562e-16,1,4.1320437572389603e-16,1.3562547909132991e-16
dense_L2,2,1,0,0,4.9507433053797074,1.1891806591653805e-32,4.9507433053796932,0,2.8704487061084081e-15,1,3.4340152933850857e-16,1.4495039073169265e-16
dense_L2,2,1,0,1,2.4590346740405624,2.0605301981613829e-33,2.4590346740405566,0,2.3477341694270058e-15,1,1.1008594995367602e-15,9.2786595690685726e-48
dense_L2,2,1,0,2,2.4590346740405629,1.5339612032683971e-32,2.4590346740405566,0,2.5283291055367752e-15,1,1.1588992479646784e-15,1.4688278942649038e-16
dense_L2,2,1,0,3,1.2214027581601714,-1.966139174820433e-32,1.2214027581601681,0,2.7269211991076117e-15,1,3.8818869891105627e-15,3.6692126996714046e-48
dense_L2,2,1,0,4,2.4590346740405638,3.7313328998528368e-33,2.4590346740405566,0,2.8895189777563146e-15,1,1.0587166355788417e-15,1.4688278942649031e-16
dense_L2,2,1,0,5,1.2214027581601712,3.2112628979570365e-33,1.2214027581601679,0,2.7269211991076121e-15,1,1.4682376825728834e-15,1.4884094979531201e-16
dense_L2,2,1,0,6,1.2214027581601716,1.8295991193152531e-32,1.2214027581601679,0,3.0905106923219605e-15,1,1.5759172468951848e-15,1.4884094979531191e-16
dense_L2,2,1,0,7,0.60667086698292971,-1.4526590420589125e-32,0.60667086698292783,0,3.1110429799423323e-15,1,3.9922131184596628e-15,1.5082521527859237e-16
dense_L2,2,1,0,8,2.4590346740405638,3.282800750509298e-33,2.4590346740405566,0,2.8895189777563146e-15,1,1.1340346240065478e-15,1.4688278942649031e-16
dense_L2,2,1,0,9,1.2214027581601714,5.2430950771848383e-33,1.2214027581601679,0,2.9087159457147861e-15,1,1.3562422425306154e-15,1.4884094979531196e-16
dense_L2,2,1,0,10,1.2214027581601716,1.3561448254564752e-32,1.2214027581601679,0,3.0905106923219605e-15,1,1.4460012002627956e-15,1.4884094979531191e-16
dense_L2,2,1,0,11,0.6066708669829296,-1.4526590420589131e-32,0.60667086698292783,0,2.9280404517104304e-15,1,3.976661553683339e-15,3.0165043055718479e-16
dense_L2,2,1,0,12,1.2214027581601716,-2.7508327986555875e-32,1.2214027581601681,0,2.9087159457147857e-15,1,3.5843596388116353e-15,2.9768189959062383e-16
dense_L2,2,1,0,13,0.60667086698292971,1.8874540842970011e-32,0.60667086698292783,0,3.1110429799423323e-15,1,3.7369646506271971e-15,1.5082521527859237e-16
dense_L2,2,1,0,14,0.60667086698292971,3.2532157315615716e-32,0.60667086698292783,0,3.1110429799423323e-15,1,3.8173233971603852e-15,1.5082521527859237e-16
dense_L2,2,1,0,15,0.30133347774670288,2.6025703015928691e-32,0.30133347774670227,0,2.0264016733551225e-15,1,5.3022665661122646e-15,3.0567186779065078e-16
dense_L2,2,1,1,0,2.4987297698298065,1.0779727810089391e-31,2.4987297698298008,0,2.3104378063435202e-15,1,6.5713480268496975e-16,5.6901226294815438e-16
dense_L2,2,1,1,1,1.532852770511747,-1.5412621108094021e-17,1.5328527705117436,0,2.1728797433095527e-15,1,1.1713953381643427e-15,7.5601310910861061e-16
dense_L2,2,1,1,2,1.5328527705117465,-1.5412621108094012e-17,1.5328527705117436,0,1.8831691251647634e-15,1,1.266064259537591e-15,1.8900327727715265e-16
dense_L2,2,1,1,3,1.3487113798935715,-3.8685484879659336e-17,1.3487113798935688,0,1.9758238232101487e-15,1,1.1818939113963694e-15,1.2206809910803071e-16
dense_L2,2,1,1,4,1.5328527705117472,1.5412621108094101e-17,1.5328527705117438,0,2.1728797433095523e-15,1,9.7339301431649864e-16,3.7800655455430511e-16
dense_L2,2,1,1,5,1.2214027581601714,-4.4896418658096956e-33,1.221402758160169,0,1.9997422126789137e-15,1,1.3287319089244971e-15,3.8257826033428062e-34
dense_L2,2,1,1,6,1.2214027581601716,7.543086589259194e-33,1.221402758160169,0,2.1815369592860877e-15,1,1.4899179036695566e-15,2.9768189959062383e-16
dense_L2,2,1,1,7,1.5328527705117461,-1.5412621108094027e-17,1.5328527705117438,0,1.4486058821677939e-15,1,1.0760883202362035e-15,5.2458947540676919e-33
dense_L2,2,1,1,8,1.5328527705117467,1.5412621108094092e-17,1.5328527705117438,0,1.8831691251647634e-15,1,1.1324439285536519e-15,1.8900327727715255e-16
dense_L2,2,1,1,9,1.2214027581601716,-4.4121582198181609e-33,1.221402758160169,0,2.1815369592860877e-15,1,1.5041337744516091e-15,4.4652284938593587e-16
dense_L2,2,1,1,10,1.2214027581601714,3.9803948157935609e-33,1.221402758160169,0,1.9997422126789137e-15,1,1.5851172547234308e-15,4.5477557402284472e-33
dense_L2,2,1,1,11,1.5328527705117458,-1.5412621108094058e-17,1.5328527705117438,0,1.303752660799581e-15,1,1.3280982406194275e-15,1.8900327727715285e-16
dense_L2,2,1,1,12,1.3487113798935715,3.8685484879659379e-17,1.3487113798935688,0,1.9758238232101487e-15,1,1.214967313324348e-15,3.6620429732409208e-16
dense_L2,2,1,1,13,1.5328527705117458,1.5412621108094043e-17,1.5328527705117436,0,1.4486058821677941e-15,1,1.2017318370694852e-15,3.7800655455430575e-16
dense_L2,2,1,1,14,1.5328527705117454,1.5412621108094033e-17,1.5328527705117436,0,1.158900408691525e-15,1,1.279807461399829e-15,3.780065545543057e-16
dense_L2,2,1,1,15,2.4987297698298034,-4.6198833471811622e-32,2.4987297698298008,0,1.0663559106200863e-15,1,6.7900560626931996e-16,2.8450613147407763e-16
dense_L4_random,4,0,0,0,2.447702249485487,1.0350008469438899e-16,2.4477022494855003,2.9593652030958133e-17,5.4430155022338457e-15,1,1.9165372325583164e-15,4.4473806028476534e-16
dense_L4_random,4,0,0,1,1.5030571324743849,1.7104737783734798e-16,1.5030571324743947,-2.3393442784490691e-17,6.5013478762173625e-15,1,1.8928218969862519e-15,5.8971272369148129e-16
dense_L4_random,4,0,0,2,2.4477022494854874,1.1156171863838027e-16,2.4477022494855021,-8.700685442692351e-18,5.9874265232267781e-15,1,1.7797396585389244e-15,2.9649204018984341e-16
dense_L4_random,4,0,0,3,2.2261841093876975,-1.8834194720087308e-16,2.2261841093877122,2.0706173748644977e-16,6.5853839616865016e-15,1,5.3336243012552648e-15,3.584330564871119e-16
dense_L4_random,4,0,0,4,1.5030571324743851,-4.3823694868334194e-18,1.5030571324743951,6.4404160358020478e-17,6.6479468887186612e-15,1,2.0091696236903583e-15,1.9657090789716052e-16
dense_L4_random,4,0,0,5,1.5030571324743849,1.7104737783734798e-16,1.5030571324743947,-2.3393442784490691e-17,6.5013478762173625e-15,1,1.8928218969862519e-15,5.8971272369148129e-16
dense_L4_random,4,0,0,6,2.2261841093876975,2.8493338551994435e-16,2.2261841093877099,-1.336921552543536e-16,5.5887303516218589e-15,1,4.2036551747166572e-15,3.584330564871119e-16
dense_L4_random,4,0,0,7,3.026085851800409,-7.307229335441965e-17,3.0260858518004308,1.2546066677598696e-16,7.1912291975075625e-15,1,1.7093160123325174e-15,9.6992404683452468e-16
dense_L4_random,4,0,0,8,4.4819482183161865,1.3166241747684514e-16,4.4819482183162176,4.7373864561163914e-17,6.9359031936203004e-15,1,1.3034580911003961e-15,1.7685874496195963e-16
dense_L4_random,4,0,0,9,3.0260858518004103,-1.3771928321086179e-16,3.0260858518004294,2.0098404149615914e-16,6.3114004418212154e-15,1,2.046042365570845e-15,3.8796961873380975e-16
dense_L4_random,4,0,0,10,2.0814407347893087,2.2900318693156166e-16,2.0814407347893233,-9.5877468310064776e-17,7.0424991325354492e-15,1,2.1747757923017255e-15,2.0500861776114232e-16
dense_L4_random,4,0,0,11,1.394713349641072,2.5621241221202695e-16,1.3947133496410811,-2.4334583383528263e-16,6.5372033167181485e-15,1,2.6381355858360193e-15,0
dense_L4_random,4,0,0,12,2.4477022494854852,-1.0659794471613546e-17,2.4477022494855003,1.0482819231167802e-16,6.1688364253229061e-15,1,1.7766398047240518e-15,4.4473806028476553e-16
dense_L4_random,4,0,0,13,1.105745860391079,6.9405829292994989e-17,1.1057458603910852,-5.9615716116190371e-17,5.6238849780170073e-15,1,2.6275695047152783e-15,1.816057441919633e-16
dense_L4_random,4,0,0,14,3.4887968770644417,1.5761642228422035e-16,3.4887968770644644,7.2113847392079551e-17,6.4918399935801074e-15,1,1.4365193097811328e-15,2.918830248525949e-16
dense_L4_random,4,0,0,15,5.9891066098105705,9.8974577775230437e-17,5.9891066098106052,1.441576410770163e-16,5.7836652598484216e-15,1,1.0623878142053537e-15,3.961832512959666e-16
dense_L4_random,4,0,0,16,2.2261841093876975,-1.4512058593178342e-16,2.2261841093877104,2.3797768809978963e-16,5.7876092852516659e-15,1,2.3458687528817407e-15,1.79216528243556e-16
dense_L4_random,4,0,0,17,2.2261841093876975,6.8118113355727398e-17,2.2261841093877122,4.2631629552932691e-17,6.5829982457738301e-15,1,1.5812066687346467e-15,3.5843305648711219e-16
dense_L4_random,4,0,0,18,3.219335450639444,1.8364939169854705e-16,3.2193354506394645,1.7891646722017048e-17,6.3456500421010814e-15,1,1.293911721803793e-15,1.902865001107775e-32
dense_L4_random,4,0,0,19,1.1057458603910792,-4.2535652778323178e-17,1.1057458603910857,1.0949733732022845e-16,5.8251070955253508e-15,1,2.4650497071991538e-15,3.632114883839265e-16
dense_L4_random,4,0,0,20,3.4887968770644417,1.5761642228422035e-16,3.4887968770644644,7.2113847392079551e-17,6.4918399935801074e-15,1,1.4365193097811328e-15,2.918830248525949e-16
dense_L4_random,4,0,0,21,4.4819482183161892,-1.347414045834502e-16,4.4819482183162158,1.5030948633593791e-16,5.9453782107217808e-15,1,1.405317992606544e-15,5.3057623488587867e-16
dense_L4_random,4,0,0,22,1.5030571324743849,1.7104737783734798e-16,1.5030571324743947,-2.3393442784490691e-17,6.5013478762173625e-15,1,1.8928218969862519e-15,5.8971272369148129e-16
dense_L4_random,4,0,0,23,2.9747898268218056,1.8178372479093609e-17,2.9747898268218242,5.7310311442358007e-17,6.2699514753923737e-15,1,1.6917617850144706e-15,4.0146494797743446e-16
dense_L4_random,4,0,0,24,4.4819482183161865,1.3166241747684514e-16,4.4819482183162176,4.7373864561163914e-17,6.9359031936203004e-15,1,1.3034580911003961e-15,1.7685874496195963e-16
dense_L4_random,4,0,0,25,2.0814407347893096,-9.367661952069978e-17,2.0814407347893233,2.5346049596711043e-16,6.6161583240430787e-15,1,1.6846604437162624e-15,1.138026438424989e-32
dense_L4_random,4,0,0,26,4.0436769668170944,1.1194549123790915e-16,4.0436769668171202,1.2494611151362159e-16,6.3697416147783922e-15,1,1.5192171645903189e-15,2.1727376979164657e-16
dense_L4_random,4,0,0,27,2.4477022494854874,1.1156171863838027e-16,2.4477022494855021,-8.700685442692351e-18,5.9874265232267781e-15,1,1.7797396585389244e-15,2.9649204018984341e-16
dense_L4_random,4,0,0,28,3.0260858518004112,-7.181493576927301e-17,3.0260858518004286,1.9084318864428182e-16,5.7240513275329663e-15,1,1.4924657500439454e-15,1.9398480936690488e-16
dense_L4_random,4,0,0,29,3.0260858518004112,-7.181493576927301e-17,3.0260858518004286,1.9084318864428182e-16,5.7240513275329663e-15,1,1.4924657500439454e-15,1.9398480936690488e-16
dense_L4_random,4,0,0,30,3.0260858518004112,6.7133713985213908e-18,3.0260858518004299,2.2632418276339004e-16,6.1640814443287554e-15,1,1.5848377595121703e-15,1.9398480936690488e-16
dense_L4_random,4,0,0,31,1.3947133496410715,-2.3444374629282818e-16,1.3947133496410813,2.9768099033208446e-16,7.0153792364952592e-15,1,3.1596664017319486e-15,3.4244557959463399e-16
dense_L4_random,4,0,0,32,2.0814407347893096,-9.367661952069978e-17,2.0814407347893233,2.5346049596711043e-16,6.6161583240430787e-15,1,1.6846604437162624e-15,1.138026438424989e-32
dense_L4_random,4,0,0,33,3.219335450639444,4.8235065446004647e-17,3.2193354506394645,1.4470467680959299e-16,6.3455119073308478e-15,1,1.4181637923953086e-15,5.1418452659552027e-16
dense_L4_random,4,0,0,34,2.0084947367837258,-1.0263066937521557e-17,2.0084947367837387,2.864910130811737e-17,6.4120884339331894e-15,1,2.0344608868845179e-15,2.2017034390255278e-16
dense_L4_random,4,0,0,35,2.0084947367837258,1.7385616386338113e-17,2.0084947367837391,2.9430925054479398e-17,6.6331673649500226e-15,1,6.0284603079633229e-15,1.5277386571265819e-32
dense_L4_random,4,0,0,36,1.1057458603910792,-6.8110474939779973e-17,1.1057458603910855,1.0974126469703354e-16,5.6249744809381974e-15,1,2.4590251216075263e-15,0
dense_L4_random,4,0,0,37,2.2261841093876971,3.6148498162164999e-17,2.2261841093877113,9.2942861513699773e-17,6.3835547767690073e-15,1,1.4864029154645185e-15,1.4922773703703547e-32
dense_L4_random,4,0,0,38,4.4819482183161865,1.3166241747684514e-16,4.4819482183162176,4.7373864561163914e-17,6.9359031936203004e-15,1,1.3034580911003961e-15,1.7685874496195963e-16
dense_L4_random,4,0,0,39,1.5030571324743851,-4.3823694868334194e-18,1.5030571324743951,6.4404160358020478e-17,6.6479468887186612e-15,1,2.0091696236903583e-15,1.9657090789716052e-16
dense_L4_random,4,0,0,40,1.3947133496410715,-2.3444374629282818e-16,1.3947133496410813,2.9768099033208446e-16,7.0153792364952592e-15,1,3.1596664017319486e-15,3.4244557959463399e-16
dense_L4_random,4,0,0,41,2.0084947367837258,-1.0263066937521557e-17,2.0084947367837387,2.864910130811737e-17,6.4120884339331894e-15,1,2.0344608868845179e-15,2.2017034390255278e-16
dense_L4_random,4,0,0,42,4.4819482183161865,1.3166241747684514e-16,4.4819482183162176,4.7373864561163914e-17,6.9359031936203004e-15,1,1.3034580911003961e-15,1.7685874496195963e-16
dense_L4_random,4,0,0,43,3.026085851800409,2.6463962260272119e-16,3.0260858518004286,-4.3970405573918314e-17,6.4579668601164273e-15,1,1.6622458813002835e-15,7.759392374676199e-16
dense_L4_random,4,0,0,44,1.394713349641072,2.5621241221202695e-16,1.3947133496410811,-2.4334583383528263e-16,6.5372033167181485e-15,1,2.6381355858360193e-15,0
dense_L4_random,4,0,0,45,3.0260858518004103,-1.3771928321086179e-16,3.0260858518004294,2.0098404149615914e-16,6.3114004418212154e-15,1,2.046042365570845e-15,3.8796961873380975e-16
dense_L4_random,4,0,0,46,4.4819482183161865,8.471636854623194e-17,4.4819482183162176,1.538799401862369e-16,6.9358948644580099e-15,1,1.2219088316046383e-15,1.7685874496195963e-16
dense_L4_random,4,0,0,47,2.9747898268218056,2.1465998367820281e-16,2.9747898268218256,9.658149947773339e-17,6.7179076323490495e-15,1,1.4110622072442096e-15,2.0073247398871728e-16
dense_L4_random,4,0,0,48,2.0084947367837254,6.3077465488225306e-17,2.0084947367837387,5.9269521501514901e-17,6.6331649248119164e-15,1,2.0557218308632689e-15,4.4034068780510566e-16
dense_L4_random,4,0,0,49,2.0084947367837254,6.3077465488225306e-17,2.0084947367837387,5.9269521501514901e-17,6.6331649248119164e-15,1,2.0557218308632689e-15,4.4034068780510566e-16
dense_L4_random,4,0,0,50,2.0814407347893087,2.2900318693156166e-16,2.0814407347893233,-9.5877468310064776e-17,7.0424991325354492e-15,1,2.1747757923017255e-15,2.0500861776114232e-16
dense_L4_random,4,0,0,51,1.4775783919535894,3.8968210501861343e-17,1.4775783919535979,3.7445085637238968e-17,5.7104889801942235e-15,1,2.0992003687739995e-15,4.0681705732714037e-16
dense_L4_random,4,0,0,52,2.0084947367837258,1.7385616386338113e-17,2.0084947367837391,2.9430925054479398e-17,6.6331673649500226e-15,1,6.0284603079633229e-15,1.5277386571265819e-32
dense_L4_random,4,0,0,53,3.219335450639444,4.8235065446004647e-17,3.2193354506394645,1.4470467680959299e-16,6.3455119073308478e-15,1,1.4181637923953086e-15,5.1418452659552027e-16
dense_L4_random,4,0,0,54,2.447702249485487,5.3859577053692435e-18,2.4477022494855021,8.3191094903840126e-17,6.1687378851802828e-15,1,1.7070256036194369e-15,4.4473806028476534e-16
dense_L4_random,4,0,0,55,2.0084947367837263,4.1961394162550998e-17,2.0084947367837387,5.8487697755152534e-17,6.1909591448599804e-15,1,1.788650883821121e-15,0
dense_L4_random,4,0,0,56,2.0084947367837258,1.7385616386338113e-17,2.0084947367837391,2.9430925054479398e-17,6.6331673649500226e-15,1,6.0284603079633229e-15,1.5277386571265819e-32
dense_L4_random,4,0,0,57,2.0084947367837254,6.3077465488225306e-17,2.0084947367837387,5.9269521501514901e-17,6.6331649248119164e-15,1,2.0557218308632689e-15,4.4034068780510566e-16
dense_L4_random,4,0,0,58,2.2261841093876984,4.9302676618918937e-17,2.2261841093877117,-1.4322229102019251e-16,5.9851596498363994e-15,1,2.2766745026858954e-15,7.1686611297422399e-16
dense_L4_random,4,0,0,59,1.9372166201377057,-8.1897452088981774e-17,1.9372166201377166,1.8878084474593736e-17,5.6166420547940262e-15,1,2.0124141626887456e-15,5.9167586276462757e-16
dense_L4_random,4,0,0,60,2.0814407347893096,-9.367661952069978e-17,2.0814407347893233,2.5346049596711043e-16,6.6161583240430787e-15,1,1.6846604437162624e-15,1.138026438424989e-32
dense_L4_random,4,0,0,61,3.0260858518004099,2.6837138825837035e-16,3.0260858518004286,-4.289037349461597e-17,6.1645124184822963e-15,1,1.9096686067568354e-15,2.153664017866597e-32
dense_L4_random,4,0,0,62,3.026085851800409,2.6463962260272119e-16,3.0260858518004286,-4.3970405573918314e-17,6.4579668601164273e-15,1,1.6622458813002835e-15,7.759392374676199e-16
dense_L4_random,4,0,0,63,2.4477022494854874,1.1156171863838027e-16,2.4477022494855021,-8.700685442692351e-18,5.9874265232267781e-15,1,1.7797396585389244e-15,2.9649204018984341e-16
dense_L4_random,4,0,0,64,1.1057458603910792,-6.8110474939779973e-17,1.1057458603910855,1.0974126469703354e-16,5.6249744809381974e-15,1,2.4590251216075263e-15,0
dense_L4_random,4,0,0,65,2.4477022494854874,1.1156171863838027e-16,2.4477022494855021,-8.700685442692351e-18,5.9874265232267781e-15,1,1.7797396585389244e-15,2.9649204018984341e-16
dense_L4_random,4,0,0,66,1.4775783919535888,7.5138011673090903e-17,1.4775783919535987,3.8992991588899055e-17,6.7624652953799167e-15,1,1.5546836692719021e-15,2.0340852866357023e-16
dense_L4_random,4,0,0,67,1.394713349641072,2.5621241221202695e-16,1.3947133496410811,-2.4334583383528263e-16,6.5372033167181485e-15,1,2.6381355858360193e-15,0
dense_L4_random,4,0,0,68,2.9747898268218056,2.1465998367820281e-16,2.9747898268218256,9.658149947773339e-17,6.7179076323490495e-15,1,1.4110622072442096e-15,2.0073247398871728e-16
dense_L4_random,4,0,0,69,1.1057458603910792,-6.8110474939779973e-17,1.1057458603910855,1.0974126469703354e-16,5.6249744809381974e-15,1,2.4590251216075263e-15,0
dense_L4_random,4,0,0,70,3.4887968770644404,-6.6141871855718905e-17,3.4887968770644617,9.8547671040044738e-17,6.1101058645603175e-15,1,1.2725004021435258e-15,8.1013813672146939e-33
dense_L4_random,4,0,0,71,1.1057458603910792,-4.2535652778323178e-17,1.1057458603910857,1.0949733732022845e-16,5.8251070955253508e-15,1,2.4650497071991538e-15,3.632114883839265e-16
dense_L4_random,4,0,0,72,1.477578391953589,5.9938458093491725e-17,1.4775783919535979,1.6059270789738271e-17,6.0111142895288449e-15,1,2.0190324068750024e-15,4.0681705732714032e-16
dense_L4_random,4,0,0,73,4.4819482183161883,1.7625594790125774e-16,4.4819482183162158,8.6859200368512801e-17,6.1432383412881762e-15,1,1.1890539337581092e-15,3.5371748992391921e-16
dense_L4_random,4,0,0,74,2.0084947367837254,6.3077465488225306e-17,2.0084947367837387,5.9269521501514901e-17,6.6331649248119164e-15,1,2.0557218308632689e-15,4.4034068780510566e-16
dense_L4_random,4,0,0,75,2.0814407347893096,-9.367661952069978e-17,2.0814407347893233,2.5346049596711043e-16,6.6161583240430787e-15,1,1.6846604437162624e-15,1.138026438424989e-32
dense_L4_random,4,0,0,76,0.99761952816504429,2.0977859843451895e-17,0.99761952816505084,2.7664443821554981e-17,6.5659493155463645e-15,1,2.6386647220314873e-15,2.2310553354255868e-16
dense_L4_random,4,0,0,77,1.5030571324743847,-4.6262696365024758e-17,1.5030571324743949,1.0240966339221853e-16,6.7962378550942339e-15,1,2.1020516653199628e-15,1.9657090789716054e-16
dense_L4_random,4,0,0,78,2.447702249485487,1.0350008469438899e-16,2.4477022494855003,2.9593652030958133e-17,5.4430155022338457e-15,1,1.9165372325583164e-15,4.4473806028476534e-16
dense_L4_random,4,0,0,79,4.4819482183161892,-1.347414045834502e-16,4.4819482183162158,1.5030948633593791e-16,5.9453782107217808e-15,1,1.405317992606544e-15,5.3057623488587867e-16
dense_L4_random,4,0,0,80,1.1057458603910792,-4.2535652778323178e-17,1.1057458603910857,1.0949733732022845e-16,5.8251070955253508e-15,1,2.4650497071991538e-15,3.632114883839265e-16
dense_L4_random,4,0,0,81,2.0814407347893087,2.2900318693156166e-16,2.0814407347893233,-9.5877468310064776e-17,7.0424991325354492e-15,1,2.1747757923017255e-15,2.0500861776114232e-16
dense_L4_random,4,0,0,82,0.9976195281650444,2.1207428223631235e-18,0.99761952816505095,1.6004744550189457e-17,6.5659606438684482e-15,1,2.3631861585841189e-15,7.7405281331321497e-33
dense_L4_random,4,0,0,83,1.1057458603910792,-4.2535652778323178e-17,1.1057458603910857,1.0949733732022845e-16,5.8251070955253508e-15,1,2.4650497071991538e-15,3.632114883839265e-16
dense_L4_random,4,0,0,84,1.1057458603910792,-6.8110474939779973e-17,1.1057458603910855,1.0974126469703354e-16,5.6249744809381974e-15,1,2.4590251216075263e-15,0
dense_L4_random,4,0,0,85,1.4775783919535894,3.8968210501861343e-17,1.4775783919535979,3.7445085637238968e-17,5.7104889801942235e-15,1,2.0992003687739995e-15,4.0681705732714037e-16
dense_L4_random,4,0,0,86,2.4477022494854874,1.1156171863838027e-16,2.4477022494855021,-8.700685442692351e-18,5.9874265232267781e-15,1,1.7797396585389244e-15,2.9649204018984341e-16
dense_L4_random,4,0,0,87,0.9976195281650444,2.1207428223631235e-18,0.99761952816505095,1.6004744550189457e-17,6.5659606438684482e-15,1,2.3631861585841189e-15,7.7405281331321497e-33
dense_L4_random,4,0,0,88,1.5030571324743853,2.0514268018318425e-17,1.5030571324743942,9.2210959353786838e-17,5.9093386272912679e-15,1,1.8928849530023297e-15,1.9657090789716047e-16
dense_L4_random,4,0,0,89,1.503057132474386,9.024869077842514e-17,1.5030571324743951,-5.697399378754973e-17,6.057666694204621e-15,1,1.7338882778764618e-15,7.8628363158864158e-16
dense_L4_random,4,0,0,90,3.219335450639444,1.8364939169854705e-16,3.2193354506394645,1.7891646722017048e-17,6.3456500421010814e-15,1,1.293911721803793e-15,1.902865001107775e-32
dense_L4_random,4,0,0,91,1.5030571324743851,5.9430374038701798e-17,1.5030571324743944,-1.9750314499713522e-17,6.2048270411006771e-15,1,1.8989528121239225e-15,0
dense_L4_random,4,0,0,92,2.2261841093876975,-1.4512058593178342e-16,2.2261841093877104,2.3797768809978963e-16,5.7876092852516659e-15,1,2.3458687528817407e-15,1.79216528243556e-16
dense_L4_random,4,0,0,93,2.2261841093876975,2.8493338551994435e-16,2.2261841093877099,-1.336921552543536e-16,5.5887303516218589e-15,1,4.2036551747166572e-15,3.584330564871119e-16
dense_L4_random,4,0,0,94,1.105745860391079,6.9405829292994989e-17,1.1057458603910852,-5.9615716116190371e-17,5.6238849780170073e-15,1,2.6275695047152783e-15,1.816057441919633e-16
dense_L4_random,4,0,0,95,2.447702249485487,1.0350008469438899e-16,2.4477022494855003,2.9593652030958133e-17,5.4430155022338457e-15,1,1.9165372325583164e-15,4.4473806028476534e-16
dense_L4_random,4,0,0,96,1.1057458603910792,-6.8110474939779973e-17,1.1057458603910855,1.0974126469703354e-16,5.6249744809381974e-15,1,2.4590251216075263e-15,0
dense_L4_random,4,0,0,97,3.0260858518004099,2.6837138825837035e-16,3.0260858518004286,-4.289037349461597e-17,6.1645124184822963e-15,1,1.9096686067568354e-15,2.153664017866597e-32
dense_L4_random,4,0,0,98,2.2261841093876975,2.8493338551994435e-16,2.2261841093877099,-1.336921552543536e-16,5.5887303516218589e-15,1,4.2036551747166572e-15,3.584330564871119e-16
dense_L4_random,4,0,0,99,1.5030571324743853,1.0483451708112762e-16,1.5030571324743951,-6.0588177770793692e-18,6.5004794090527583e-15,1,2.007370925109071e-15,1.9657090789716047e-16
dense_L4_random,4,0,1,0,2.1049686417490339,-1.9366560088791719e-17,2.1049686417490507,3.0310055997297668e-17,8.0169665033253347e-15,1,1.6253113919182278e-15,2.004513363691151e-16
dense_L4_random,4,0,1,1,2.4675046450852385,-5.5187654108539833e-17,2.4675046450852545,4.016212641776257e-17,6.4792161275475785e-15,1,1.7163131373872387e-15,2.9175227730086192e-16
dense_L4_random,4,0,1,2,2.1049686417490356,-2.389915925850893e-17,2.1049686417490507,1.8143431525586894e-16,7.1737074593591681e-15,1,1.8126105824724415e-15,2.0045133636911486e-16
dense_L4_random,4,0,1,3,2.2502112618991226,1.2912840102883692e-17,2.2502112618991399,3.2872413287898965e-18,7.6968248058322382e-15,1,1.6737505514711983e-15,5.2622912807339551e-16
dense_L4_random,4,0,1,4,2.2420954412041403,-5.0290912628561095e-17,2.2420954412041549,1.0487577466827177e-16,6.5366375961894319e-15,1,1.854398773145258e-15,3.5336377119672043e-16
dense_L4_random,4,0,1,5,2.2426169194692349,-2.7073425305984898e-17,2.2426169194692509,9.3830376392091679e-17,7.1290234987143975e-15,1,1.7569012133916276e-15,3.5319945414344413e-16
dense_L4_random,4,0,1,6,2.4552960311332233,-9.149474739113736e-17,2.4552960311332406,4.735263897835683e-19,7.0540265383346127e-15,1,1.8741701031409071e-15,7.3665221240618802e-16
dense_L4_random,4,0,1,7,2.2465875804776916,-5.7718907090946547e-17,2.2465875804777089,3.9759285637952335e-18,7.7092872843625728e-15,1,1.6550667016212191e-15,3.5195205478298299e-16
dense_L4_random,4,0,1,8,2.3375518820976611,1.7476719200171748e-16,2.3375518820976802,4.3631801526056773e-17,8.1693529168568117e-15,1,1.7759494682162333e-15,1.6254652864808125e-16
dense_L4_random,4,0,1,9,2.2833742471741933,-6.7796786136863491e-17,2.2833742471742111,1.6021499145262009e-16,7.7801664472686695e-15,1,1.5107339894252757e-15,9.4564091328424278e-33
dense_L4_random,4,0,1,10,2.2420954412041403,-5.0290912628561095e-17,2.2420954412041549,1.0487577466827177e-16,6.5366375961894319e-15,1,1.854398773145258e-15,3.5336377119672043e-16
dense_L4_random,4,0,1,11,2.2833742471741933,-9.8994985476345914e-17,2.2833742471742111,-7.5330822327396059e-17,7.7795324959847137e-15,1,1.6347095195818063e-15,1.7035152258772843e-16
dense_L4_random,4,0,1,12,2.3303778456301338,-1.265472856554367e-17,2.3303778456301503,2.1283286160585529e-17,7.050932038273006e-15,1,1.8551863905194873e-15,4.9064659099417193e-16
dense_L4_random,4,0,1,13,2.0294163295401497,-4.7440809219529841e-17,2.0294163295401653,7.534205304021982e-17,7.6591515858107671e-15,1,1.6552913187867612e-15,8.626167899541295e-16
dense_L4_random,4,0,1,14,2.2502112618991221,-4.6254949622269947e-18,2.2502112618991399,9.1497638738000922e-17,7.8942936452666627e-15,1,1.8066717783679295e-15,5.2622912807339571e-16
dense_L4_random,4,0,1,15,2.4552960311332233,-9.149474739113736e-17,2.4552960311332406,4.735263897835683e-19,7.0540265383346127e-15,1,1.8741701031409071e-15,7.3665221240618802e-16
dense_L4_random,4,0,1,16,2.2833742471741933,-9.8994985476345914e-17,2.2833742471742111,-7.5330822327396059e-17,7.7795324959847137e-15,1,1.6347095195818063e-15,1.7035152258772843e-16
dense_L4_random,4,0,1,17,2.4552960311332241,4.4775904369987105e-17,2.4552960311332406,1.2336409802014374e-16,6.6922637809010193e-15,1,1.892021747516839e-15,4.4199132744371262e-16
dense_L4_random,4,0,1,18,2.2052625166312727,-2.5901156610411024e-17,2.2052625166312887,4.4671203265595874e-17,7.249643612532717e-15,1,1.4480717246210836e-15,5.4789946967225017e-16
dense_L4_random,4,0,1,19,2.2915363257455423,2.1007119074446571e-17,2.2915363257455592,5.3768370867364701e-17,7.364239259666648e-15,1,1.8493800126967026e-15,8.4570077557833944e-16
dense_L4_random,4,0,1,20,2.2052625166312727,-2.5901156610411024e-17,2.2052625166312887,4.4671203265595874e-17,7.249643612532717e-15,1,1.4480717246210836e-15,5.4789946967225017e-16
dense_L4_random,4,0,1,21,2.2502112618991221,-4.6254949622269947e-18,2.2502112618991399,9.1497638738000922e-17,7.8942936452666627e-15,1,1.8066717783679295e-15,5.2622912807339571e-16
dense_L4_random,4,0,1,22,2.4552960311332233,-9.149474739113736e-17,2.4552960311332406,4.735263897835683e-19,7.0540265383346127e-15,1,1.8741701031409071e-15,7.3665221240618802e-16
dense_L4_random,4,0,1,23,2.3375518820976611,1.7476719200171748e-16,2.3375518820976802,4.3631801526056773e-17,8.1693529168568117e-15,1,1.7759494682162333e-15,1.6254652864808125e-16
dense_L4_random,4,0,1,24,2.2420954412041394,3.829846423251958e-17,2.2420954412041549,-1.0104417141237936e-17,6.9324424931691657e-15,1,1.8501036319603816e-15,4.9039074356371862e-33
dense_L4_random,4,0,1,25,2.2915363257455423,2.1007119074446571e-17,2.2915363257455592,5.3768370867364701e-17,7.364239259666648e-15,1,1.8493800126967026e-15,8.4570077557833944e-16
dense_L4_random,4,0,1,26,2.246587580477692,-3.9283603989992071e-17,2.2465875804777089,8.1618615084671619e-17,7.5117583716514076e-15,1,1.7406346795159325e-15,1.4652947804407582e-32
dense_L4_random,4,0,1,27,2.3303778456301325,2.6761028937134962e-16,2.3303778456301503,-2.5821599419377717e-17,7.6236528876848402e-15,1,1.5968619002272071e-15,1.6354886366472404e-16
dense_L4_random,4,0,1,28,2.6510433212433155,-4.2892848223789024e-17,2.6510433212433306,5.1209628325103502e-17,5.6956166090911643e-15,1,1.9117491746547184e-15,7.5825942606406087e-16
dense_L4_random,4,0,1,29,2.4752001598178617,-6.5353488077804824e-17,2.4752001598178808,1.2784022132579924e-16,7.7152601978173424e-15,1,1.706234814649194e-15,1.4497047704256266e-16
dense_L4_random,4,0,1,30,2.2420954412041403,-5.0290912628561095e-17,2.2420954412041549,1.0487577466827177e-16,6.5366375961894319e-15,1,1.854398773145258e-15,3.5336377119672043e-16
dense_L4_random,4,0,1,31,2.3375518820976611,1.7476719200171748e-16,2.3375518820976802,4.3631801526056773e-17,8.1693529168568117e-15,1,1.7759494682162333e-15,1.6254652864808125e-16
dense_L4_random,4,0,1,32,2.2833742471741938,-1.419280286709706e-17,2.2833742471742102,1.998241097637412e-19,7.1960639339933075e-15,1,1.8579513901079969e-15,1.6548715982474243e-32
dense_L4_random,4,0,1,33,2.6510433212433124,1.50290634878154e-18,2.6510433212433329,4.3592352915528715e-17,7.7057009401819606e-15,1,1.5188062183443015e-15,6.3188285505338469e-16
dense_L4_random,4,0,1,34,2.2833742471741938,-7.0124168394787355e-17,2.2833742471742102,1.2122923691477455e-16,7.1965491271219072e-15,1,1.9186617445420986e-15,1.891281826568485e-32
dense_L4_random,4,0,1,35,2.4552960311332233,-9.149474739113736e-17,2.4552960311332406,4.735263897835683e-19,7.0540265383346127e-15,1,1.8741701031409071e-15,7.3665221240618802e-16
dense_L4_random,4,0,1,36,2.250211261899123,-3.1318455473411937e-17,2.2502112618991399,1.1620973607579347e-16,7.4997557380032015e-15,1,1.6632436388228483e-15,7.0163883743119359e-16
dense_L4_random,4,0,1,37,2.2126336965945703,-5.7428617674434877e-17,2.2126336965945885,1.152539169338494e-16,8.2293225848029754e-15,1,1.7467787917163231e-15,1.8141833328062382e-16
dense_L4_random,4,0,1,38,2.761077347314453,9.7383051959022589e-18,2.7610773473144707,8.5582437843663883e-17,6.43362284809106e-15,1,1.8732078507991661e-15,3.4951379828776827e-16
dense_L4_random,4,0,1,39,2.4675046450852385,-5.5187654108539833e-17,2.4675046450852545,4.016212641776257e-17,6.4792161275475785e-15,1,1.7163131373872387e-15,2.9175227730086192e-16
dense_L4_random,4,0,1,40,2.4675046450852385,-5.5187654108539833e-17,2.4675046450852545,4.016212641776257e-17,6.4792161275475785e-15,1,1.7163131373872387e-15,2.9175227730086192e-16
dense_L4_random,4,0,1,41,2.4752001598178617,-6.5353488077804824e-17,2.4752001598178808,1.2784022132579924e-16,7.7152601978173424e-15,1,1.706234814649194e-15,1.4497047704256266e-16
dense_L4_random,4,0,1,42,2.6510433212433155,-4.2892848223789024e-17,2.6510433212433306,5.1209628325103502e-17,5.6956166090911643e-15,1,1.9117491746547184e-15,7.5825942606406087e-16
dense_L4_random,4,0,1,43,2.2426169194692349,-1.0694002995864026e-16,2.2426169194692509,2.4563373587115848e-17,7.1290608082577255e-15,1,2.1638571440659399e-15,1.7659972707172209e-16
dense_L4_random,4,0,1,44,2.2420954412041394,3.829846423251958e-17,2.2420954412041549,-1.0104417141237936e-17,6.9324424931691657e-15,1,1.8501036319603816e-15,4.9039074356371862e-33
dense_L4_random,4,0,1,45,2.4552960311332237,-1.6117559265330665e-16,2.4552960311332424,6.5786651002515405e-17,7.5970992547309287e-15,1,1.2752137961026011e-15,5.8932176992495029e-16
dense_L4_random,4,0,1,46,2.761077347314453,9.7383051959022589e-18,2.7610773473144707,8.5582437843663883e-17,6.43362284809106e-15,1,1.8732078507991661e-15,3.4951379828776827e-16
dense_L4_random,4,0,1,47,2.4552960311332233,1.8192971006345852e-16,2.4552960311332424,1.9713500220673758e-17,7.77768740304197e-15,1,1.4629812377875985e-15,1.473304424812377e-16
dense_L4_random,4,0,1,48,2.1049686417490348,8.1998839524884115e-17,2.1049686417490507,6.8399883421449154e-17,7.594990738224356e-15,1,1.7991362499803492e-15,6.0135400910734528e-16
dense_L4_random,4,0,1,49,2.2426169194692349,-1.0694002995864026e-16,2.2426169194692509,2.4563373587115848e-17,7.1290608082577255e-15,1,2.1638571440659399e-15,1.7659972707172209e-16
dense_L4_random,4,0,1,50,2.3303778456301329,-9.0816287352725036e-17,2.3303778456301503,8.5461439974658102e-17,7.4324325864585386e-15,1,1.7278700510057111e-15,0
dense_L4_random,4,0,1,51,2.2052625166312727,-2.5901156610411024e-17,2.2052625166312887,4.4671203265595874e-17,7.249643612532717e-15,1,1.4480717246210836e-15,5.4789946967225017e-16
dense_L4_random,4,0,1,52,2.1049686417490356,-2.389915925850893e-17,2.1049686417490507,1.8143431525586894e-16,7.1737074593591681e-15,1,1.8126105824724415e-15,2.0045133636911486e-16
dense_L4_random,4,0,1,53,2.4752001598178617,-6.5353488077804824e-17,2.4752001598178808,1.2784022132579924e-16,7.7152601978173424e-15,1,1.706234814649194e-15,1.4497047704256266e-16
dense_L4_random,4,0,1,54,3.1573710095087248,-7.0325788213143965e-16,3.1573710095087435,9.1649990289763756e-17,5.9127286369976431e-15,1,1.8791913498628808e-15,5.3456464635686699e-16
dense_L4_random,4,0,1,55,2.761077347314453,9.7383051959022589e-18,2.7610773473144707,8.5582437843663883e-17,6.43362284809106e-15,1,1.8732078507991661e-15,3.4951379828776827e-16
dense_L4_random,4,0,1,56,2.0294163295401502,1.8698517147337211e-17,2.0294163295401653,1.3985430056094312e-17,7.4400869110511756e-15,1,1.74106057114343e-15,4.3130839497706475e-16
dense_L4_random,4,0,1,57,2.2833742471741938,-7.0124168394787355e-17,2.2833742471742102,1.2122923691477455e-16,7.1965491271219072e-15,1,1.9186617445420986e-15,1.891281826568485e-32
dense_L4_random,4,0,1,58,2.6510433212433124,1.50290634878154e-18,2.6510433212433329,4.3592352915528715e-17,7.7057009401819606e-15,1,1.5188062183443015e-15,6.3188285505338469e-16
dense_L4_random,4,0,1,59,2.2915363257455423,2.1007119074446571e-17,2.2915363257455592,5.3768370867364701e-17,7.364239259666648e-15,1,1.8493800126967026e-15,8.4570077557833944e-16
dense_L4_random,4,0,1,60,2.7610773473144512,2.5570904611175759e-16,2.761077347314473,1.1993733576433938e-16,7.8812695583686408e-15,1,1.4794465387579265e-15,2.3300919885851251e-16
dense_L4_random,4,0,1,61,2.2052625166312718,1.4445011045195572e-17,2.2052625166312882,4.5642872377220679e-17,7.4509634376675632e-15,1,1.8261321514851852e-15,9.1316578278708401e-16
dense_L4_random,4,0,1,62,3.1573710095087235,-1.0418046685680081e-16,3.1573710095087475,4.5260522214692553e-17,7.5953326010862708e-15,1,1.3010259829177402e-15,3.563764309045786e-16
dense_L4_random,4,0,1,63,2.0294163295401502,1.8698517147337211e-17,2.0294163295401653,1.3985430056094312e-17,7.4400869110511756e-15,1,1.74106057114343e-15,4.3130839497706475e-16
dense_L4_random,4,0,1,64,2.250211261899123,-1.4261942800199919e-17,2.2502112618991394,2.9866728665332634e-18,7.302118737008958e-15,1,1.8312027893164892e-15,1.4605792355387604e-32
dense_L4_random,4,0,1,65,2.2126336965945703,2.0893824723872892e-16,2.2126336965945885,-1.9032981139945908e-18,8.2295042082128555e-15,1,2.0193564619151787e-15,4.028296213945378e-32
dense_L4_random,4,0,1,66,2.250211261899123,-1.4261942800199919e-17,2.2502112618991394,2.9866728665332634e-18,7.302118737008958e-15,1,1.8312027893164892e-15,1.4605792355387604e-32
dense_L4_random,4,0,1,67,2.2126336965945703,-5.7428617674434877e-17,2.2126336965945885,1.152539169338494e-16,8.2293225848029754e-15,1,1.7467787917163231e-15,1.8141833328062382e-16
dense_L4_random,4,0,1,68,2.2126336965945703,-5.7428617674434877e-17,2.2126336965945885,1.152539169338494e-16,8.2293225848029754e-15,1,1.7467787917163231e-15,1.8141833328062382e-16
dense_L4_random,4,0,1,69,2.2126336965945703,-5.7428617674434877e-17,2.2126336965945885,1.152539169338494e-16,8.2293225848029754e-15,1,1.7467787917163231e-15,1.8141833328062382e-16
dense_L4_random,4,0,1,70,2.4552960311332233,1.8192971006345852e-16,2.4552960311332424,1.9713500220673758e-17,7.77768740304197e-15,1,1.4629812377875985e-15,1.473304424812377e-16
dense_L4_random,4,0,1,71,2.7610773473144516,-1.2659796754672997e-16,2.7610773473144707,9.3689355901671261e-17,6.9165416913127472e-15,1,1.8726802252048662e-15,9.3203679543404926e-16
dense_L4_random,4,0,1,72,2.1049686417490339,-1.9366560088791719e-17,2.1049686417490507,3.0310055997297668e-17,8.0169665033253347e-15,1,1.6253113919182278e-15,2.004513363691151e-16
dense_L4_random,4,0,1,73,2.2833742471741933,-6.7796786136863491e-17,2.2833742471742111,1.6021499145262009e-16,7.7801664472686695e-15,1,1.5107339894252757e-15,9.4564091328424278e-33
dense_L4_random,4,0,1,74,2.2465875804776916,-5.7718907090946547e-17,2.2465875804777089,3.9759285637952335e-18,7.7092872843625728e-15,1,1.6550667016212191e-15,3.5195205478298299e-16
dense_L4_random,4,0,1,75,2.6878299879398133,1.8006639258032063e-16,2.6878299879398351,-3.5714397975662679e-17,8.0962863051954138e-15,1,1.5996351069881646e-15,2.4588193512354509e-16
dense_L4_random,4,0,1,76,2.6510433212433124,1.50290634878154e-18,2.6510433212433329,4.3592352915528715e-17,7.7057009401819606e-15,1,1.5188062183443015e-15,6.3188285505338469e-16
dense_L4_random,4,0,1,77,2.3375518820976615,-8.4229623321422233e-17,2.3375518820976802,6.4319900931005132e-17,7.9794328841655822e-15,1,1.7265738150373584e-15,9.0231449338996183e-33
dense_L4_random,4,0,1,78,2.2502112618991226,1.2912840102883692e-17,2.2502112618991399,3.2872413287898965e-18,7.6968248058322382e-15,1,1.6737505514711983e-15,5.2622912807339551e-16
dense_L4_random,4,0,1,79,2.3375518820976615,-8.4229623321422233e-17,2.3375518820976802,6.4319900931005132e-17,7.9794328841655822e-15,1,1.7265738150373584e-15,9.0231449338996183e-33
dense_L4_random,4,0,1,80,2.761077347314453,9.7383051959022589e-18,2.7610773473144707,8.5582437843663883e-17,6.43362284809106e-15,1,1.8732078507991661e-15,3.4951379828776827e-16
dense_L4_random,4,0,1,81,2.6510433212433124,1.50290634878154e-18,2.6510433212433329,4.3592352915528715e-17,7.7057009401819606e-15,1,1.5188062183443015e-15,6.3188285505338469e-16
dense_L4_random,4,0,1,82,2.1049686417490348,8.1998839524884115e-17,2.1049686417490507,6.8399883421449154e-17,7.594990738224356e-15,1,1.7991362499803492e-15,6.0135400910734528e-16
dense_L4_random,4,0,1,83,2.2502112618991221,-4.6254949622269947e-18,2.2502112618991399,9.1497638738000922e-17,7.8942936452666627e-15,1,1.8066717783679295e-15,5.2622912807339571e-16
dense_L4_random,4,0,1,84,2.2915363257455432,-7.3241036773070413e-17,2.2915363257455592,7.1218979989607547e-17,6.9769193837701642e-15,1,1.7377495381508812e-15,6.7656062046267114e-16
dense_L4_random,4,0,1,85,2.2420954412041385,-1.6151120017249439e-17,2.2420954412041558,-1.4989257559597969e-17,7.7246841971285542e-15,1,1.6379193211976527e-15,8.8340942799180133e-16
dense_L4_random,4,0,1,86,2.1049686417490356,-2.389915925850893e-17,2.1049686417490507,1.8143431525586894e-16,7.1737074593591681e-15,1,1.8126105824724415e-15,2.0045133636911486e-16
dense_L4_random,4,0,1,87,2.2426169194692349,-2.7073425305984898e-17,2.2426169194692509,9.3830376392091679e-17,7.1290234987143975e-15,1,1.7569012133916276e-15,3.5319945414344413e-16
dense_L4_random,4,0,1,88,2.2420954412041394,4.2360422560211069e-17,2.2420954412041558,9.8003430383368911e-17,7.3285885502646144e-15,1,1.6586697789991675e-15,3.5336377119672073e-16
dense_L4_random,4,0,1,89,2.4552960311332237,-1.6117559265330665e-16,2.4552960311332424,6.5786651002515405e-17,7.5970992547309287e-15,1,1.2752137961026011e-15,5.8932176992495029e-16
dense_L4_random,4,0,1,90,2.3375518820976611,1.7476719200171748e-16,2.3375518820976802,4.3631801526056773e-17,8.1693529168568117e-15,1,1.7759494682162333e-15,1.6254652864808125e-16
dense_L4_random,4,0,1,91,2.1049686417490356,-2.389915925850893e-17,2.1049686417490507,1.8143431525586894e-16,7.1737074593591681e-15,1,1.8126105824724415e-15,2.0045133636911486e-16
dense_L4_random,4,0,1,92,2.4752001598178626,-1.5891585438758439e-16,2.4752001598178803,-2.0470830827653351e-19,7.1769054002055844e-15,1,1.6979254712103388e-15,1.4497047704256262e-16
dense_L4_random,4,0,1,93,2.250211261899123,-1.4261942800199919e-17,2.2502112618991394,2.9866728665332634e-18,7.302118737008958e-15,1,1.8312027893164892e-15,1.4605792355387604e-32
dense_L4_random,4,0,1,94,2.250211261899123,-3.1318455473411937e-17,2.2502112618991399,1.1620973607579347e-16,7.4997557380032015e-15,1,1.6632436388228483e-15,7.0163883743119359e-16
dense_L4_random,4,0,1,95,2.3303778456301329,-9.0816287352725036e-17,2.3303778456301503,8.5461439974658102e-17,7.4324325864585386e-15,1,1.7278700510057111e-15,0
dense_L4_random,4,0,1,96,2.1049686417490352,-5.3567081096657915e-18,2.1049686417490507,-8.6812849683120865e-17,7.3841175002676678e-15,1,1.6427421338676304e-15,2.0045133636911493e-16
dense_L4_random,4,0,1,97,2.2833742471741938,-1.419280286709706e-17,2.2833742471742102,1.998241097637412e-19,7.1960639339933075e-15,1,1.8579513901079969e-15,1.6548715982474243e-32
dense_L4_random,4,0,1,98,2.7610773473144512,2.5570904611175759e-16,2.761077347314473,1.1993733576433938e-16,7.8812695583686408e-15,1,1.4794465387579265e-15,2.3300919885851251e-16
dense_L4_random,4,0,1,99,2.2833742471741938,-7.0124168394787355e-17,2.2833742471742102,1.2122923691477455e-16,7.1965491271219072e-15,1,1.9186617445420986e-15,1.891281826568485e-32
dense_L4_random,4,1,0,0,1.2774704536252068,-1.7506419345378582e-17,1.2774704536252013,-5.4746823614061746e-18,4.3454063038576494e-15,1,6.5731086087482311e-15,1.3606251587575029e-16
dense_L4_random,4,1,0,1,0.8304493670831824,-1.9936117777698523e-17,0.83044936708317973,-1.199379224616239e-17,3.2085605718434856e-15,1,6.3995425671717272e-15,1.60984444348786e-16
dense_L4_random,4,1,0,2,1.6975696625567753,-6.0680068562074521e-31,1.6975696625567687,2.5657292594351993e-17,3.9240731654441738e-15,1,3.0538439221975878e-15,1.5410438993112683e-16
dense_L4_random,4,1,0,3,4.664929551934633,5.7003470304617325e-17,4.6649295519346108,1.8422091112024441e-16,4.7599486079760233e-15,1,1.8414372451900771e-15,4.5312734082825803e-33
dense_L4_random,4,1,0,4,2.8713453026272977,7.3194663471844944e-17,2.8713453026272875,8.1231512412406477e-17,3.5572367346664215e-15,1,4.4754702134434158e-15,1.0772819187280977e-15
dense_L4_random,4,1,0,5,4.1059119090090057,-5.3067988262619013e-17,4.1059119090089871,2.8592369461858594e-17,4.5426998891606633e-15,1,4.9632248275577854e-15,0
dense_L4_random,4,1,0,6,1.157617737772084,-5.0622628150407547e-18,1.1576177377720804,3.2651879437122185e-17,3.0691598237636502e-15,1,5.6931408150469703e-15,8.2847590934072355e-16
dense_L4_random,4,1,0,7,2.5671602685964494,4.0384984253651609e-17,2.5671602685964361,8.4502185328450946e-17,5.1896835207129911e-15,1,2.7120509994622787e-15,4.0431095248691742e-16
dense_L4_random,4,1,0,8,1.7615989248771013,-4.3875397064123357e-17,1.761598924877094,-1.2649525948457086e-17,4.1595952364350382e-15,1,4.5131573817339855e-15,1.4310544154133644e-16
dense_L4_random,4,1,0,9,4.1059119090090039,3.9642297639710318e-17,4.1059119090089879,1.1825527952356749e-16,3.893752517648506e-15,1,2.3591725237881428e-15,1.2644224655418306e-15
dense_L4_random,4,1,0,10,2.5670529822102401,-2.5838254258455309e-17,2.5670529822102273,2.4815423052389064e-17,5.0169150341999392e-15,1,5.1534338006937676e-15,4.0434474841379504e-16
dense_L4_random,4,1,0,11,5.1060541016178007,-1.0857796125751712e-16,5.1060541016177829,-1.3099006108612329e-16,3.4789256398437423e-15,1,2.1626589555690118e-15,4.0879976611662862e-16
dense_L4_random,4,1,0,12,4.1059119090090057,-7.0965586931631662e-17,4.1059119090089879,4.4401280282032918e-17,4.3264306232657227e-15,1,2.5594885459350159e-15,4.2147415518061021e-16
dense_L4_random,4,1,0,13,1.1540504652713213,-4.1596633067196007e-18,1.1540504652713175,-2.525205800059347e-17,3.2709290679605132e-15,1,5.8199252076830263e-15,5.0016336632607608e-16
dense_L4_random,4,1,0,14,4.1059119090090057,7.096558693162953e-17,4.1059119090089879,1.2674414259121664e-16,4.3263607114014874e-15,1,2.4325222693339481e-15,8.4294831036122003e-16
dense_L4_random,4,1,0,15,1.277363167238998,1.1422591090142494e-17,1.2773631672389936,2.3988333025384075e-17,3.4766227726636081e-15,1,4.9915515269952676e-15,0
dense_L4_random,4,1,0,16,1.7615989248771013,-4.3875397064123357e-17,1.761598924877094,-1.2649525948457086e-17,4.1595952364350382e-15,1,4.5131573817339855e-15,1.4310544154133644e-16
dense_L4_random,4,1,0,17,1.3396658221462192,1.5441664145574015e-17,1.3396658221462148,4.7432898136734691e-17,3.3150112905652559e-15,1,2.5211486131452269e-15,1.2372209634839372e-16
dense_L4_random,4,1,0,18,2.2241791258485826,-7.5048902916277258e-31,2.2241791258485728,8.1777481681795544e-17,4.3927688862984019e-15,1,2.0892128076167666e-15,2.0838926364977447e-33
dense_L4_random,4,1,0,19,0.54005717004897535,-3.5987884731550947e-31,0.54005717004897436,1.0007378635028964e-17,1.8502686200497269e-15,1,5.5437554997115491e-15,1.9032715745968252e-16
dense_L4_random,4,1,0,20,4.8999145103665365,4.501751405828828e-30,4.8999145103665169,4.6020882086720845e-17,3.9878204786448152e-15,1,2.8204015878599319e-15,5.9189298616733201e-16
dense_L4_random,4,1,0,21,4.6649295519346312,-5.7003470304620197e-17,4.6649295519346108,9.8328205308922777e-17,4.3792074401949434e-15,1,1.9044241024332883e-15,1.6325632986444223e-16
dense_L4_random,4,1,0,22,2.914299880894665,-6.5368652707314604e-17,2.914299880894653,-9.2142940071203145e-17,4.1143461720198075e-15,1,2.8733131453292997e-15,2.0915186203279821e-16
dense_L4_random,4,1,0,23,6.662798524905738,2.7813167826774049e-17,6.6627985249057096,1.9774069183126568e-16,4.2658077233443034e-15,1,1.9487834558056075e-15,1.2804623963124567e-15
dense_L4_random,4,1,0,24,1.8140556253756699,5.5284737206805281e-18,1.8140556253756626,5.7819854996731956e-17,4.0393791912248863e-15,1,2.6613784870788336e-15,0
dense_L4_random,4,1,0,25,4.1287865870586371,1.757913747506808e-17,4.1287865870586176,1.3129790762443521e-16,4.7326873718804382e-15,1,2.0927598928190569e-15,2.0840845677286386e-16
dense_L4_random,4,1,0,26,5.1060541016178007,1.0857796125751281e-16,5.1060541016177829,1.7925025652332084e-16,3.4789504037097555e-15,1,2.2535824693074864e-15,9.5386612093879966e-16
dense_L4_random,4,1,0,27,1.1860478752807337,3.1613632747186159e-17,1.1860478752807291,3.265705106191241e-17,3.9314912301192254e-15,1,4.7605280435461408e-15,3.1569360278898342e-16
dense_L4_random,4,1,0,28,4.2077588441122025,4.7136057060692651e-17,4.2077588441121874,7.0850872284104644e-17,3.5883833455612054e-15,1,3.0640535244211484e-15,4.0131789056689001e-16
dense_L4_random,4,1,0,29,1.1824306822120469,4.5944698037454773e-17,1.1824306822120425,6.9751051231949847e-17,3.7557854125213386e-15,1,5.8051789481893832e-15,3.1762804405363858e-16
dense_L4_random,4,1,0,30,5.1060541016178007,1.0857796125751281e-16,5.1060541016177829,1.7925025652332084e-16,3.4789504037097555e-15,1,2.2535824693074864e-15,9.5386612093879966e-16
dense_L4_random,4,1,0,31,2.8713453026272977,-5.9452441089979456e-17,2.8713453026272875,-2.2227742355956198e-17,3.5572592571623757e-15,1,4.2943524030464968e-15,2.1545638374561972e-16
dense_L4_random,4,1,0,32,1.2755816376130795,1.9740035666872796e-17,1.2755816376130751,1.4211539643021638e-17,3.4814671274509524e-15,1,6.7111122153864408e-15,4.0939728908996488e-16
dense_L4_random,4,1,0,33,4.664929551934633,5.7003470304617325e-17,4.6649295519346108,1.8422091112024441e-16,4.7599486079760233e-15,1,1.8414372451900771e-15,4.5312734082825803e-33
dense_L4_random,4,1,0,34,1.1860478752807333,2.9901479656503955e-17,1.1860478752807293,3.2074452490415373e-17,3.3698500394876586e-15,1,4.9013191397240193e-15,1.5784680139449183e-16
dense_L4_random,4,1,0,35,1.0594108720512907,-6.5944148259580967e-31,1.0594108720512874,2.2977698611850981e-18,3.143888697330253e-15,1,6.718822693485664e-15,1.2946881411924551e-32
dense_L4_random,4,1,0,36,1.6954684978333836,8.5886076451157099e-18,1.6954684978333763,2.4417436201538639e-17,4.3218078475731391e-15,1,5.4146685911924622e-15,3.0897316881391015e-16
dense_L4_random,4,1,0,37,1.8140556253756701,7.1470268416091175e-18,1.8140556253756623,5.5374351161754623e-17,4.2841634525146842e-15,1,5.4317419349082529e-15,4.681976965924481e-33
dense_L4_random,4,1,0,38,1.1576177377720844,1.1163527323254386e-18,1.1576177377720807,3.6233361693655741e-17,3.2609396917466818e-15,1,5.4282581630571381e-15,1.6569518186814474e-16
dense_L4_random,4,1,0,39,1.7601793722359729,3.6220891095220862e-17,1.760179372235966,6.6972429590504548e-17,3.9106533982934019e-15,1,4.4534294671038522e-15,7.9567662730313855e-33
dense_L4_random,4,1,0,40,0.83044936708318218,-1.7956376713171825e-17,0.83044936708317962,-1.4437108059658993e-17,3.0748598084255666e-15,1,7.6138644475598846e-15,1.6098444434878607e-16
dense_L4_random,4,1,0,41,6.6627985249057353,-4.1555390208646371e-17,6.6627985249057087,1.5552464964837118e-16,3.9992326533879884e-15,1,2.0944280326459802e-15,3.2011559907811478e-16
dense_L4_random,4,1,0,42,1.7997822116795019,2.7728566231612483e-17,1.7997822116794944,6.2272072017470494e-17,4.1947273100797025e-15,1,2.6257211167547661e-15,1.3709774480944023e-16
dense_L4_random,4,1,0,43,2.2241791258485826,-7.5048902916277258e-31,2.2241791258485728,8.1777481681795544e-17,4.3927688862984019e-15,1,2.0892128076167666e-15,2.0838926364977447e-33
dense_L4_random,4,1,0,44,2.5670529822102397,2.7389213257223922e-17,2.5670529822102273,6.9923530949319617e-17,4.843908836202372e-15,1,4.7943721888679233e-15,1.3478158280459838e-16
dense_L4_random,4,1,0,45,1.2756889239992879,-2.1394366152307331e-18,1.2756889239992835,-2.2137292926101315e-18,3.4811716364204709e-15,1,5.2423803851114784e-15,1.364428102511012e-16
dense_L4_random,4,1,0,46,1.3396658221462192,1.5441664145574015e-17,1.3396658221462148,4.7432898136734691e-17,3.3150112905652559e-15,1,2.5211486131452269e-15,1.2372209634839372e-16
dense_L4_random,4,1,0,47,1.154050465271321,-4.1596633067210367e-18,1.1540504652713173,-2.5252058000594308e-17,3.2709290679605136e-15,1,6.0788807483552705e-15,8.0980212449680364e-33
dense_L4_random,4,1,0,48,2.5671602685964494,4.0384984253651609e-17,2.5671602685964361,8.4502185328450946e-17,5.1896835207129911e-15,1,2.7120509994622787e-15,4.0431095248691742e-16
dense_L4_random,4,1,0,49,1.6954684978333834,8.588607645122617e-18,1.6954684978333763,2.3364947586853138e-17,4.1908432571832509e-15,1,5.4137944200175474e-15,0
dense_L4_random,4,1,0,50,2.1875530743644562,-4.1671501066649166e-17,2.1875530743644482,-8.1176873776473324e-17,3.6541757503221603e-15,1,5.7417029257607211e-15,5.1514947071581545e-33
dense_L4_random,4,1,0,51,3.019943891649191,2.0116797004821639e-17,3.0199438916491759,1.149597716003878e-16,4.9998713707092225e-15,1,2.1062646834070697e-15,2.7030414592962681e-33
dense_L4_random,4,1,0,52,6.8674432433379025,6.1225081600533582e-17,6.8674432433378758,1.9233864282525118e-16,3.8799993286579007e-15,1,2.8171967962447889e-15,9.0396433570288829e-16
dense_L4_random,4,1,0,53,1.6975696625567753,-6.0680068562074521e-31,1.6975696625567687,2.5657292594351993e-17,3.9240731654441738e-15,1,3.0538439221975878e-15,1.5410438993112683e-16
dense_L4_random,4,1,0,54,1.277363167238998,-1.1422591090143537e-17,1.2773631672389931,1.0243689744102368e-18,3.8242821548911738e-15,1,5.3734879608690629e-15,0
dense_L4_random,4,1,0,55,1.3396658221462192,1.5441664145574015e-17,1.3396658221462148,4.7432898136734691e-17,3.3150112905652559e-15,1,2.5211486131452269e-15,1.2372209634839372e-16
dense_L4_random,4,1,0,56,1.7997822116795019,2.9708307296140823e-17,1.7997822116794944,5.9828756203975049e-17,4.1947167853320657e-15,1,4.8483674682464829e-15,3.8052268227906147e-33
dense_L4_random,4,1,0,57,4.2103595778368765,-5.2197836726199948e-18,4.2103595778368561,1.2755856495727634e-16,4.8519692407406638e-15,1,2.3582148637747586e-15,6.953157782098131e-33
dense_L4_random,4,1,0,58,1.7615989248771018,4.3875397064121989e-17,1.7615989248770942,6.196536558541795e-17,4.2856169665967659e-15,1,4.3502424711746681e-15,1.4310544154133635e-16
dense_L4_random,4,1,0,59,4.1059119090090039,5.3067988262615913e-17,4.1059119090089879,1.3636940924330943e-16,3.8937582998849082e-15,1,4.5813052732382231e-15,1.2644224655418306e-15
dense_L4_random,4,1,0,60,2.1875530743644576,5.6862254067287599e-17,2.1875530743644482,5.1513050377129417e-17,4.2631536808214913e-15,1,5.455195394620031e-15,1.8560215714846818e-16
dense_L4_random,4,1,0,61,2.8713453026272986,5.9452441089976818e-17,2.8713453026272875,8.8350180384525158e-17,3.866573569072011e-15,1,4.2740231746499937e-15,4.3091276749123909e-16
dense_L4_random,4,1,0,62,1.154050465271321,4.1596633067182418e-18,1.1540504652713177,5.2141352533119966e-17,2.8863682904701397e-15,1,5.2850642306216949e-15,0
dense_L4_random,4,1,0,63,4.1059119090090066,-3.9642297639712537e-17,4.1059119090089879,4.2906826750350235e-17,4.542700842006512e-15,1,2.4181269702694645e-15,2.9245644460371854e-33
dense_L4_random,4,1,0,64,0.54005717004897535,-3.5987884731550947e-31,0.54005717004897436,1.0007378635028964e-17,1.8502686200497269e-15,1,5.5437554997115491e-15,1.9032715745968252e-16
dense_L4_random,4,1,0,65,1.7274404562079175,-1.2320760452114818e-18,1.7274404562079102,5.8920668222558041e-17,4.2419516315245651e-15,1,4.8694947964438853e-15,5.9528376671046254e-16
dense_L4_random,4,1,0,66,0.54005717004897535,-3.5987884731550947e-31,0.54005717004897436,1.0007378635028964e-17,1.8502686200497269e-15,1,5.5437554997115491e-15,1.9032715745968252e-16
dense_L4_random,4,1,0,67,4.1287865870586371,3.4591559688345463e-17,4.1287865870586176,1.194544672082803e-16,4.7326518584861228e-15,1,3.154683701246924e-15,4.1681691354572748e-16
dense_L4_random,4,1,0,68,1.1860478752807337,-3.161363274718725e-17,1.1860478752807295,2.4915077684982803e-17,3.5573827002335412e-15,1,4.6115397308052511e-15,1.5784680139449178e-16
dense_L4_random,4,1,0,69,1.7274404562079175,1.2320760452110762e-18,1.7274404562079102,2.2877694854936181e-18,4.2418087478742964e-15,1,2.4586271336103024e-15,1.4882094167761559e-16
dense_L4_random,4,1,0,70,4.8999145103665365,1.2229622330511325e-30,4.8999145103665178,4.6020882086720451e-17,3.8065569408562847e-15,1,3.5883890648853786e-15,5.9189298616733201e-16
dense_L4_random,4,1,0,71,0.90363396053784484,-2.0730812958072609e-17,0.90363396053784195,1.9698152231831593e-17,3.1947260693468986e-15,1,4.1452655088759691e-15,0
dense_L4_random,4,1,0,72,6.6627985249057398,-2.7813167826777759e-17,6.6627985249057087,1.4334048694829841e-16,4.6657145245947793e-15,1,1.8683655659269439e-15,1.6005779953905717e-16
dense_L4_random,4,1,0,73,2.9142998808946659,8.4695168078929397e-17,2.914299880894653,1.1416296651466273e-16,4.4191131060390193e-15,1,2.5395053748316805e-15,2.3220521287203653e-32
dense_L4_random,4,1,0,74,1.6954684978333834,-8.5886076451238712e-18,1.6954684978333758,3.2606616663277628e-17,4.4528276229517422e-15,1,5.4646997306728612e-15,1.544865844069551e-16
dense_L4_random,4,1,0,75,6.662798524905738,4.1555390208641379e-17,6.6627985249057105,1.9062202385914749e-16,4.1324879370828379e-15,1,2.0453411418351981e-15,8.0028899769528589e-16
dense_L4_random,4,1,0,76,2.7803517671648197,2.0378611971012604e-17,2.7803517671648081,5.5796394252064062e-17,4.152846382069102e-15,1,2.5066989799433898e-15,1.1489489300874134e-16
dense_L4_random,4,1,0,77,1.6947868857511201,2.32101812643179e-17,1.6947868857511126,3.3694497133612014e-17,4.4545564465447539e-15,1,3.2368119432617386e-15,6.1844349086028852e-16
dense_L4_random,4,1,0,78,4.1059119090090048,-5.7539896308743366e-17,4.1059119090089879,5.8715737570519653e-17,4.1101199416256071e-15,1,4.9531092824398267e-15,0
dense_L4_random,4,1,0,79,0.62191576188942244,-1.9062472865615339e-17,0.62191576188942099,-2.0528444784181209e-17,2.320717314082668e-15,1,7.4530651279270876e-15,7.9670462951940964e-33
dense_L4_random,4,1,0,80,1.1576177377720853,-2.888341001610226e-18,1.1576177377720804,3.3111660232476896e-17,4.2199715835733911e-15,1,5.4213639682343978e-15,6.6278072747257827e-16
dense_L4_random,4,1,0,81,2.5688345118361577,-3.1101829778739621e-17,2.5688345118361458,3.7378364145065241e-17,4.6677215534065236e-15,1,2.8656526651684146e-15,1.3459470107361765e-16
dense_L4_random,4,1,0,82,2.5689417982223657,-3.0992644522408124e-17,2.5689417982223537,3.061202353980064e-17,4.6675120979098101e-15,1,5.013903484032914e-15,1.3458345918595851e-16
dense_L4_random,4,1,0,83,2.8713453026272999,-7.3194663471847224e-17,2.8713453026272875,-1.0043579655883202e-17,4.3306035766904318e-15,1,4.5147821617502133e-15,4.3091276749123899e-16
dense_L4_random,4,1,0,84,2.1875530743644576,5.6862254067287599e-17,2.1875530743644482,5.1513050377129417e-17,4.2631536808214913e-15,1,5.455195394620031e-15,1.8560215714846818e-16
dense_L4_random,4,1,0,85,1.1576177377720849,8.6596157642266836e-18,1.1576177377720807,1.7354229171882193e-17,3.6444296897525817e-15,1,3.1493764593791232e-15,4.9708554560443407e-16
dense_L4_random,4,1,0,86,1.761598924877102,4.1440674767839718e-17,1.761598924877094,6.3890593360609782e-17,4.5377169510487816e-15,1,4.6558093337435011e-15,1.4310544154133635e-16
dense_L4_random,4,1,0,87,1.1576177377720853,-2.888341001610226e-18,1.1576177377720804,3.3111660232476896e-17,4.2199715835733911e-15,1,5.4213639682343978e-15,6.6278072747257827e-16
dense_L4_random,4,1,0,88,2.8713453026272977,-5.9452441089979456e-17,2.8713453026272875,-2.2227742355956198e-17,3.5572592571623757e-15,1,4.2943524030464968e-15,2.1545638374561972e-16
dense_L4_random,4,1,0,89,2.1687327427645244,-1.6972377671463696e-17,2.168732742764516,2.3048021280470207e-17,3.890654541976406e-15,1,5.3688591694102685e-15,1.8883745734471635e-16
dense_L4_random,4,1,0,90,4.89991451036654,-7.4085500889101943e-31,4.8999145103665169,4.6020882086720451e-17,4.7128750349364544e-15,1,1.6327324714625181e-15,2.9594649308366586e-16
dense_L4_random,4,1,0,91,2.7820045437820538,-6.883222074062051e-18,2.7820045437820409,3.6023853862551802e-17,4.62927301471759e-15,1,1.8654133441416127e-15,1.1475841646346599e-16
dense_L4_random,4,1,0,92,0.8750778126575397,1.12837630143679e-30,0.87507781265753692,2.254302436227331e-17,3.1718883359935635e-15,1,4.7008976225537644e-15,2.8996586826897378e-16
dense_L4_random,4,1,0,93,1.2756889239992881,2.9952628133074041e-17,1.2756889239992835,2.5407825349228254e-17,3.6552319539137303e-15,1,5.0267315754888493e-15,5.4577124100440498e-16
dense_L4_random,4,1,0,94,1.1576177377720847,-8.6596157642270796e-18,1.1576177377720807,3.0184473020776172e-17,3.4527733227903672e-15,1,3.8235300282517241e-15,0
dense_L4_random,4,1,0,95,2.7803517671648215,-1.6397532730357765e-17,2.7803517671648077,5.4564264365352406e-17,4.9515131702401656e-15,1,2.5275890066085551e-15,3.446846790262237e-16
dense_L4_random,4,1,0,96,1.1860478752807333,2.9901479656503955e-17,1.1860478752807293,3.2074452490415373e-17,3.3698500394876586e-15,1,4.9013191397240193e-15,1.5784680139449183e-16
dense_L4_random,4,1,0,97,1.8140556253756701,1.5321272699283839e-17,1.8140556253756621,6.6917298501635382e-17,4.4065750692581528e-15,1,5.1075744905399866e-15,1.3494879820220631e-16
dense_L4_random,4,1,0,98,2.7437031173001691,-5.8554930165381543e-17,2.7437031173001576,5.3135341937775393e-17,4.2084945611767145e-15,1,5.1773063607725855e-15,2.3596955801469481e-16
dense_L4_random,4,1,0,99,1.1860478752807337,-2.9901479656504886e-17,1.1860478752807293,2.7505042237067059e-17,3.7445900935916131e-15,1,4.6094616029738899e-15,1.5784680139449173e-16
dense_L4_random,4,1,1,0,1.9694804076676617,1.5839113309882406e-16,1.9694804076676553,-5.7293362632577641e-17,3.2713728388781452e-15,1,3.2434151028210978e-15,1.1448982498884378e-16
dense_L4_random,4,1,1,1,2.0350767522870061,1.4346045947544096e-16,2.0350767522869972,-3.3063832451571621e-16,4.3705617457906179e-15,1,3.5353957708520571e-15,2.1445621192220675e-16
dense_L4_random,4,1,1,2,1.8629370383413979,1.4040147074257375e-18,1.8629370383413915,-1.0632453994909598e-17,3.4565337741981583e-15,1,2.9350437390271383e-15,2.5591978498810823e-16
dense_L4_random,4,1,1,3,2.0350767522870066,-1.5594055106907574e-16,2.0350767522869972,3.9854597014664443e-16,4.590658730150718e-15,1,5.1336782377893149e-15,2.1445621192220655e-16
dense_L4_random,4,1,1,4,2.4205822253537681,-1.0204014436604983e-17,2.4205822253537619,9.1919918754401536e-17,2.5688396597961972e-15,1,3.118058209539037e-15,4.5475951197958334e-16
dense_L4_random,4,1,1,5,2.0120843887564575,1.2955721517329737e-16,2.0120843887564521,-2.3394775934423984e-18,2.6493434106741037e-15,1,3.0400589298731414e-15,4.3877091286593903e-16
dense_L4_random,4,1,1,6,1.9175024384399644,-5.5750585143772727e-18,1.9175024384399575,-1.2928205660225748e-16,3.5903444739409494e-15,1,4.3821664825549144e-15,2.4156186112687615e-16
dense_L4_random,4,1,1,7,2.4974224205271764,-2.6163337679405721e-16,2.4974224205271689,1.4401899338988865e-16,3.0272840324741169e-15,1,2.6542706710276995e-15,1.4240203783055326e-16
dense_L4_random,4,1,1,8,3.3923516287261699,-1.5191623030247883e-16,3.3923516287261606,-2.9796834794155512e-17,2.7493237585533971e-15,1,2.9265312349193398e-15,3.0871553483399811e-16
dense_L4_random,4,1,1,9,1.8629370383413979,1.1567444481819441e-16,1.8629370383413915,1.1041385083044566e-16,3.4565288891271759e-15,1,3.146871686848202e-15,1.2795989249405409e-16
dense_L4_random,4,1,1,10,3.3923516287261699,1.5191623030247801e-16,3.392351628726161,2.1694580054215932e-16,2.6182492939141452e-15,1,2.9124682131943073e-15,1.5435776741699913e-16
dense_L4_random,4,1,1,11,2.0120843887564583,-1.2955721517329841e-16,2.0120843887564521,4.0705307428631588e-17,3.0911128273619365e-15,1,3.0062103196852243e-15,4.3877091286593863e-16
dense_L4_random,4,1,1,12,2.1296276991996286,2.8536709329357541e-16,2.1296276991996193,-9.0683030953157137e-17,4.3826684469738737e-15,1,3.9099830521389079e-15,1.9583614118707959e-16
dense_L4_random,4,1,1,13,2.5463731116404955,1.1572702611708394e-16,2.5463731116404889,1.252697051044981e-16,2.6160129293162615e-15,1,3.4876509616786013e-15,2.7395935372635294e-16
dense_L4_random,4,1,1,14,1.921365955959647,1.2554088194361116e-16,1.9213659559596408,3.5756032732622237e-17,3.2361857914498047e-15,1,2.9942572313295193e-15,0
dense_L4_random,4,1,1,15,2.0056234357564739,4.3134453132724928e-18,2.0056234357564682,-1.4433985602114435e-16,2.8794404510952419e-15,1,4.0008764608461088e-15,7.6605804329363738e-34
dense_L4_random,4,1,1,16,5.173661280955594,-2.5508119508759558e-31,5.1736612809555869,-2.9117515069287154e-17,1.3733962530976247e-15,1,2.5143290815035221e-15,3.5538985822625592e-32
dense_L4_random,4,1,1,17,1.695282650304061,-6.0573831484049244e-31,1.6952826503040552,2.8507786185791084e-17,3.405467585078743e-15,1,3.0690290875859967e-15,1.5452045784246469e-16
dense_L4_random,4,1,1,18,1.921365955959647,-1.2554088194361264e-16,1.921365955959641,-6.4795326287252321e-18,3.1208976318029289e-15,1,3.1075518436243223e-15,3.6088704586582861e-16
dense_L4_random,4,1,1,19,2.3233882480653247,5.2228115945177216e-18,2.3233882480653181,3.3155956948303143e-17,2.8671044193310834e-15,1,3.69833118808976e-15,6.581374914041546e-16
dense_L4_random,4,1,1,20,2.3146710065707388,-4.8118526034700315e-18,2.3146710065707317,1.1384142083515716e-16,3.0701633025707434e-15,1,3.8189948218383655e-15,4.9732801944188682e-16
dense_L4_random,4,1,1,21,2.1760191479775934,-1.6264808465698761e-16,2.1760191479775841,1.2276656157064518e-16,4.2877563343904795e-15,1,3.3619886118132377e-15,1.8757492934232906e-16
dense_L4_random,4,1,1,22,2.5528358004064997,-1.2586452252432985e-30,2.5528358004064939,1.052310882614426e-18,2.2614693130820517e-15,1,3.3352633776192449e-15,1.3628700679598573e-16
dense_L4_random,4,1,1,23,2.5919733674397998,4.0354001061219042e-16,2.5919733674397905,9.4937438323730666e-17,3.599951339194529e-15,1,3.2347545048638603e-15,5.8709633363853927e-32
dense_L4_random,4,1,1,24,2.0432933247266911,1.2860837123452578e-16,2.0432933247266849,1.9519310023760412e-17,3.0432272439610793e-15,1,3.3050112237252057e-15,2.1273492004908688e-16
dense_L4_random,4,1,1,25,2.3523408955409564,1.4595852470474756e-16,2.3523408955409479,5.2822939193486189e-17,3.5871539726611702e-15,1,3.2019441378981745e-15,1.7820091467767901e-32
dense_L4_random,4,1,1,26,1.9175024384399646,-1.7285209909359237e-16,1.9175024384399577,1.555716693402405e-16,3.5938485025465859e-15,1,3.6567248893978758e-15,4.8312372225375211e-16
dense_L4_random,4,1,1,27,1.8325212612549255,-3.410878962983392e-16,1.8325212612549184,8.3033896071694883e-17,3.8843063562750241e-15,1,3.5985579370745372e-15,0
dense_L4_random,4,1,1,28,3.4544766841147174,5.2245023608263586e-18,3.4544766841147103,1.8313058911861328e-17,2.0568786714226356e-15,1,3.1069766204517184e-15,2.9771154502803772e-16
dense_L4_random,4,1,1,29,2.008843008818288,-2.0212252434376927e-17,2.0088430088182823,-9.9582646939856544e-19,2.8738889422061817e-15,1,3.09928665979999e-15,2.200940088914334e-16
dense_L4_random,4,1,1,30,2.3470461932338282,-1.5812337609694814e-16,2.3470461932338216,9.5403528307066275e-17,2.8402342353188663e-15,1,2.9089865307769457e-15,3.2246823313046253e-16
dense_L4_random,4,1,1,31,2.889314995153573,-6.0932570033869934e-31,2.8893149951535677,5.9290582694694783e-17,1.8445203609840284e-15,1,2.9506251682165804e-15,6.9250033709262354e-34
dense_L4_random,4,1,1,32,1.7931976726623839,-1.6930203470633753e-17,1.793197672662378,8.5057733773856371e-17,3.3437873860445437e-15,1,3.16682167331607e-15,1.5332893455265149e-32
dense_L4_random,4,1,1,33,3.3601271054786501,1.5857579204988413e-17,3.3601271054786412,1.0432319132590745e-16,2.643419275862492e-15,1,2.8797559020409382e-15,1.5733262926758481e-16
dense_L4_random,4,1,1,34,2.5917719991632451,2.7685776098419328e-17,2.5917719991632375,1.8693265719619017e-16,2.9135263180220757e-15,1,3.5054703334842579e-15,7.9333731147816991e-16
dense_L4_random,4,1,1,35,2.6790989348913961,-1.6511221960586525e-31,2.6790989348913881,5.9114810984806544e-17,2.9837734825576741e-15,1,2.8753792086617684e-15,2.4748718109857176e-16
dense_L4_random,4,1,1,36,1.7658069950211583,3.0344533427794799e-18,1.7658069950211517,2.3730954342256784e-16,3.7747367337048585e-15,1,4.3213369004330112e-15,4.2727256720375544e-16
dense_L4_random,4,1,1,37,3.2978006818135461,1.5932978245033908e-17,3.2978006818135395,1.2372977478053296e-17,2.0199338109689482e-15,1,3.144709114911612e-15,3.2667161621164834e-16
dense_L4_random,4,1,1,38,1.9213659559596477,1.2554088194361125e-16,1.921365955959641,3.5756032732622287e-17,3.4672953281874483e-15,1,3.182145066172295e-15,7.2177409173165702e-16
dense_L4_random,4,1,1,39,1.9213659559596472,-1.2554088194361241e-16,1.921365955959641,-6.4795326287251827e-18,3.2364416765139865e-15,1,3.1119754261823607e-15,7.2177409173165731e-16
dense_L4_random,4,1,1,40,2.0071502966378789,-2.8504598391284303e-16,2.0071502966378718,-7.6579065138308468e-17,3.5415807319888214e-15,1,3.2631294613262664e-15,2.2046539403992823e-16
dense_L4_random,4,1,1,41,2.5231943546525057,-4.4164205036726788e-17,2.5231943546525004,1.6517343458173451e-16,2.1136622097523451e-15,1,3.3497042544210428e-15,1.5488488513146902e-32
dense_L4_random,4,1,1,42,2.458252114323987,1.2325560505196886e-16,2.4582521143239786,1.2339509160642051e-16,3.4323961074368953e-15,1,3.1638200238664169e-15,2.939526432295143e-16
dense_L4_random,4,1,1,43,2.0771091185640032,-2.880595542496623e-16,2.077109118563996,-6.7172134418432783e-17,3.422477829450763e-15,1,3.5477387543848527e-15,6.1759368543113484e-16
dense_L4_random,4,1,1,44,2.546373111640496,-4.6308747924687451e-17,2.5463731116404889,1.53610547350633e-16,2.7915152132641961e-15,1,2.9196973031445674e-15,4.1093903058952932e-16
dense_L4_random,4,1,1,45,2.889314995153573,-6.0932570033869934e-31,2.8893149951535677,5.9290582694694783e-17,1.8445203609840284e-15,1,2.9506251682165804e-15,6.9250033709262354e-34
dense_L4_random,4,1,1,46,2.4582521143239857,-5.2811627663234869e-17,2.4582521143239786,4.4014583639424935e-17,2.8907071877316826e-15,1,3.3622384029885864e-15,2.4476474449712337e-32
dense_L4_random,4,1,1,47,3.2978006818135444,3.4528866514028291e-18,3.2978006818135395,-1.2141620361044267e-16,1.4817684453390393e-15,1,3.0696139516369139e-15,1.6333580810582429e-16
dense_L4_random,4,1,1,48,3.3601271054786492,-2.8409465053165034e-16,3.3601271054786421,-2.4600604894441275e-17,2.1160402528988468e-15,1,2.9173990743248181e-15,4.7199788780275443e-16
dense_L4_random,4,1,1,49,2.0120843887564566,4.0848010418742502e-18,2.0120843887564521,8.8521938165048499e-17,2.2075091759441454e-15,1,3.1550407847271665e-15,6.5815636929890844e-16
dense_L4_random,4,1,1,50,3.3601271054786488,2.840946505316498e-16,3.3601271054786412,1.2333929258799633e-17,2.2482501542561982e-15,1,2.8902007649859186e-15,1.5733262926758488e-16
dense_L4_random,4,1,1,51,2.0071502966378785,9.9806806833699369e-18,2.0071502966378718,6.1930260804831399e-18,3.3188043943417403e-15,1,3.0833938351780434e-15,2.6006361638344775e-32
dense_L4_random,4,1,1,52,2.3452189074668173,-1.2215725573746173e-16,2.3452189074668119,-1.1339526952716091e-16,2.2723156906159097e-15,1,3.5293041392974334e-15,1.7928488331013529e-32
dense_L4_random,4,1,1,53,3.3923516287261699,-1.5191623030247883e-16,3.3923516287261606,-2.9796834794155512e-17,2.7493237585533971e-15,1,2.9265312349193398e-15,3.0871553483399811e-16
dense_L4_random,4,1,1,54,2.306556670905179,-1.2307492477313723e-16,2.3065566709051724,-1.0801042149773913e-16,2.888008461190065e-15,1,4.263387327135066e-15,1.0016666358364083e-15
dense_L4_random,4,1,1,55,1.7658069950211583,3.0344533427794799e-18,1.7658069950211517,2.3730954342256784e-16,3.7747367337048585e-15,1,4.3213369004330112e-15,4.2727256720375544e-16
dense_L4_random,4,1,1,56,2.0394392295937855,1.2738006733197968e-16,2.0394392295937802,1.8416495531471336e-16,2.613156093681456e-15,1,4.4458874464128947e-15,4.2707944988636511e-16
dense_L4_random,4,1,1,57,2.5087032226702783,-1.7060367384594295e-16,2.508703222670273,-1.0248618694272175e-17,2.1251946088942119e-15,1,3.2785336645867522e-15,1.4112424820946135e-16
dense_L4_random,4,1,1,58,2.0071502966378789,-2.8504598391284303e-16,2.0071502966378718,-7.6579065138308468e-17,3.5415807319888214e-15,1,3.2631294613262664e-15,2.2046539403992823e-16
dense_L4_random,4,1,1,59,1.925884935751607,1.1814455907913398e-18,1.9258849357516008,7.4431927505051946e-17,3.228479707872144e-15,1,3.0480264854326738e-15,1.1973181028640287e-16
dense_L4_random,4,1,1,60,1.9889881212474934,-2.7514743165304882e-16,1.9889881212474858,-5.9793029659059854e-17,3.7972009071841074e-15,1,3.2090455101043927e-15,3.3676511484173245e-16
dense_L4_random,4,1,1,61,3.3923516287261686,1.4535952046953684e-16,3.3923516287261615,1.1853908995211616e-16,2.0945582161906145e-15,1,2.9920549454537564e-15,3.4274309483217464e-32
dense_L4_random,4,1,1,62,2.3146710065707388,-3.0547009196618539e-17,2.3146710065707317,7.6674522706770657e-17,3.0700848123186148e-15,1,3.021814447602096e-15,3.3155201296125793e-16
dense_L4_random,4,1,1,63,1.9213659559596468,-1.1270451832844351e-17,1.921365955959641,1.1456677219662993e-16,3.0054300590578342e-15,1,3.4589217394571547e-15,1.6694379483716575e-32
dense_L4_random,4,1,1,64,2.3523408955409559,1.1786344321883417e-16,2.3523408955409475,6.7221141004741175e-17,3.5870000717566584e-15,1,2.9821129054848684e-15,1.605091145878954e-16
dense_L4_random,4,1,1,65,1.9491364913462479,1.5064215945894128e-17,1.9491364913462428,1.0128236579576448e-17,2.6201491384929108e-15,1,2.967776311454124e-15,2.337844990500292e-16
dense_L4_random,4,1,1,66,1.955172327410182,2.8590368970895632e-16,1.9551723274101742,3.389954443481114e-18,3.9774982353170345e-15,1,3.2744207353774119e-15,1.1617164459306918e-16
dense_L4_random,4,1,1,67,2.2729371397190326,3.6620544644568579e-18,2.2729371397190237,4.1121094017490682e-17,3.9076589640043829e-15,1,3.0834860157715244e-15,8.5959794985241919e-16
dense_L4_random,4,1,1,68,2.3610581370355419,-1.6590229851220054e-16,2.3610581370355344,7.1336549761704124e-17,3.1990924198763205e-15,1,3.3583586008713184e-15,6.3730429623751533e-16
dense_L4_random,4,1,1,69,1.6952826503040606,-5.353089816609077e-31,1.6952826503040552,2.8507786185791133e-17,3.1435151935848478e-15,1,2.9087395319154621e-15,4.6356137352739443e-16
dense_L4_random,4,1,1,70,1.8629370383413981,-1.1567444481819515e-16,1.8629370383413915,-2.3681344030806406e-17,3.5760593046689846e-15,1,3.1535747158104761e-15,3.8387967748216227e-16
dense_L4_random,4,1,1,71,2.2352672507488145,1.5207250687991031e-16,2.2352672507488069,-2.2365294695569915e-17,3.3783573577579343e-15,1,3.0732129413796459e-15,3.5552594705037849e-16
dense_L4_random,4,1,1,72,2.0771466911339225,1.2784412390220464e-16,2.0771466911339163,1.8722063848087344e-17,2.9936289616695747e-15,1,3.1921582436243931e-15,4.1171422859053193e-16
dense_L4_random,4,1,1,73,1.9213659559596481,-6.8467812190303668e-20,1.921365955959641,-5.2507251535814996e-17,3.6982131564948717e-15,1,3.4084715365791517e-15,3.6088704586582821e-16
dense_L4_random,4,1,1,74,2.335601048168729,1.6617077713912427e-16,2.3356010481687228,6.2424373421804516e-17,2.6623187567619237e-15,1,3.1708367596835657e-15,1.6281817924899249e-16
dense_L4_random,4,1,1,75,2.5231943546525057,4.4164205036724933e-17,2.5231943546525004,-5.0338237026437768e-17,2.1123653698929895e-15,1,3.3540925092433668e-15,1.3950790219268122e-16
dense_L4_random,4,1,1,76,2.3356010481687282,1.7843981164135087e-16,2.3356010481687228,9.9023248193645825e-17,2.2819232089605902e-15,1,2.9406613184401144e-15,6.5127271699596988e-16
dense_L4_random,4,1,1,77,1.8325212612549244,3.5226924821365841e-18,1.8325212612549184,1.7659673476242721e-16,3.2729235698053988e-15,1,4.119624144731294e-15,5.2897137157538752e-16
dense_L4_random,4,1,1,78,2.3610581370355415,-4.3051425588434441e-18,2.3610581370355348,1.5267622727269874e-17,2.8213481058206575e-15,1,3.3419845977986236e-15,6.3730429623751562e-16
dense_L4_random,4,1,1,79,2.3233882480653252,-1.6734455436928908e-16,2.3233882480653181,9.0372204532874363e-17,3.0602287730323532e-15,1,3.4242878741929908e-15,4.9360311855311571e-16
dense_L4_random,4,1,1,80,1.9694804076676617,1.5839113309882406e-16,1.9694804076676553,-5.7293362632577641e-17,3.2713728388781452e-15,1,3.2434151028210978e-15,1.1448982498884378e-16
dense_L4_random,4,1,1,81,1.9491364913462486,1.2933464605666193e-16,1.9491364913462426,9.2851326952859613e-17,3.0758827648414955e-15,1,3.2506159372558762e-15,2.3378449905002915e-16
dense_L4_random,4,1,1,82,2.3610581370355415,-4.3051425588434441e-18,2.3610581370355348,1.5267622727269874e-17,2.8213481058206575e-15,1,3.3419845977986236e-15,6.3730429623751562e-16
dense_L4_random,4,1,1,83,2.4223372900369986,-1.1691121317253939e-30,2.4223372900369915,2.5026251840622163e-17,2.9333121607663763e-15,1,2.8269746596897893e-15,6.0546769818686452e-16
dense_L4_random,4,1,1,84,2.5917719991632455,-2.9500601265791493e-16,2.591771999163238,2.4045995056946747e-16,2.920196025791552e-15,1,3.6547522253020068e-15,2.9359378316576093e-32
dense_L4_random,4,1,1,85,2.4974224205271764,-2.6163337679405721e-16,2.4974224205271689,1.4401899338988865e-16,3.0272840324741169e-15,1,2.6542706710276995e-15,1.4240203783055326e-16
dense_L4_random,4,1,1,86,2.628175578346934,5.8715511727168985e-31,2.6281755783469269,5.2001824524957107e-17,2.7036312581366e-15,1,3.2867011527555804e-15,2.5717068499679966e-16
dense_L4_random,4,1,1,87,1.9694804076676609,-1.3427560660462543e-16,1.9694804076676558,-9.0246674235276655e-17,2.5931792375382296e-15,1,4.315962024772306e-15,3.4346947496653152e-16
dense_L4_random,4,1,1,88,1.8629370383413979,1.4040147074257375e-18,1.8629370383413915,-1.0632453994909598e-17,3.4565337741981583e-15,1,2.9350437390271383e-15,2.5591978498810823e-16
dense_L4_random,4,1,1,89,2.5463731116404955,1.1572702611708394e-16,2.5463731116404889,1.252697051044981e-16,2.6160129293162615e-15,1,3.4876509616786013e-15,2.7395935372635294e-16
dense_L4_random,4,1,1,90,1.921365955959647,-6.8467812189952643e-20,1.921365955959641,-5.2507251535815045e-17,3.1204017357889395e-15,1,3.1897692029869677e-15,3.6088704586582861e-16
dense_L4_random,4,1,1,91,2.0771466911339225,-1.2784412390220689e-16,2.0771466911339163,3.1417602645509937e-17,2.994149841609352e-15,1,3.8797496111435612e-15,2.0585711429526584e-16
dense_L4_random,4,1,1,92,3.2978006818135452,-3.4528866514036022e-18,3.297800681813539,9.2073420551772518e-17,1.8854938069802167e-15,1,3.055481228478417e-15,6.5334323242329737e-16
dense_L4_random,4,1,1,93,1.917502438439965,1.7285209909359103e-16,1.9175024384399575,-6.3112990463261311e-17,3.9390840593634943e-15,1,3.7975505511377089e-15,4.8312372225375231e-16
dense_L4_random,4,1,1,94,2.3356010481687277,-1.6617077713912481e-16,2.3356010481687228,-4.522456543286345e-17,2.0921716590031858e-15,1,3.3202194316380987e-15,1.6281817924899262e-16
dense_L4_random,4,1,1,95,2.4974224205271769,2.6163337679405568e-16,2.4974224205271689,-1.4501785523882828e-16,3.2048814096795239e-15,1,2.904473146942078e-15,1.4240203783055321e-16
dense_L4_random,4,1,1,96,2.0394392295937855,-1.2738006733198034e-16,2.0394392295937802,-1.4474462329542661e-16,2.6130216245918589e-15,1,4.4178562023646708e-15,2.1353972494318251e-16
dense_L4_random,4,1,1,97,2.0432933247266911,1.2860837123452578e-16,2.0432933247266849,1.9519310023760412e-17,3.0432272439610793e-15,1,3.3050112237252057e-15,2.1273492004908688e-16
dense_L4_random,4,1,1,98,2.012084388756457,4.0848010418746484e-18,2.0120843887564517,8.8521938165048499e-17,2.6488647511482527e-15,1,3.2239418006406755e-15,4.3877091286593883e-16
dense_L4_random,4,1,1,99,2.0874259024629143,1.1768054653759231e-16,2.0874259024629058,-5.9901092503164119e-17,4.0430481781395114e-15,1,3.4601394266969924e-15,6.115040462250955e-16
