proposal,branch,index,block_boundary,stale_injected,uniform,new_ratio_real,new_ratio_imag,phase3e_ratio_real,phase3e_ratio_imag,legacy_ratio_real,legacy_ratio_imag,ratio_error_phase3e,ratio_error_legacy,z2_new,z2_phase3e,z2_legacy,status_match,precision_match,decision_new,decision_phase3e,decision_legacy,pre_residual_new,pre_residual_legacy,post_residual_new,post_residual_legacy,restore_count,saved_factors,legacy_fallbacks,status
0,ket,0,1,0,0.90000000000000002,0.09960079893439916,7.6811457478686079e-172,0.09960079893439916,7.6811457478686079e-172,0.09960079893439916,6.8556546004010438e-172,0,8.2879972480066515e-172,1,1,1,1,1,0,0,0,0,0,0,0,0,0,0,PASS
1,bra,75,0,0,0.64073086538736179,0.99600798934399148,7.0710678118654751e-173,0.99600798934399148,7.0710678118654751e-173,0.99600798934399148,7.0710678118654751e-173,0,0,1,1,1,1,1,1,1,1,0,0,0,0,2,96,0,PASS
2,ket,0,1,0,0.23228126766162738,0.99600798934399148,0,0.99600798934399148,0,0.99600798934399148,7.0710678118654751e-173,0,7.0994087271556396e-173,1,1,1,1,1,1,1,1,0,0,0,0,2,96,0,PASS
3,bra,125,0,0,0.033510657897641266,1.0040080106773419,0,1.0040080106773419,0,1.0040080106773419,0,0,0,1,1,1,1,1,1,1,1,0,0,0,0,0,0,0,PASS
4,ket,28,0,0,0.22408160781300135,1.0040080106773419,0,1.0040080106773419,0,1.0040080106773419,0,0,0,1,1,1,1,1,1,1,1,0,0,0,0,2,48,0,PASS
5,bra,119,0,0,0.59682429705032614,1.0040080106773419,0,1.0040080106773419,0,1.0040080106773419,0,0,0,1,1,1,1,1,1,1,1,0,0,0,0,4,64,0,PASS
6,ket,8,1,0,0.57811118500292569,1.0040080106773419,0,1.0040080106773419,0,1.0040080106773419,0,0,0,1,1,1,1,1,1,1,1,0,0,0,0,4,32,0,PASS
7,ket,53,0,0,0.83032447953915489,1.0040080106773419,0,1.0040080106773419,0,1.0040080106773419,0,0,0,1,1,1,1,1,1,1,1,0,0,0,0,4,160,0,PASS
8,ket,56,1,0,0.4240200347222155,1.0040080106773419,0,1.0040080106773419,0,1.0040080106773419,0,0,0,1,1,1,1,1,1,1,1,0,0,0,0,4,224,0,PASS
9,bra,99,0,0,0.015409788944066855,0.99600798934399148,7.0710678118654751e-173,0.99600798934399148,7.0710678118654751e-173,0.99600798934399148,7.0710678118654751e-173,0,0,1,1,1,1,1,1,1,1,0,0,0,0,4,160,0,PASS
10,ket,16,1,0,0.51809068348202547,1.0040080106773419,0,1.0040080106773419,0,1.0040080106773419,0,0,0,1,1,1,1,1,1,1,1,0,0,0,0,4,80,0,PASS
11,ket,22,0,0,0.35259087576454945,1.0040080106773419,0,1.0040080106773419,0,1.0040080106773419,0,0,0,1,1,1,1,1,1,1,1,0,0,0,0,4,240,0,PASS
12,ket,20,0,0,0.43487662105587088,1.0040080106773419,0,1.0040080106773419,0,1.0040080106773419,0,0,0,1,1,1,1,1,1,1,1,0,0,0,0,4,240,0,PASS
13,bra,79,0,0,0.31131125071698196,1.0040080106773419,0,1.0040080106773419,0,1.0040080106773419,0,0,0,1,1,1,1,1,1,1,1,0,0,0,0,4,128,0,PASS
14,ket,24,1,0,0.69965157032510983,0.99600798934399148,1e-172,0.99600798934399148,1e-172,0.99600798934399148,7.0710678118654751e-173,0,2.9406713796177787e-173,1,1,1,1,1,1,1,1,0,0,0,0,4,144,0,PASS
15,ket,33,0,0,0.99313337670924717,0.99600798934399148,7.0710678118654751e-173,0.99600798934399148,7.0710678118654751e-173,0.99600798934399148,1e-172,0,2.9406713796177787e-173,1,1,1,1,1,1,1,1,0,0,0,0,4,224,0,PASS
16,ket,48,1,0,0.57170300174858624,0.99600798934399148,7.0710678118654751e-173,0.99600798934399148,7.0710678118654751e-173,0.99600798934399148,1e-172,0,2.9406713796177787e-173,1,1,1,1,1,1,1,1,0,0,0,0,4,208,0,PASS
17,bra,123,0,0,0.50211166171141419,0.99600798934399148,7.0710678118654751e-173,0.99600798934399148,7.0710678118654751e-173,0.99600798934399148,7.0710678118654751e-173,0,0,1,1,1,1,1,1,1,1,0,0,0,0,2,96,0,PASS
18,ket,32,1,0,0.60869713476593612,1.0040080106773419,0,1.0040080106773419,0,1.0040080106773419,0,0,0,1,1,1,1,1,1,1,1,0,0,0,0,2,64,0,PASS
19,bra,67,0,0,0.75212123200963565,1.0040080106773419,0,1.0040080106773419,0,1.0040080106773419,0,0,0,1,1,1,1,1,1,1,1,0,0,0,0,4,176,0,PASS
20,ket,12,0,0,0.72155882096010293,0.99600798934399148,1e-172,0.99600798934399148,1e-172,0.99600798934399148,7.0710678118654751e-173,0,2.9406713796177787e-173,1,1,1,1,1,1,1,1,0,0,0,0,4,128,0,PASS
21,bra,103,0,0,0.28483744640226522,1.0040080106773419,0,1.0040080106773419,0,1.0040080106773419,0,0,0,1,1,1,1,1,1,1,1,0,0,0,0,4,64,0,PASS
22,ket,40,1,0,0.77289940385144251,1.0040080106773419,0,1.0040080106773419,0,1.0040080106773419,0,0,0,1,1,1,1,1,1,1,1,0,0,0,0,4,128,0,PASS
23,ket,3,0,0,0.90289002104140681,0.99600798934399148,7.0710678118654751e-173,0.99600798934399148,7.0710678118654751e-173,0.99600798934399148,7.0710678118654751e-173,0,0,1,1,1,1,1,1,1,1,0,0,0,0,2,160,0,PASS
24,ket,40,1,0,0.075803429991513016,0.99600798934399148,7.0710678118654751e-173,0.99600798934399148,7.0710678118654751e-173,0.99600798934399148,7.0710678118654751e-173,0,0,1,1,1,1,1,1,1,1,0,0,0,0,2,160,0,PASS
25,bra,83,0,0,0.61760259338956591,1.0040080106773419,0,1.0040080106773419,0,1.0040080106773419,0,0,0,1,1,1,1,1,1,1,1,0,0,0,0,4,160,0,PASS
26,ket,48,1,0,0.93814821184601815,1.0040080106773419,0,1.0040080106773419,0,1.0040080106773419,0,0,0,1,1,1,1,1,1,1,1,0,0,0,0,4,176,0,PASS
27,ket,12,0,0,0.40930264244137149,1.0040080106773419,0,1.0040080106773419,0,1.0040080106773419,0,0,0,1,1,1,1,1,1,1,1,0,0,0,0,4,160,0,PASS
28,ket,4,0,0,0.2159048230240391,1.0040080106773419,0,1.0040080106773419,0,1.0040080106773419,0,0,0,1,1,1,1,1,1,1,1,0,0,0,0,2,224,0,PASS
29,bra,127,0,0,0.82911193815834949,1.0040080106773419,0,1.0040080106773419,0,1.0040080106773419,0,0,0,1,1,1,1,1,1,1,1,0,0,0,0,0,0,0,PASS
30,ket,56,1,0,0.27630170350530847,0.99600798934399148,7.0710678118654751e-173,0.99600798934399148,7.0710678118654751e-173,0.99600798934399148,7.0710678118654751e-173,0,0,1,1,1,1,1,1,1,1,0,0,0,0,2,112,0,PASS
31,ket,58,0,0,0.90000000000000002,0.10040080106773419,2.9999999999999998e-172,0.10040080106773419,2.9999999999999998e-172,0.10040080106773419,6.2449979983983982e-172,0,3.2320439318100654e-171,1,1,1,1,1,0,0,0,0,0,0,0,4,240,0,PASS
32,ket,32,1,0,0.65767170882641002,0.99600798934399148,1e-172,0.99600798934399148,1e-172,0.99600798934399148,7.0710678118654751e-173,0,2.9406713796177787e-173,1,1,1,1,1,1,1,1,0,0,0,0,4,192,0,PASS
33,bra,107,0,0,0.19479022479772401,1.0040080106773419,0,1.0040080106773419,0,1.0040080106773419,0,0,0,1,1,1,1,1,1,1,1,0,0,0,0,4,96,0,PASS
34,bra,64,1,0,0.56327995259061625,1.0040080106773419,0,1.0040080106773419,0,1.0040080106773419,0,0,0,1,1,1,1,1,1,1,1,0,0,0,0,4,160,0,PASS
35,bra,76,0,0,0.98345117046098929,1.0040080106773419,0,1.0040080106773419,0,1.0040080106773419,0,0,0,1,1,1,1,1,1,1,1,0,0,0,0,4,224,0,PASS
36,ket,60,0,0,0.64522661816734372,0.99600798934399148,7.0710678118654751e-173,0.99600798934399148,7.0710678118654751e-173,0.99600798934399148,7.0710678118654751e-173,0,0,1,1,1,1,1,1,1,1,0,0,0,0,4,208,0,PASS
37,bra,87,0,0,0.8002970024265248,0.99600798934399148,7.0710678118654751e-173,0.99600798934399148,7.0710678118654751e-173,0.99600798934399148,7.0710678118654751e-173,0,0,1,1,1,1,1,1,1,1,0,0,0,0,4,192,0,PASS
38,bra,72,1,0,0.049132100857714092,0.99600798934399148,7.0710678118654751e-173,0.99600798934399148,7.0710678118654751e-173,0.99600798934399148,7.0710678118654751e-173,0,0,1,1,1,1,1,1,1,1,0,0,0,0,4,224,0,PASS
39,ket,14,0,0,0.38080812705480754,1.0040080106773419,0,1.0040080106773419,0,1.0040080106773419,0,0,0,1,1,1,1,1,1,1,1,0,0,0,0,4,112,0,PASS
40,ket,24,1,0,0.60116143118458776,1.0040080106773419,0,1.0040080106773419,0,1.0040080106773419,0,0,0,1,1,1,1,1,1,1,1,0,0,0,0,4,208,0,PASS
41,bra,67,0,0,0.94087203372366301,0.99600798934399148,7.0710678118654751e-173,0.99600798934399148,7.0710678118654751e-173,0.99600798934399148,7.0710678118654751e-173,0,0,1,1,1,1,1,1,1,1,0,0,0,0,4,160,0,PASS
42,bra,80,1,0,0.099317116886140436,1.0040080106773419,0,1.0040080106773419,0,1.0040080106773419,0,0,0,1,1,1,1,1,1,1,1,0,0,0,0,4,208,0,PASS
43,bra,107,0,0,0.037914275553600649,0.99600798934399148,7.0710678118654751e-173,0.99600798934399148,7.0710678118654751e-173,0.99600798934399148,7.0710678118654751e-173,0,0,1,1,1,1,1,1,1,1,0,0,0,0,4,192,0,PASS
44,ket,52,0,0,0.043970979825100134,1.0040080106773419,0,1.0040080106773419,0,1.0040080106773419,0,0,0,1,1,1,1,1,1,1,1,0,0,0,0,4,128,0,PASS
45,bra,111,0,0,0.87921839694294845,0.99600798934399148,7.0710678118654751e-173,0.99600798934399148,7.0710678118654751e-173,0.99600798934399148,7.0710678118654751e-173,0,0,1,1,1,1,1,1,1,1,0,0,0,0,4,128,0,PASS
46,bra,88,1,0,0.64434432144799647,1.0040080106773419,0,1.0040080106773419,0,1.0040080106773419,0,0,0,1,1,1,1,1,1,1,1,0,0,0,0,4,208,0,PASS
47,bra,99,0,0,0.23446704644346678,1.0040080106773419,0,1.0040080106773419,0,1.0040080106773419,0,0,0,1,1,1,1,1,1,1,1,0,0,0,0,4,224,0,PASS
48,ket,16,1,0,0.68681661510637693,0.99600798934399148,7.0710678118654751e-173,0.99600798934399148,7.0710678118654751e-173,0.99600798934399148,7.0710678118654751e-173,0,0,1,1,1,1,1,1,1,1,0,0,0,0,4,80,0,PASS
49,bra,91,0,0,0.056276943264612266,1.0040080106773419,0,1.0040080106773419,0,1.0040080106773419,0,0,0,1,1,1,1,1,1,1,1,0,0,0,0,4,96,0,PASS
50,bra,96,1,0,0.088389196230566958,0.99600798934399148,7.0710678118654751e-173,0.99600798934399148,7.0710678118654751e-173,0.99600798934399148,7.0710678118654751e-173,0,0,1,1,1,1,1,1,1,1,0,0,0,0,4,224,0,PASS
51,bra,72,1,0,0.17813039942886297,1.0040080106773419,0,1.0040080106773419,0,1.0040080106773419,0,0,0,1,1,1,1,1,1,1,1,0,0,0,0,4,192,0,PASS
52,ket,44,0,0,0.6471043531516919,1.0040080106773419,0,1.0040080106773419,0,1.0040080106773419,0,0,0,1,1,1,1,1,1,1,1,0,0,0,0,4,176,0,PASS
53,bra,71,0,0,0.23741740442751291,1.0040080106773419,0,1.0040080106773419,0,1.0040080106773419,0,0,0,1,1,1,1,1,1,1,1,0,0,0,0,4,192,0,PASS
54,bra,104,1,0,0.77973330982508948,1.0040080106773419,0,1.0040080106773419,0,1.0040080106773419,0,0,0,1,1,1,1,1,1,1,1,0,0,0,0,4,160,0,PASS
55,bra,70,0,0,0.99774249600481024,1.0040080106773419,0,1.0040080106773419,0,1.0040080106773419,0,0,0,1,1,1,1,1,1,1,1,0,0,0,0,4,160,0,PASS
56,ket,8,1,0,0.9192495365273633,0.99600798934399148,7.0710678118654751e-173,0.99600798934399148,7.0710678118654751e-173,0.99600798934399148,7.0710678118654751e-173,0,0,1,1,1,1,1,1,1,1,0,0,0,0,4,128,0,PASS
57,bra,115,0,0,0.66862716927263655,1.0040080106773419,0,1.0040080106773419,0,1.0040080106773419,0,0,0,1,1,1,1,1,1,1,1,0,0,0,0,4,32,0,PASS
58,bra,112,1,0,0.21727336306435813,1.0040080106773419,0,1.0040080106773419,0,1.0040080106773419,0,0,0,1,1,1,1,1,1,1,1,0,0,0,0,4,240,0,PASS
59,bra,122,0,0,0.58289808883734606,1.0040080106773419,0,1.0040080106773419,0,1.0040080106773419,0,0,0,1,1,1,1,1,1,1,1,0,0,0,0,2,224,0,PASS
60,ket,36,0,0,0.20090549450248282,0.99600798934399148,7.0710678118654751e-173,0.99600798934399148,7.0710678118654751e-173,0.99600798934399148,7.0710678118654751e-173,0,0,1,1,1,1,1,1,1,1,0,0,0,0,2,64,0,PASS
61,bra,95,0,0,0.86627054088585698,1.0040080106773419,0,1.0040080106773419,0,1.0040080106773419,0,0,0,1,1,1,1,1,1,1,1,0,0,0,0,4,128,0,PASS
62,bra,120,1,0,0.90000000000000002,0.09960079893439916,5.2915026221291816e-172,0.09960079893439916,5.2915026221291816e-172,0.09960079893439916,2.0000000000000001e-172,0,3.3046949997831736e-171,1,1,1,1,1,0,0,0,0,0,0,0,2,176,0,PASS
63,ket,39,0,0,0.79045594680577314,0.99600798934399148,7.0710678118654751e-173,0.99600798934399148,7.0710678118654751e-173,0.99600798934399148,7.0710678118654751e-173,0,0,1,1,1,1,1,1,1,1,0,0,0,0,4,128,0,PASS
64,ket,0,1,0,0.47999474414364857,1.0040080106773419,0,1.0040080106773419,0,1.0040080106773419,0,0,0,1,1,1,1,1,1,1,1,0,0,0,0,2,176,0,PASS
65,bra,75,0,0,0.37764433676690062,1.0040080106773419,0,1.0040080106773419,0,1.0040080106773419,0,0,0,1,1,1,1,1,1,1,1,0,0,0,0,2,96,0,PASS
66,ket,0,1,0,0.015567114282845291,0.99600798934399148,7.0710678118654751e-173,0.99600798934399148,7.0710678118654751e-173,0.99600798934399148,7.0710678118654751e-173,0,0,1,1,1,1,1,1,1,1,0,0,0,0,2,96,0,PASS
67,ket,47,0,0,0.83456949727853014,1.0040080106773419,0,1.0040080106773419,0,1.0040080106773419,0,0,0,1,1,1,1,1,1,1,1,0,0,0,0,2,160,0,PASS
68,ket,28,0,0,0.222115471375056,0.99600798934399148,1e-172,0.99600798934399148,1e-172,0.99600798934399148,7.0710678118654751e-173,0,2.9406713796177787e-173,1,1,1,1,1,1,1,1,0,0,0,0,4,208,0,PASS
69,bra,119,0,0,0.52454317921198035,0.99600798934399148,1e-172,0.99600798934399148,1e-172,0.99600798934399148,7.0710678118654751e-173,0,2.9406713796177787e-173,1,1,1,1,1,1,1,1,0,0,0,0,4,64,0,PASS
70,ket,8,1,0,0.50520316640987506,1.0040080106773419,0,1.0040080106773419,0,1.0040080106773419,0,0,0,1,1,1,1,1,1,1,1,0,0,0,0,4,32,0,PASS
71,ket,17,0,0,0.45294994129450084,1.0040080106773419,0,1.0040080106773419,0,1.0040080106773419,0,0,0,1,1,1,1,1,1,1,1,0,0,0,0,4,224,0,PASS
72,ket,56,1,0,0.75232122960088432,1.0040080106773419,0,1.0040080106773419,0,1.0040080106773419,0,0,0,1,1,1,1,1,1,1,1,0,0,0,0,4,160,0,PASS
73,bra,99,0,0,0.57515478903603801,0.99600798934399148,7.0710678118654751e-173,0.99600798934399148,7.0710678118654751e-173,0.99600798934399148,7.0710678118654751e-173,0,0,1,1,1,1,1,1,1,1,0,0,0,0,4,160,0,PASS
74,ket,16,1,0,0.27437275279577117,1.0040080106773419,0,1.0040080106773419,0,1.0040080106773419,0,0,0,1,1,1,1,1,1,1,1,0,0,0,0,4,80,0,PASS
75,bra,78,0,0,0.57013029622578859,0.99600798934399148,7.0710678118654751e-173,0.99600798934399148,7.0710678118654751e-173,0.99600798934399148,7.0710678118654751e-173,0,0,1,1,1,1,1,1,1,1,0,0,0,0,4,128,0,PASS
76,ket,20,0,0,0.91751556875518092,0.99600798934399148,7.0710678118654751e-173,0.99600798934399148,7.0710678118654751e-173,0.99600798934399148,7.0710678118654751e-173,0,0,1,1,1,1,1,1,1,1,0,0,0,0,4,128,0,PASS
77,bra,79,0,0,0.45441203280314224,0.99600798934399148,7.0710678118654751e-173,0.99600798934399148,7.0710678118654751e-173,0.99600798934399148,7.0710678118654751e-173,0,0,1,1,1,1,1,1,1,1,0,0,0,0,4,128,0,PASS
78,ket,24,1,0,0.30445031485864443,0.99600798934399148,7.0710678118654751e-173,0.99600798934399148,7.0710678118654751e-173,0.99600798934399148,7.0710678118654751e-173,0,0,1,1,1,1,1,1,1,1,0,0,0,0,4,144,0,PASS
79,ket,54,0,0,0.65584967649260029,0.99600798934399148,7.0710678118654751e-173,0.99600798934399148,7.0710678118654751e-173,0.99600798934399148,1e-172,0,2.9406713796177787e-173,1,1,1,1,1,1,1,1,0,0,0,0,4,192,0,PASS
80,ket,48,1,0,0.25843278974701106,0.99600798934399148,7.0710678118654751e-173,0.99600798934399148,7.0710678118654751e-173,0.99600798934399148,7.0710678118654751e-173,0,0,1,1,1,1,1,1,1,1,0,0,0,0,4,240,0,PASS
81,bra,123,0,0,0.36396203030494623,1.0040080106773419,0,1.0040080106773419,0,1.0040080106773419,0,0,0,1,1,1,1,1,1,1,1,0,0,0,0,2,96,0,PASS
82,ket,32,1,0,0.51427190807652512,1.0040080106773419,0,1.0040080106773419,0,1.0040080106773419,0,0,0,1,1,1,1,1,1,1,1,0,0,0,0,2,64,0,PASS
83,ket,57,0,0,0.74002311242783902,0.99600798934399148,7.0710678118654751e-173,0.99600798934399148,7.0710678118654751e-173,0.99600798934399148,1e-172,0,2.9406713796177787e-173,1,1,1,1,1,1,1,1,0,0,0,0,4,192,0,PASS
84,ket,12,0,0,0.74324584627964319,0.99600798934399148,7.0710678118654751e-173,0.99600798934399148,7.0710678118654751e-173,0.99600798934399148,1e-172,0,2.9406713796177787e-173,1,1,1,1,1,1,1,1,0,0,0,0,4,144,0,PASS
85,bra,103,0,0,0.05617805864816644,0.99600798934399148,7.0710678118654751e-173,0.99600798934399148,7.0710678118654751e-173,0.99600798934399148,7.0710678118654751e-173,0,0,1,1,1,1,1,1,1,1,0,0,0,0,4,64,0,PASS
86,ket,40,1,0,0.33424603198004665,1.0040080106773419,0,1.0040080106773419,0,1.0040080106773419,0,0,0,1,1,1,1,1,1,1,1,0,0,0,0,4,128,0,PASS
87,bra,88,1,0,0.29941238015081745,0.99600798934399148,1e-172,0.99600798934399148,1e-172,0.99600798934399148,7.0710678118654751e-173,0,2.9406713796177787e-173,1,1,1,1,1,1,1,1,0,0,0,0,4,144,0,PASS
88,ket,40,1,0,0.89628158830774851,0.99600798934399148,7.0710678118654751e-173,0.99600798934399148,7.0710678118654751e-173,0.99600798934399148,7.0710678118654751e-173,0,0,1,1,1,1,1,1,1,1,0,0,0,0,4,144,0,PASS
89,bra,83,0,0,0.4408967237417778,0.99600798934399148,7.0710678118654751e-173,0.99600798934399148,7.0710678118654751e-173,0.99600798934399148,7.0710678118654751e-173,0,0,1,1,1,1,1,1,1,1,0,0,0,0,4,160,0,PASS
90,ket,48,1,0,0.56874624995542333,1.0040080106773419,0,1.0040080106773419,0,1.0040080106773419,0,0,0,1,1,1,1,1,1,1,1,0,0,0,0,4,176,0,PASS
91,ket,48,1,0,0.78783353570340375,0.99600798934399148,7.0710678118654751e-173,0.99600798934399148,7.0710678118654751e-173,0.99600798934399148,7.0710678118654751e-173,0,0,1,1,1,1,1,1,1,1,0,0,0,0,4,240,0,PASS
92,ket,4,0,0,0.0095683863603854193,0.99600798934399148,7.0710678118654751e-173,0.99600798934399148,7.0710678118654751e-173,0.99600798934399148,7.0710678118654751e-173,0,0,1,1,1,1,1,1,1,1,0,0,0,0,2,144,0,PASS
93,bra,127,0,0,0.90000000000000002,0.09960079893439916,0,0.09960079893439916,0,0.09960079893439916,6.1237243569579458e-172,0,6.1482683095657313e-171,1,1,1,1,1,0,0,0,0,0,0,0,0,0,0,PASS
94,ket,56,1,0,0.17523937062119466,0.99600798934399148,7.0710678118654751e-173,0.99600798934399148,7.0710678118654751e-173,0.99600798934399148,7.0710678118654751e-173,0,0,1,1,1,1,1,1,1,1,0,0,0,0,4,240,0,PASS
95,ket,56,1,0,0.29786838895526302,1.0040080106773419,0,1.0040080106773419,0,1.0040080106773419,0,0,0,1,1,1,1,1,1,1,1,0,0,0,0,4,240,0,PASS
96,ket,32,1,0,0.86577296708994755,0.99600798934399148,1e-172,0.99600798934399148,1e-172,0.99600798934399148,7.0710678118654751e-173,0,2.9406713796177787e-173,1,1,1,1,1,1,1,1,0,0,0,0,4,192,0,PASS
97,bra,107,0,0,0.58119851559339863,1.0040080106773419,0,1.0040080106773419,0,1.0040080106773419,0,0,0,1,1,1,1,1,1,1,1,0,0,0,0,4,96,0,PASS
98,bra,64,1,0,0.15980891122215349,0.99600798934399148,7.0710678118654751e-173,0.99600798934399148,7.0710678118654751e-173,0.99600798934399148,7.0710678118654751e-173,0,0,1,1,1,1,1,1,1,1,0,0,0,0,4,160,0,PASS
99,ket,58,0,0,0.80667420299543857,1.0040080106773419,0,1.0040080106773419,0,1.0040080106773419,0,0,0,1,1,1,1,1,1,1,1,0,0,0,0,4,224,0,PASS
100,ket,60,0,0,0.87275444760349574,1.0040080106773419,0,1.0040080106773419,0,1.0040080106773419,0,0,0,1,1,1,1,1,1,1,1,0,0,0,0,4,240,0,PASS
101,bra,87,0,0,0.26948879325586306,1.0040080106773419,0,1.0040080106773419,0,1.0040080106773419,0,0,0,1,1,1,1,1,1,1,1,0,0,0,0,4,192,0,PASS
102,bra,72,1,0,0.58653179688707746,0.99600798934399148,7.0710678118654751e-173,0.99600798934399148,7.0710678118654751e-173,0.99600798934399148,7.0710678118654751e-173,0,0,1,1,1,1,1,1,1,1,0,0,0,0,4,224,0,PASS
103,bra,80,1,0,0.93074480027621442,0.99600798934399148,7.0710678118654751e-173,0.99600798934399148,7.0710678118654751e-173,0.99600798934399148,7.0710678118654751e-173,0,0,1,1,1,1,1,1,1,1,0,0,0,0,4,224,0,PASS
104,ket,24,1,0,0.20259028042577287,1.0040080106773419,0,1.0040080106773419,0,1.0040080106773419,0,0,0,1,1,1,1,1,1,1,1,0,0,0,0,4,128,0,PASS
105,bra,67,0,0,0.11801338851862223,1.0040080106773419,0,1.0040080106773419,0,1.0040080106773419,0,0,0,1,1,1,1,1,1,1,1,0,0,0,0,4,160,0,PASS
106,bra,80,1,0,0.14601586900651692,1.0040080106773419,0,1.0040080106773419,0,1.0040080106773419,0,0,0,1,1,1,1,1,1,1,1,0,0,0,0,4,208,0,PASS
107,ket,0,1,0,0.82389075686137692,1.0040080106773419,0,1.0040080106773419,0,1.0040080106773419,0,0,0,1,1,1,1,1,1,1,1,0,0,0,0,2,80,0,PASS
108,ket,52,0,0,0.30106875144072248,0.99600798934399148,7.0710678118654751e-173,0.99600798934399148,7.0710678118654751e-173,0.99600798934399148,7.0710678118654751e-173,0,0,1,1,1,1,1,1,1,1,0,0,0,0,2,144,0,PASS
109,bra,111,0,0,0.75297103593446535,1.0040080106773419,0,1.0040080106773419,0,1.0040080106773419,0,0,0,1,1,1,1,1,1,1,1,0,0,0,0,4,128,0,PASS
110,bra,88,1,0,0.54250375413888641,1.0040080106773419,0,1.0040080106773419,0,1.0040080106773419,0,0,0,1,1,1,1,1,1,1,1,0,0,0,0,4,208,0,PASS
111,ket,37,0,0,0.55823426254888031,1.0040080106773419,0,1.0040080106773419,0,1.0040080106773419,0,0,0,1,1,1,1,1,1,1,1,0,0,0,0,4,128,0,PASS
112,ket,16,1,0,0.92119407437007783,0.99600798934399148,7.0710678118654751e-173,0.99600798934399148,7.0710678118654751e-173,0.99600798934399148,7.0710678118654751e-173,0,0,1,1,1,1,1,1,1,1,0,0,0,0,4,208,0,PASS
113,bra,91,0,0,0.46863283387539717,0.99600798934399148,7.0710678118654751e-173,0.99600798934399148,7.0710678118654751e-173,0.99600798934399148,7.0710678118654751e-173,0,0,1,1,1,1,1,1,1,1,0,0,0,0,4,96,0,PASS
114,bra,96,1,0,0.37368642701846089,1.0040080106773419,0,1.0040080106773419,0,1.0040080106773419,0,0,0,1,1,1,1,1,1,1,1,0,0,0,0,4,224,0,PASS
115,ket,34,0,0,0.075993432873552383,1.0040080106773419,0,1.0040080106773419,0,1.0040080106773419,0,0,0,1,1,1,1,1,1,1,1,0,0,0,0,4,112,0,PASS
116,ket,44,0,0,0.66392433795408312,0.99600798934399148,7.0710678118654751e-173,0.99600798934399148,7.0710678118654751e-173,0.99600798934399148,7.0710678118654751e-173,0,0,1,1,1,1,1,1,1,1,0,0,0,0,4,224,0,PASS
117,bra,71,0,0,0.5459626371095414,0.99600798934399148,1e-172,0.99600798934399148,1e-172,0.99600798934399148,7.0710678118654751e-173,0,2.9406713796177787e-173,1,1,1,1,1,1,1,1,0,0,0,0,4,192,0,PASS
118,bra,104,1,0,0.079901003834837891,0.99600798934399148,7.0710678118654751e-173,0.99600798934399148,7.0710678118654751e-173,0.99600798934399148,7.0710678118654751e-173,0,0,1,1,1,1,1,1,1,1,0,0,0,0,4,160,0,PASS
119,bra,66,0,0,0.13680794720087852,0.99600798934399148,1e-172,0.99600798934399148,1e-172,0.99600798934399148,7.0710678118654751e-173,0,2.9406713796177787e-173,1,1,1,1,1,1,1,1,0,0,0,0,4,160,0,PASS
120,ket,8,1,0,0.24579007297958488,0.99600798934399148,7.0710678118654751e-173,0.99600798934399148,7.0710678118654751e-173,0.99600798934399148,7.0710678118654751e-173,0,0,1,1,1,1,1,1,1,1,0,0,0,0,4,128,0,PASS
121,bra,115,0,0,0.3222320170269305,0.99600798934399148,7.0710678118654751e-173,0.99600798934399148,7.0710678118654751e-173,0.99600798934399148,7.0710678118654751e-173,0,0,1,1,1,1,1,1,1,1,0,0,0,0,4,32,0,PASS
122,bra,112,1,0,0.2183415998886917,0.99600798934399148,7.0710678118654751e-173,0.99600798934399148,7.0710678118654751e-173,0.99600798934399148,7.0710678118654751e-173,0,0,1,1,1,1,1,1,1,1,0,0,0,0,4,240,0,PASS
123,ket,34,0,0,0.42155087954646914,0.99600798934399148,1e-172,0.99600798934399148,1e-172,0.99600798934399148,7.0710678118654751e-173,0,2.9406713796177787e-173,1,1,1,1,1,1,1,1,0,0,0,0,4,80,0,PASS
124,ket,36,0,0,0.90000000000000002,0.10040080106773419,5.7008771254956895e-172,0.10040080106773419,5.7008771254956895e-172,0.10040080106773419,5.7008771254956895e-172,0,0,1,1,1,1,1,0,0,0,0,0,0,0,4,240,0,PASS
125,bra,95,0,0,0.96646127164069962,0.99600798934399148,7.0710678118654751e-173,0.99600798934399148,7.0710678118654751e-173,0.99600798934399148,7.0710678118654751e-173,0,0,1,1,1,1,1,1,1,1,0,0,0,0,4,128,0,PASS
126,bra,120,1,0,0.89176103134256002,0.99600798934399148,7.0710678118654751e-173,0.99600798934399148,7.0710678118654751e-173,0.99600798934399148,7.0710678118654751e-173,0,0,1,1,1,1,1,1,1,1,0,0,0,0,2,176,0,PASS
127,bra,83,0,0,0.60442679604086758,1.0040080106773419,0,1.0040080106773419,0,1.0040080106773419,0,0,0,1,1,1,1,1,1,1,1,0,0,0,0,2,160,0,PASS
128,ket,0,1,0,0.79715813823390969,0.99600798934399148,7.0710678118654751e-173,0.99600798934399148,7.0710678118654751e-173,0.99600798934399148,7.0710678118654751e-173,0,0,1,1,1,1,1,1,1,1,0,0,0,0,2,80,0,PASS
129,bra,75,0,0,0.61962148435427922,0.99600798934399148,7.0710678118654751e-173,0.99600798934399148,7.0710678118654751e-173,0.99600798934399148,7.0710678118654751e-173,0,0,1,1,1,1,1,1,1,1,0,0,0,0,2,96,0,PASS
130,ket,0,1,0,0.57686303216201484,1.0040080106773419,0,1.0040080106773419,0,1.0040080106773419,0,0,0,1,1,1,1,1,1,1,1,0,0,0,0,2,96,0,PASS
131,ket,44,0,0,0.12299307959343743,1.0040080106773419,0,1.0040080106773419,0,1.0040080106773419,0,0,0,1,1,1,1,1,1,1,1,0,0,0,0,2,160,0,PASS
132,ket,28,0,0,0.13778200633030607,1.0040080106773419,0,1.0040080106773419,0,1.0040080106773419,0,0,0,1,1,1,1,1,1,1,1,0,0,0,0,4,208,0,PASS
133,bra,119,0,0,0.78614503782036727,1.0040080106773419,0,1.0040080106773419,0,1.0040080106773419,0,0,0,1,1,1,1,1,1,1,1,0,0,0,0,4,64,0,PASS
134,ket,8,1,0,0.31704404178862305,1.0040080106773419,0,1.0040080106773419,0,1.0040080106773419,0,0,0,1,1,1,1,1,1,1,1,0,0,0,0,4,32,0,PASS
135,bra,93,0,0,0.27277188941824815,0.99600798934399148,7.0710678118654751e-173,0.99600798934399148,7.0710678118654751e-173,0.99600798934399148,7.0710678118654751e-173,0,0,1,1,1,1,1,1,1,1,0,0,0,0,4,80,0,PASS
136,ket,56,1,0,0.91093298343408835,0.99600798934399148,7.0710678118654751e-173,0.99600798934399148,7.0710678118654751e-173,0.99600798934399148,7.0710678118654751e-173,0,0,1,1,1,1,1,1,1,1,0,0,0,0,4,176,0,PASS
137,bra,99,0,0,0.43939852992071821,1.0040080106773419,0,1.0040080106773419,0,1.0040080106773419,0,0,0,1,1,1,1,1,1,1,1,0,0,0,0,4,160,0,PASS
138,ket,16,1,0,0.10726377875684466,1.0040080106773419,0,1.0040080106773419,0,1.0040080106773419,0,0,0,1,1,1,1,1,1,1,1,0,0,0,0,4,80,0,PASS
139,bra,100,0,0,0.44999609840219085,1.0040080106773419,0,1.0040080106773419,0,1.0040080106773419,0,0,0,1,1,1,1,1,1,1,1,0,0,0,0,4,80,0,PASS
140,ket,20,0,0,0.25808062133573245,1.0040080106773419,0,1.0040080106773419,0,1.0040080106773419,0,0,0,1,1,1,1,1,1,1,1,0,0,0,0,4,80,0,PASS
141,bra,79,0,0,0.44473374857916748,1.0040080106773419,0,1.0040080106773419,0,1.0040080106773419,0,0,0,1,1,1,1,1,1,1,1,0,0,0,0,4,128,0,PASS
142,ket,24,1,0,0.36625406999985211,0.99600798934399148,7.0710678118654751e-173,0.99600798934399148,7.0710678118654751e-173,0.99600798934399148,7.0710678118654751e-173,0,0,1,1,1,1,1,1,1,1,0,0,0,0,4,144,0,PASS
143,bra,115,0,0,0.34817002826652416,1.0040080106773419,0,1.0040080106773419,0,1.0040080106773419,0,0,0,1,1,1,1,1,1,1,1,0,0,0,0,4,64,0,PASS
144,ket,48,1,0,0.4546514185478332,1.0040080106773419,0,1.0040080106773419,0,1.0040080106773419,0,0,0,1,1,1,1,1,1,1,1,0,0,0,0,4,112,0,PASS
145,bra,123,0,0,0.20396255101827515,0.99600798934399148,7.0710678118654751e-173,0.99600798934399148,7.0710678118654751e-173,0.99600798934399148,7.0710678118654751e-173,0,0,1,1,1,1,1,1,1,1,0,0,0,0,2,96,0,PASS
146,ket,32,1,0,0.0043470658865133825,1.0040080106773419,0,1.0040080106773419,0,1.0040080106773419,0,0,0,1,1,1,1,1,1,1,1,0,0,0,0,2,64,0,PASS
147,bra,103,0,0,0.84318334863528577,1.0040080106773419,0,1.0040080106773419,0,1.0040080106773419,0,0,0,1,1,1,1,1,1,1,1,0,0,0,0,4,112,0,PASS
148,ket,12,0,0,0.55604726404024307,1.0040080106773419,0,1.0040080106773419,0,1.0040080106773419,0,0,0,1,1,1,1,1,1,1,1,0,0,0,0,4,64,0,PASS
149,bra,103,0,0,0.7369738190685422,0.99600798934399148,7.0710678118654751e-173,0.99600798934399148,7.0710678118654751e-173,0.99600798934399148,7.0710678118654751e-173,0,0,1,1,1,1,1,1,1,1,0,0,0,0,4,64,0,PASS
150,ket,40,1,0,0.74435837164100127,1.0040080106773419,0,1.0040080106773419,0,1.0040080106773419,0,0,0,1,1,1,1,1,1,1,1,0,0,0,0,4,128,0,PASS
151,bra,123,0,0,0.41349032414053033,1.0040080106773419,0,1.0040080106773419,0,1.0040080106773419,0,0,0,1,1,1,1,1,1,1,1,0,0,0,0,2,80,0,PASS
152,ket,40,1,0,0.33321251902480598,0.99600798934399148,7.0710678118654751e-173,0.99600798934399148,7.0710678118654751e-173,0.99600798934399148,7.0710678118654751e-173,0,0,1,1,1,1,1,1,1,1,0,0,0,0,2,80,0,PASS
153,bra,83,0,0,0.9243112738963416,0.99600798934399148,7.0710678118654751e-173,0.99600798934399148,7.0710678118654751e-173,0.99600798934399148,7.0710678118654751e-173,0,0,1,1,1,1,1,1,1,1,0,0,0,0,4,160,0,PASS
154,ket,48,1,0,0.67410502576630016,0.99600798934399148,7.0710678118654751e-173,0.99600798934399148,7.0710678118654751e-173,0.99600798934399148,7.0710678118654751e-173,0,0,1,1,1,1,1,1,1,1,0,0,0,0,4,176,0,PASS
155,bra,97,0,0,0.90000000000000002,0.10040080106773419,5.4313902456001084e-172,0.10040080106773419,5.4313902456001084e-172,0.10040080106773419,5.4313902456001084e-172,0,0,1,1,1,1,1,0,0,0,0,0,0,0,4,144,0,PASS
156,ket,4,0,0,0.64889325855407032,1.0040080106773419,0,1.0040080106773419,0,1.0040080106773419,0,0,0,1,1,1,1,1,1,1,1,0,0,0,0,2,144,0,PASS
157,bra,127,0,0,0.52321200781973798,0.99600798934399148,7.0710678118654751e-173,0.99600798934399148,7.0710678118654751e-173,0.99600798934399148,7.0710678118654751e-173,0,0,1,1,1,1,1,1,1,1,0,0,0,0,0,0,0,PASS
158,ket,56,1,0,0.92407706736162432,1.0040080106773419,0,1.0040080106773419,0,1.0040080106773419,0,0,0,1,1,1,1,1,1,1,1,0,0,0,0,2,112,0,PASS
159,bra,82,0,0,0.57030810437528845,1.0040080106773419,0,1.0040080106773419,0,1.0040080106773419,0,0,0,1,1,1,1,1,1,1,1,0,0,0,0,4,192,0,PASS
160,ket,32,1,0,0.25821359394834081,0.99600798934399148,7.0710678118654751e-173,0.99600798934399148,7.0710678118654751e-173,0.99600798934399148,1e-172,0,2.9406713796177787e-173,1,1,1,1,1,1,1,1,0,0,0,0,4,144,0,PASS
161,bra,107,0,0,0.41689818420574976,0.99600798934399148,7.0710678118654751e-173,0.99600798934399148,7.0710678118654751e-173,0.99600798934399148,7.0710678118654751e-173,0,0,1,1,1,1,1,1,1,1,0,0,0,0,4,96,0,PASS
162,bra,64,1,0,0.54891243702247783,1.0040080106773419,0,1.0040080106773419,0,1.0040080106773419,0,0,0,1,1,1,1,1,1,1,1,0,0,0,0,4,160,0,PASS
163,bra,72,1,0,0.72250497055870266,1.0040080106773419,0,1.0040080106773419,0,1.0040080106773419,0,0,0,1,1,1,1,1,1,1,1,0,0,0,0,4,224,0,PASS
164,ket,60,0,0,0.049160643817555451,0.99600798934399148,7.0710678118654751e-173,0.99600798934399148,7.0710678118654751e-173,0.99600798934399148,7.0710678118654751e-173,0,0,1,1,1,1,1,1,1,1,0,0,0,0,4,208,0,PASS
165,bra,87,0,0,0.84377637637097669,0.99600798934399148,1e-172,0.99600798934399148,1e-172,0.99600798934399148,7.0710678118654751e-173,0,2.9406713796177787e-173,1,1,1,1,1,1,1,1,0,0,0,0,4,192,0,PASS
166,bra,72,1,0,0.85526174126264387,0.99600798934399148,7.0710678118654751e-173,0.99600798934399148,7.0710678118654751e-173,0.99600798934399148,1e-172,0,2.9406713796177787e-173,1,1,1,1,1,1,1,1,0,0,0,0,4,224,0,PASS
167,bra,113,0,0,0.78546837170590666,1.0040080106773419,0,1.0040080106773419,0,1.0040080106773419,0,0,0,1,1,1,1,1,1,1,1,0,0,0,0,4,160,0,PASS
168,ket,24,1,0,0.7788784314099938,1.0040080106773419,0,1.0040080106773419,0,1.0040080106773419,0,0,0,1,1,1,1,1,1,1,1,0,0,0,0,4,64,0,PASS
169,bra,67,0,0,0.70213526255225145,0.99600798934399148,7.0710678118654751e-173,0.99600798934399148,7.0710678118654751e-173,0.99600798934399148,7.0710678118654751e-173,0,0,1,1,1,1,1,1,1,1,0,0,0,0,4,160,0,PASS
170,bra,80,1,0,0.0024154545406153689,0.99600798934399148,7.0710678118654751e-173,0.99600798934399148,7.0710678118654751e-173,0.99600798934399148,7.0710678118654751e-173,0,0,1,1,1,1,1,1,1,1,0,0,0,0,4,208,0,PASS
171,bra,108,0,0,0.37956318824794594,0.99600798934399148,7.0710678118654751e-173,0.99600798934399148,7.0710678118654751e-173,0.99600798934399148,7.0710678118654751e-173,0,0,1,1,1,1,1,1,1,1,0,0,0,0,4,192,0,PASS
172,ket,52,0,0,0.974998884924277,1.0040080106773419,0,1.0040080106773419,0,1.0040080106773419,0,0,0,1,1,1,1,1,1,1,1,0,0,0,0,4,128,0,PASS
173,bra,111,0,0,0.61286025779739761,0.99600798934399148,7.0710678118654751e-173,0.99600798934399148,7.0710678118654751e-173,0.99600798934399148,7.0710678118654751e-173,0,0,1,1,1,1,1,1,1,1,0,0,0,0,4,128,0,PASS
174,bra,88,1,0,0.36499169012574573,0.99600798934399148,7.0710678118654751e-173,0.99600798934399148,7.0710678118654751e-173,0.99600798934399148,7.0710678118654751e-173,0,0,1,1,1,1,1,1,1,1,0,0,0,0,4,208,0,PASS
175,bra,105,0,0,0.34342080370952938,0.99600798934399148,7.0710678118654751e-173,0.99600798934399148,7.0710678118654751e-173,0.99600798934399148,7.0710678118654751e-173,0,0,1,1,1,1,1,1,1,1,0,0,0,0,4,208,0,PASS
176,ket,16,1,0,0.80737943667231848,0.99600798934399148,7.0710678118654751e-173,0.99600798934399148,7.0710678118654751e-173,0.99600798934399148,7.0710678118654751e-173,0,0,1,1,1,1,1,1,1,1,0,0,0,0,4,64,0,PASS
177,bra,91,0,0,0.94369512650054732,1.0040080106773419,0,1.0040080106773419,0,1.0040080106773419,0,0,0,1,1,1,1,1,1,1,1,0,0,0,0,4,96,0,PASS
178,bra,96,1,0,0.85235149648463227,0.99600798934399148,7.0710678118654751e-173,0.99600798934399148,7.0710678118654751e-173,0.99600798934399148,7.0710678118654751e-173,0,0,1,1,1,1,1,1,1,1,0,0,0,0,4,224,0,PASS
179,bra,103,0,0,0.73473525077924806,1.0040080106773419,0,1.0040080106773419,0,1.0040080106773419,0,0,0,1,1,1,1,1,1,1,1,0,0,0,0,4,240,0,PASS
180,ket,44,0,0,0.59880551974733121,0.99600798934399148,7.0710678118654751e-173,0.99600798934399148,7.0710678118654751e-173,0.99600798934399148,1e-172,0,2.9406713796177787e-173,1,1,1,1,1,1,1,1,0,0,0,0,4,128,0,PASS
181,bra,71,0,0,0.14188096996228469,1.0040080106773419,0,1.0040080106773419,0,1.0040080106773419,0,0,0,1,1,1,1,1,1,1,1,0,0,0,0,4,192,0,PASS
182,bra,104,1,0,0.98643758556980143,1.0040080106773419,0,1.0040080106773419,0,1.0040080106773419,0,0,0,1,1,1,1,1,1,1,1,0,0,0,0,4,160,0,PASS
183,ket,15,0,0,0.38417684885749259,0.99600798934399148,7.0710678118654751e-173,0.99600798934399148,7.0710678118654751e-173,0.99600798934399148,7.0710678118654751e-173,0,0,1,1,1,1,1,1,1,1,0,0,0,0,4,48,0,PASS
184,ket,8,1,0,0.21878920117520359,0.99600798934399148,7.0710678118654751e-173,0.99600798934399148,7.0710678118654751e-173,0.99600798934399148,7.0710678118654751e-173,0,0,1,1,1,1,1,1,1,1,0,0,0,0,4,240,0,PASS
185,bra,115,0,0,0.35214461907607686,0.99600798934399148,7.0710678118654751e-173,0.99600798934399148,7.0710678118654751e-173,0.99600798934399148,7.0710678118654751e-173,0,0,1,1,1,1,1,1,1,1,0,0,0,0,4,32,0,PASS
186,bra,112,1,0,0.90000000000000002,0.10040080106773419,5.0990195135927847e-172,0.10040080106773419,5.0990195135927847e-172,0.10040080106773419,5.5226805085936302e-172,0,4.2196973579426691e-172,1,1,1,1,1,0,0,0,0,0,0,0,4,240,0,PASS
187,ket,46,0,0,0.60060916556767097,1.0040080106773419,0,1.0040080106773419,0,1.0040080106773419,0,0,0,1,1,1,1,1,1,1,1,0,0,0,0,4,96,0,PASS
188,ket,36,0,0,0.13331897649708155,1.0040080106773419,0,1.0040080106773419,0,1.0040080106773419,0,0,0,1,1,1,1,1,1,1,1,0,0,0,0,4,224,0,PASS
189,bra,95,0,0,0.45562670338906502,1.0040080106773419,0,1.0040080106773419,0,1.0040080106773419,0,0,0,1,1,1,1,1,1,1,1,0,0,0,0,4,128,0,PASS
190,bra,120,1,0,0.36451251488509645,1.0040080106773419,0,1.0040080106773419,0,1.0040080106773419,0,0,0,1,1,1,1,1,1,1,1,0,0,0,0,2,176,0,PASS
191,bra,114,0,0,0.34345577154369378,0.99600798934399148,7.0710678118654751e-173,0.99600798934399148,7.0710678118654751e-173,0.99600798934399148,1e-172,0,2.9406713796177787e-173,1,1,1,1,1,1,1,1,0,0,0,0,2,224,0,PASS
192,ket,0,1,0,0.41688900929690076,0.99600798934399148,7.0710678118654751e-173,0.99600798934399148,7.0710678118654751e-173,0.99600798934399148,7.0710678118654751e-173,0,0,1,1,1,1,1,1,1,1,0,0,0,0,2,16,0,PASS
193,bra,75,0,0,0.35651253537765076,1.0040080106773419,0,1.0040080106773419,0,1.0040080106773419,0,0,0,1,1,1,1,1,1,1,1,0,0,0,0,2,96,0,PASS
194,ket,0,1,0,0.67418892639146577,1.0040080106773419,0,1.0040080106773419,0,1.0040080106773419,0,0,0,1,1,1,1,1,1,1,1,0,0,0,0,2,96,0,PASS
195,bra,112,1,0,0.30780245724496796,1.0040080106773419,0,1.0040080106773419,0,1.0040080106773419,0,0,0,1,1,1,1,1,1,1,1,0,0,0,0,2,16,0,PASS
196,ket,28,0,0,0.68353655145543035,0.99600798934399148,7.0710678118654751e-173,0.99600798934399148,7.0710678118654751e-173,0.99600798934399148,7.0710678118654751e-173,0,0,1,1,1,1,1,1,1,1,0,0,0,0,4,64,0,PASS
197,bra,119,0,0,0.56087447840304772,0.99600798934399148,7.0710678118654751e-173,0.99600798934399148,7.0710678118654751e-173,0.99600798934399148,7.0710678118654751e-173,0,0,1,1,1,1,1,1,1,1,0,0,0,0,4,64,0,PASS
198,ket,8,1,0,0.21501358613035138,1.0040080106773419,0,1.0040080106773419,0,1.0040080106773419,0,0,0,1,1,1,1,1,1,1,1,0,0,0,0,4,32,0,PASS
199,bra,90,0,0,0.70694995461387922,0.99600798934399148,7.0710678118654751e-173,0.99600798934399148,7.0710678118654751e-173,0.99600798934399148,7.0710678118654751e-173,0,0,1,1,1,1,1,1,1,1,0,0,0,0,4,80,0,PASS
200,ket,56,1,0,0.89918251809352645,0.99600798934399148,1e-172,0.99600798934399148,1e-172,0.99600798934399148,7.0710678118654751e-173,0,2.9406713796177787e-173,1,1,1,1,1,1,1,1,0,0,0,0,4,176,0,PASS
201,bra,99,0,0,0.72334884899414931,0.99600798934399148,1e-172,0.99600798934399148,1e-172,0.99600798934399148,1e-172,0,0,1,1,1,1,1,1,1,1,0,0,0,0,4,160,0,PASS
202,ket,16,1,0,0.72728150173311279,1.0040080106773419,0,1.0040080106773419,0,1.0040080106773419,0,0,0,1,1,1,1,1,1,1,1,0,0,0,0,4,80,0,PASS
203,ket,56,1,0,0.50810228030715188,1.0040080106773419,0,1.0040080106773419,0,1.0040080106773419,0,0,0,1,1,1,1,1,1,1,1,0,0,0,0,4,160,0,PASS
204,ket,20,0,0,0.63975153379488736,0.99600798934399148,7.0710678118654751e-173,0.99600798934399148,7.0710678118654751e-173,0.99600798934399148,7.0710678118654751e-173,0,0,1,1,1,1,1,1,1,1,0,0,0,0,4,160,0,PASS
205,bra,79,0,0,0.53905740437925131,0.99600798934399148,7.0710678118654751e-173,0.99600798934399148,7.0710678118654751e-173,0.99600798934399148,7.0710678118654751e-173,0,0,1,1,1,1,1,1,1,1,0,0,0,0,4,128,0,PASS
206,ket,24,1,0,0.61107491679654302,0.99600798934399148,7.0710678118654751e-173,0.99600798934399148,7.0710678118654751e-173,0.99600798934399148,7.0710678118654751e-173,0,0,1,1,1,1,1,1,1,1,0,0,0,0,4,144,0,PASS
207,ket,24,1,0,0.27794976854235254,1.0040080106773419,0,1.0040080106773419,0,1.0040080106773419,0,0,0,1,1,1,1,1,1,1,1,0,0,0,0,4,240,0,PASS
208,ket,48,1,0,0.3060104244005134,1.0040080106773419,0,1.0040080106773419,0,1.0040080106773419,0,0,0,1,1,1,1,1,1,1,1,0,0,0,0,4,192,0,PASS
209,bra,123,0,0,0.38249846187481007,0.99600798934399148,7.0710678118654751e-173,0.99600798934399148,7.0710678118654751e-173,0.99600798934399148,7.0710678118654751e-173,0,0,1,1,1,1,1,1,1,1,0,0,0,0,2,96,0,PASS
210,ket,32,1,0,0.19390084220868889,1.0040080106773419,0,1.0040080106773419,0,1.0040080106773419,0,0,0,1,1,1,1,1,1,1,1,0,0,0,0,2,64,0,PASS
211,ket,37,0,0,0.14406821551546067,0.99600798934399148,7.0710678118654751e-173,0.99600798934399148,7.0710678118654751e-173,0.99600798934399148,7.0710678118654751e-173,0,0,1,1,1,1,1,1,1,1,0,0,0,0,4,240,0,PASS
212,ket,12,0,0,0.070087761119126318,0.99600798934399148,7.0710678118654751e-173,0.99600798934399148,7.0710678118654751e-173,0.99600798934399148,7.0710678118654751e-173,0,0,1,1,1,1,1,1,1,1,0,0,0,0,4,192,0,PASS
213,bra,103,0,0,0.20596725295279364,0.99600798934399148,7.0710678118654751e-173,0.99600798934399148,7.0710678118654751e-173,0.99600798934399148,7.0710678118654751e-173,0,0,1,1,1,1,1,1,1,1,0,0,0,0,4,64,0,PASS
214,ket,40,1,0,0.49196485534651202,1.0040080106773419,0,1.0040080106773419,0,1.0040080106773419,0,0,0,1,1,1,1,1,1,1,1,0,0,0,0,4,128,0,PASS
215,ket,53,0,0,0.89556223286781245,0.99600798934399148,7.0710678118654751e-173,0.99600798934399148,7.0710678118654751e-173,0.99600798934399148,7.0710678118654751e-173,0,0,1,1,1,1,1,1,1,1,0,0,0,0,4,224,0,PASS
216,ket,40,1,0,0.91071495352520926,0.99600798934399148,7.0710678118654751e-173,0.99600798934399148,7.0710678118654751e-173,0.99600798934399148,7.0710678118654751e-173,0,0,1,1,1,1,1,1,1,1,0,0,0,0,4,224,0,PASS
217,bra,83,0,0,0.90000000000000002,0.10040080106773419,5.8736700622353651e-172,0.10040080106773419,5.8736700622353651e-172,0.10040080106773419,5.8736700622353651e-172,0,0,1,1,1,1,1,0,0,0,0,0,0,0,4,160,0,PASS
218,ket,48,1,0,0.6971502228964982,0.99600798934399148,7.0710678118654751e-173,0.99600798934399148,7.0710678118654751e-173,0.99600798934399148,7.0710678118654751e-173,0,0,1,1,1,1,1,1,1,1,0,0,0,0,4,240,0,PASS
219,bra,93,0,0,0.64340298241413285,1.0040080106773419,0,1.0040080106773419,0,1.0040080106773419,0,0,0,1,1,1,1,1,1,1,1,0,0,0,0,4,160,0,PASS
220,ket,4,0,0,0.84166175315136915,0.99600798934399148,7.0710678118654751e-173,0.99600798934399148,7.0710678118654751e-173,0.99600798934399148,7.0710678118654751e-173,0,0,1,1,1,1,1,1,1,1,0,0,0,0,2,64,0,PASS
221,bra,127,0,0,0.9271891941619308,1.0040080106773419,0,1.0040080106773419,0,1.0040080106773419,0,0,0,1,1,1,1,1,1,1,1,0,0,0,0,0,0,0,PASS
222,ket,56,1,0,0.074085597599881675,0.99600798934399148,7.0710678118654751e-173,0.99600798934399148,7.0710678118654751e-173,0.99600798934399148,7.0710678118654751e-173,0,0,1,1,1,1,1,1,1,1,0,0,0,0,2,112,0,PASS
223,ket,10,0,0,0.60488237513890164,1.0040080106773419,0,1.0040080106773419,0,1.0040080106773419,0,0,0,1,1,1,1,1,1,1,1,0,0,0,0,4,144,0,PASS
224,ket,32,1,0,0.69807291375743774,0.99600798934399148,7.0710678118654751e-173,0.99600798934399148,7.0710678118654751e-173,0.99600798934399148,7.0710678118654751e-173,0,0,1,1,1,1,1,1,1,1,0,0,0,0,4,192,0,PASS
225,bra,107,0,0,0.38333034489745443,1.0040080106773419,0,1.0040080106773419,0,1.0040080106773419,0,0,0,1,1,1,1,1,1,1,1,0,0,0,0,4,96,0,PASS
226,bra,64,1,0,0.92842248351836543,0.99600798934399148,7.0710678118654751e-173,0.99600798934399148,7.0710678118654751e-173,0.99600798934399148,7.0710678118654751e-173,0,0,1,1,1,1,1,1,1,1,0,0,0,0,4,160,0,PASS
227,bra,113,0,0,0.18464421944276624,0.99600798934399148,1e-172,0.99600798934399148,1e-172,0.99600798934399148,7.0710678118654751e-173,0,2.9406713796177787e-173,1,1,1,1,1,1,1,1,0,0,0,0,4,144,0,PASS
228,ket,60,0,0,0.072133779931437325,1.0040080106773419,0,1.0040080106773419,0,1.0040080106773419,0,0,0,1,1,1,1,1,1,1,1,0,0,0,0,4,128,0,PASS
229,bra,87,0,0,0.078134963915573855,1.0040080106773419,0,1.0040080106773419,0,1.0040080106773419,0,0,0,1,1,1,1,1,1,1,1,0,0,0,0,4,192,0,PASS
230,bra,72,1,0,0.67790728620064922,1.0040080106773419,0,1.0040080106773419,0,1.0040080106773419,0,0,0,1,1,1,1,1,1,1,1,0,0,0,0,4,224,0,PASS
231,ket,42,0,0,0.63357183923783034,0.99600798934399148,7.0710678118654751e-173,0.99600798934399148,7.0710678118654751e-173,0.99600798934399148,7.0710678118654751e-173,0,0,1,1,1,1,1,1,1,1,0,0,0,0,4,176,0,PASS
232,ket,24,1,0,0.13934985008194997,0.99600798934399148,7.0710678118654751e-173,0.99600798934399148,7.0710678118654751e-173,0.99600798934399148,7.0710678118654751e-173,0,0,1,1,1,1,1,1,1,1,0,0,0,0,4,208,0,PASS
233,bra,67,0,0,0.23183432715028363,1.0040080106773419,0,1.0040080106773419,0,1.0040080106773419,0,0,0,1,1,1,1,1,1,1,1,0,0,0,0,4,160,0,PASS
234,bra,80,1,0,0.534616084267312,1.0040080106773419,0,1.0040080106773419,0,1.0040080106773419,0,0,0,1,1,1,1,1,1,1,1,0,0,0,0,4,208,0,PASS
235,ket,26,0,0,0.87655776076767955,1.0040080106773419,0,1.0040080106773419,0,1.0040080106773419,0,0,0,1,1,1,1,1,1,1,1,0,0,0,0,4,128,0,PASS
236,ket,52,0,0,0.85986905106949352,0.99600798934399148,7.0710678118654751e-173,0.99600798934399148,7.0710678118654751e-173,0.99600798934399148,7.0710678118654751e-173,0,0,1,1,1,1,1,1,1,1,0,0,0,0,4,192,0,PASS
237,bra,111,0,0,0.51619497823328908,1.0040080106773419,0,1.0040080106773419,0,1.0040080106773419,0,0,0,1,1,1,1,1,1,1,1,0,0,0,0,4,128,0,PASS
238,bra,88,1,0,0.13991693137448474,1.0040080106773419,0,1.0040080106773419,0,1.0040080106773419,0,0,0,1,1,1,1,1,1,1,1,0,0,0,0,4,208,0,PASS
239,bra,112,1,0,0.66009399716661843,0.99600798934399148,1e-172,0.99600798934399148,1e-172,0.99600798934399148,7.0710678118654751e-173,0,2.9406713796177787e-173,1,1,1,1,1,1,1,1,0,0,0,0,4,192,0,PASS
240,ket,16,1,0,0.76394041485103659,0.99600798934399148,7.0710678118654751e-173,0.99600798934399148,7.0710678118654751e-173,0.99600798934399148,7.0710678118654751e-173,0,0,1,1,1,1,1,1,1,1,0,0,0,0,4,48,0,PASS
241,bra,91,0,0,0.19809149633637649,0.99600798934399148,7.0710678118654751e-173,0.99600798934399148,7.0710678118654751e-173,0.99600798934399148,1e-172,0,2.9406713796177787e-173,1,1,1,1,1,1,1,1,0,0,0,0,4,96,0,PASS
242,bra,96,1,0,0.15423110311358434,1.0040080106773419,0,1.0040080106773419,0,1.0040080106773419,0,0,0,1,1,1,1,1,1,1,1,0,0,0,0,4,224,0,PASS
243,bra,123,0,0,0.85559491928702036,1.0040080106773419,0,1.0040080106773419,0,1.0040080106773419,0,0,0,1,1,1,1,1,1,1,1,0,0,0,0,2,192,0,PASS
244,ket,44,0,0,0.95808015384976408,1.0040080106773419,0,1.0040080106773419,0,1.0040080106773419,0,0,0,1,1,1,1,1,1,1,1,0,0,0,0,2,80,0,PASS
245,bra,71,0,0,0.50875583962500093,0.99600798934399148,1e-172,0.99600798934399148,1e-172,0.99600798934399148,7.0710678118654751e-173,0,2.9406713796177787e-173,1,1,1,1,1,1,1,1,0,0,0,0,4,192,0,PASS
246,bra,104,1,0,0.1562404600347331,0.99600798934399148,7.0710678118654751e-173,0.99600798934399148,7.0710678118654751e-173,0.99600798934399148,1e-172,0,2.9406713796177787e-173,1,1,1,1,1,1,1,1,0,0,0,0,4,160,0,PASS
247,bra,99,0,0,0.5303370006469369,1.0040080106773419,0,1.0040080106773419,0,1.0040080106773419,0,0,0,1,1,1,1,1,1,1,1,0,0,0,0,4,224,0,PASS
248,ket,8,1,0,0.90000000000000002,0.09960079893439916,0,0.09960079893439916,0,0.09960079893439916,0,0,0,1,1,1,1,1,0,0,0,0,0,0,0,4,64,0,PASS
249,bra,115,0,0,0.67524382558979024,1.0040080106773419,0,1.0040080106773419,0,1.0040080106773419,0,0,0,1,1,1,1,1,1,1,1,0,0,0,0,4,208,0,PASS
250,bra,112,1,0,0.39345694712109375,1.0040080106773419,0,1.0040080106773419,0,1.0040080106773419,0,0,0,1,1,1,1,1,1,1,1,0,0,0,0,4,240,0,PASS
251,bra,98,0,0,0.43755444676000904,1.0040080106773419,0,1.0040080106773419,0,1.0040080106773419,0,0,0,1,1,1,1,1,1,1,1,0,0,0,0,4,208,0,PASS
252,ket,36,0,0,0.44236431690163763,0.99600798934399148,1e-172,0.99600798934399148,1e-172,0.99600798934399148,7.0710678118654751e-173,0,2.9406713796177787e-173,1,1,1,1,1,1,1,1,0,0,0,0,4,112,0,PASS
253,bra,95,0,0,0.68008840790693048,0.99600798934399148,7.0710678118654751e-173,0.99600798934399148,7.0710678118654751e-173,0.99600798934399148,7.0710678118654751e-173,0,0,1,1,1,1,1,1,1,1,0,0,0,0,4,128,0,PASS
254,bra,120,1,0,0.085924884945182661,0.99600798934399148,7.0710678118654751e-173,0.99600798934399148,7.0710678118654751e-173,0.99600798934399148,7.0710678118654751e-173,0,0,1,1,1,1,1,1,1,1,0,0,0,0,2,176,0,PASS
255,bra,114,0,0,0.12148687355433226,1.0040080106773419,0,1.0040080106773419,0,1.0040080106773419,0,0,0,1,1,1,1,1,1,1,1,0,0,0,0,2,224,0,PASS
256,ket,0,1,0,0.8504350133196934,0.99600798934399148,7.0710678118654751e-173,0.99600798934399148,7.0710678118654751e-173,0.99600798934399148,7.0710678118654751e-173,0,0,1,1,1,1,1,1,1,1,0,0,0,0,2,16,0,PASS
257,bra,75,0,1,0.0052078043275832842,0.99600798934399148,7.0710678118654751e-173,0.99600798934399148,7.0710678118654751e-173,0.99600798934399148,7.0710678118654751e-173,0,0,1,1,1,1,1,1,1,1,0,0,0,0,0,0,0,PASS
258,ket,0,1,0,0.36153360029301423,1.0040080106773419,0,1.0040080106773419,0,1.0040080106773419,0,0,0,1,1,1,1,1,1,1,1,0,0,0,0,2,96,0,PASS
259,ket,16,1,0,0.34840631170298725,1.0040080106773419,0,1.0040080106773419,0,1.0040080106773419,0,0,0,1,1,1,1,1,1,1,1,0,0,0,0,2,208,0,PASS
260,ket,28,0,0,0.72434642424789775,1.0040080106773419,0,1.0040080106773419,0,1.0040080106773419,0,0,0,1,1,1,1,1,1,1,1,0,0,0,0,4,224,0,PASS
261,bra,119,0,0,0.11173721352804404,1.0040080106773419,0,1.0040080106773419,0,1.0040080106773419,0,0,0,1,1,1,1,1,1,1,1,0,0,0,0,4,64,0,PASS
262,ket,8,1,0,0.40515362511092295,0.99600798934399148,7.0710678118654751e-173,0.99600798934399148,7.0710678118654751e-173,0.99600798934399148,7.0710678118654751e-173,0,0,1,1,1,1,1,1,1,1,0,0,0,0,4,32,0,PASS
263,ket,21,0,0,0.69499007892505915,0.99600798934399148,7.0710678118654751e-173,0.99600798934399148,7.0710678118654751e-173,0.99600798934399148,7.0710678118654751e-173,0,0,1,1,1,1,1,1,1,1,0,0,0,0,4,224,0,PASS
264,ket,56,1,0,0.42646565446472207,1.0040080106773419,0,1.0040080106773419,0,1.0040080106773419,0,0,0,1,1,1,1,1,1,1,1,0,0,0,0,4,160,0,PASS
265,bra,99,0,0,0.16725450816907336,0.99600798934399148,1e-172,0.99600798934399148,1e-172,0.99600798934399148,1e-172,0,0,1,1,1,1,1,1,1,1,0,0,0,0,4,160,0,PASS
266,ket,16,1,0,0.3811949841942901,0.99600798934399148,1e-172,0.99600798934399148,1e-172,0.99600798934399148,7.0710678118654751e-173,0,2.9406713796177787e-173,1,1,1,1,1,1,1,1,0,0,0,0,4,80,0,PASS
267,bra,121,0,0,0.4022132989782784,1.0040080106773419,0,1.0040080106773419,0,1.0040080106773419,0,0,0,1,1,1,1,1,1,1,1,0,0,0,0,2,32,0,PASS
268,ket,20,0,0,0.77432588433274807,1.0040080106773419,0,1.0040080106773419,0,1.0040080106773419,0,0,0,1,1,1,1,1,1,1,1,0,0,0,0,2,32,0,PASS
269,bra,79,0,0,0.022968659602613292,1.0040080106773419,0,1.0040080106773419,0,1.0040080106773419,0,0,0,1,1,1,1,1,1,1,1,0,0,0,0,4,128,0,PASS
270,ket,24,1,0,0.56372266793342374,1.0040080106773419,0,1.0040080106773419,0,1.0040080106773419,0,0,0,1,1,1,1,1,1,1,1,0,0,0,0,4,144,0,PASS
271,ket,0,1,0,0.33727933576723901,0.99600798934399148,7.0710678118654751e-173,0.99600798934399148,7.0710678118654751e-173,0.99600798934399148,7.0710678118654751e-173,0,0,1,1,1,1,1,1,1,1,0,0,0,0,2,192,0,PASS
272,ket,48,1,0,0.83690318157640931,1.0040080106773419,0,1.0040080106773419,0,1.0040080106773419,0,0,0,1,1,1,1,1,1,1,1,0,0,0,0,2,144,0,PASS
273,bra,123,0,0,0.14235020630285275,0.99600798934399148,7.0710678118654751e-173,0.99600798934399148,7.0710678118654751e-173,0.99600798934399148,1e-172,0,2.9406713796177787e-173,1,1,1,1,1,1,1,1,0,0,0,0,2,96,0,PASS
274,ket,32,1,0,0.77092419779043919,1.0040080106773419,0,1.0040080106773419,0,1.0040080106773419,0,0,0,1,1,1,1,1,1,1,1,0,0,0,0,2,64,0,PASS
275,ket,58,0,0,0.35171926682690197,0.99600798934399148,7.0710678118654751e-173,0.99600798934399148,7.0710678118654751e-173,0.99600798934399148,7.0710678118654751e-173,0,0,1,1,1,1,1,1,1,1,0,0,0,0,4,192,0,PASS
276,ket,12,0,0,0.24123614408741473,1.0040080106773419,0,1.0040080106773419,0,1.0040080106773419,0,0,0,1,1,1,1,1,1,1,1,0,0,0,0,4,144,0,PASS
277,bra,103,0,0,0.44974016030571839,1.0040080106773419,0,1.0040080106773419,0,1.0040080106773419,0,0,0,1,1,1,1,1,1,1,1,0,0,0,0,4,64,0,PASS
278,ket,40,1,0,0.6527576692110838,1.0040080106773419,0,1.0040080106773419,0,1.0040080106773419,0,0,0,1,1,1,1,1,1,1,1,0,0,0,0,4,128,0,PASS
279,bra,93,0,0,0.90000000000000002,0.09960079893439916,6.708203932499369e-172,0.09960079893439916,6.708203932499369e-172,0.09960079893439916,4.9999999999999999e-172,0,1.7150504320999038e-171,1,1,1,1,1,0,0,0,0,0,0,0,4,144,0,PASS
280,ket,40,1,0,0.17248832679891415,0.99600798934399148,7.0710678118654751e-173,0.99600798934399148,7.0710678118654751e-173,0.99600798934399148,7.0710678118654751e-173,0,0,1,1,1,1,1,1,1,1,0,0,0,0,4,240,0,PASS
281,bra,83,0,0,0.31445406144854571,1.0040080106773419,0,1.0040080106773419,0,1.0040080106773419,0,0,0,1,1,1,1,1,1,1,1,0,0,0,0,4,160,0,PASS
282,ket,48,1,0,0.91220272365657973,0.99600798934399148,1e-172,0.99600798934399148,1e-172,0.99600798934399148,7.0710678118654751e-173,0,2.9406713796177787e-173,1,1,1,1,1,1,1,1,0,0,0,0,4,176,0,PASS
283,ket,49,0,0,0.69583164493495897,1.0040080106773419,0,1.0040080106773419,0,1.0040080106773419,0,0,0,1,1,1,1,1,1,1,1,0,0,0,0,4,240,0,PASS
284,ket,4,0,0,0.21793083651666303,1.0040080106773419,0,1.0040080106773419,0,1.0040080106773419,0,0,0,1,1,1,1,1,1,1,1,0,0,0,0,2,144,0,PASS
285,bra,127,0,0,0.97058252301428938,0.99600798934399148,7.0710678118654751e-173,0.99600798934399148,7.0710678118654751e-173,0.99600798934399148,7.0710678118654751e-173,0,0,1,1,1,1,1,1,1,1,0,0,0,0,0,0,0,PASS
286,ket,56,1,0,0.98898812626725774,0.99600798934399148,7.0710678118654751e-173,0.99600798934399148,7.0710678118654751e-173,0.99600798934399148,7.0710678118654751e-173,0,0,1,1,1,1,1,1,1,1,0,0,0,0,2,112,0,PASS
287,bra,98,0,0,0.12385084300403894,0.99600798934399148,1e-172,0.99600798934399148,1e-172,0.99600798934399148,7.0710678118654751e-173,0,2.9406713796177787e-173,1,1,1,1,1,1,1,1,0,0,0,0,4,160,0,PASS
288,ket,32,1,0,0.36073727063333511,0.99600798934399148,7.0710678118654751e-173,0.99600798934399148,7.0710678118654751e-173,0.99600798934399148,7.0710678118654751e-173,0,0,1,1,1,1,1,1,1,1,0,0,0,0,4,112,0,PASS
289,bra,107,0,0,0.62176479271141361,0.99600798934399148,7.0710678118654751e-173,0.99600798934399148,7.0710678118654751e-173,0.99600798934399148,1e-172,0,2.9406713796177787e-173,1,1,1,1,1,1,1,1,0,0,0,0,4,96,0,PASS
290,bra,64,1,0,0.66427191362261717,1.0040080106773419,0,1.0040080106773419,0,1.0040080106773419,0,0,0,1,1,1,1,1,1,1,1,0,0,0,0,4,160,0,PASS
291,ket,36,0,0,0.61946194830348622,1.0040080106773419,0,1.0040080106773419,0,1.0040080106773419,0,0,0,1,1,1,1,1,1,1,1,0,0,0,0,4,176,0,PASS
292,ket,60,0,0,0.29407953521634622,0.99600798934399148,7.0710678118654751e-173,0.99600798934399148,7.0710678118654751e-173,0.99600798934399148,7.0710678118654751e-173,0,0,1,1,1,1,1,1,1,1,0,0,0,0,4,192,0,PASS
293,bra,87,0,0,0.41115848318082443,0.99600798934399148,7.0710678118654751e-173,0.99600798934399148,7.0710678118654751e-173,0.99600798934399148,7.0710678118654751e-173,0,0,1,1,1,1,1,1,1,1,0,0,0,0,4,192,0,PASS
294,bra,72,1,0,0.9666419955476625,0.99600798934399148,7.0710678118654751e-173,0.99600798934399148,7.0710678118654751e-173,0.99600798934399148,7.0710678118654751e-173,0,0,1,1,1,1,1,1,1,1,0,0,0,0,4,224,0,PASS
295,ket,27,0,0,0.6005017754529669,0.99600798934399148,7.0710678118654751e-173,0.99600798934399148,7.0710678118654751e-173,0.99600798934399148,7.0710678118654751e-173,0,0,1,1,1,1,1,1,1,1,0,0,0,0,4,144,0,PASS
296,ket,24,1,0,0.85243934915255992,0.99600798934399148,7.0710678118654751e-173,0.99600798934399148,7.0710678118654751e-173,0.99600798934399148,1e-172,0,2.9406713796177787e-173,1,1,1,1,1,1,1,1,0,0,0,0,4,240,0,PASS
297,bra,67,0,0,0.84871343424316237,0.99600798934399148,7.0710678118654751e-173,0.99600798934399148,7.0710678118654751e-173,0.99600798934399148,7.0710678118654751e-173,0,0,1,1,1,1,1,1,1,1,0,0,0,0,4,160,0,PASS
298,bra,80,1,0,0.72678390715893815,0.99600798934399148,7.0710678118654751e-173,0.99600798934399148,7.0710678118654751e-173,0.99600798934399148,7.0710678118654751e-173,0,0,1,1,1,1,1,1,1,1,0,0,0,0,4,208,0,PASS
299,ket,28,0,0,0.077446975877472166,0.99600798934399148,1e-172,0.99600798934399148,1e-172,0.99600798934399148,7.0710678118654751e-173,0,2.9406713796177787e-173,1,1,1,1,1,1,1,1,0,0,0,0,4,128,0,PASS
300,ket,52,0,0,0.78599961738150892,1.0040080106773419,0,1.0040080106773419,0,1.0040080106773419,0,0,0,1,1,1,1,1,1,1,1,0,0,0,0,4,192,0,PASS
301,bra,111,0,0,0.034596163359968131,0.99600798934399148,7.0710678118654751e-173,0.99600798934399148,7.0710678118654751e-173,0.99600798934399148,1e-172,0,2.9406713796177787e-173,1,1,1,1,1,1,1,1,0,0,0,0,4,128,0,PASS
302,bra,88,1,0,0.90694978334995147,0.99600798934399148,7.0710678118654751e-173,0.99600798934399148,7.0710678118654751e-173,0.99600798934399148,1e-172,0,2.9406713796177787e-173,1,1,1,1,1,1,1,1,0,0,0,0,4,208,0,PASS
303,ket,40,1,0,0.11716870811912578,1.0040080106773419,0,1.0040080106773419,0,1.0040080106773419,0,0,0,1,1,1,1,1,1,1,1,0,0,0,0,4,144,0,PASS
304,ket,16,1,0,0.4843405199803979,1.0040080106773419,0,1.0040080106773419,0,1.0040080106773419,0,0,0,1,1,1,1,1,1,1,1,0,0,0,0,4,192,0,PASS
305,bra,91,0,0,0.42552602606775786,1.0040080106773419,0,1.0040080106773419,0,1.0040080106773419,0,0,0,1,1,1,1,1,1,1,1,0,0,0,0,4,96,0,PASS
306,bra,96,1,0,0.69934920634838205,0.99600798934399148,7.0710678118654751e-173,0.99600798934399148,7.0710678118654751e-173,0.99600798934399148,7.0710678118654751e-173,0,0,1,1,1,1,1,1,1,1,0,0,0,0,4,224,0,PASS
307,ket,50,0,0,0.39728714032087437,1.0040080106773419,0,1.0040080106773419,0,1.0040080106773419,0,0,0,1,1,1,1,1,1,1,1,0,0,0,0,4,144,0,PASS
308,ket,44,0,0,0.84613160507736818,0.99600798934399148,7.0710678118654751e-173,0.99600798934399148,7.0710678118654751e-173,0.99600798934399148,1e-172,0,2.9406713796177787e-173,1,1,1,1,1,1,1,1,0,0,0,0,4,224,0,PASS
309,bra,71,0,0,0.60402280181341395,1.0040080106773419,0,1.0040080106773419,0,1.0040080106773419,0,0,0,1,1,1,1,1,1,1,1,0,0,0,0,4,192,0,PASS
310,bra,104,1,0,0.90000000000000002,0.10040080106773419,4.7434164902525688e-172,0.10040080106773419,4.7434164902525688e-172,0.10040080106773419,4.7434164902525688e-172,0,0,1,1,1,1,1,0,0,0,0,0,0,0,4,160,0,PASS
311,bra,114,0,0,0.89340198493482315,0.99600798934399148,7.0710678118654751e-173,0.99600798934399148,7.0710678118654751e-173,0.99600798934399148,7.0710678118654751e-173,0,0,1,1,1,1,1,1,1,1,0,0,0,0,4,224,0,PASS
312,ket,8,1,0,0.82977074457334699,1.0040080106773419,0,1.0040080106773419,0,1.0040080106773419,0,0,0,1,1,1,1,1,1,1,1,0,0,0,0,4,32,0,PASS
313,bra,115,0,0,0.79571860755669754,0.99600798934399148,1e-172,0.99600798934399148,1e-172,0.99600798934399148,7.0710678118654751e-173,0,2.9406713796177787e-173,1,1,1,1,1,1,1,1,0,0,0,0,4,32,0,PASS
314,bra,112,1,0,0.63875541274573688,0.99600798934399148,7.0710678118654751e-173,0.99600798934399148,7.0710678118654751e-173,0.99600798934399148,7.0710678118654751e-173,0,0,1,1,1,1,1,1,1,1,0,0,0,0,4,240,0,PASS
315,ket,13,0,0,0.40887489307278885,1.0040080106773419,0,1.0040080106773419,0,1.0040080106773419,0,0,0,1,1,1,1,1,1,1,1,0,0,0,0,4,32,0,PASS
316,ket,36,0,0,0.26571273488065394,0.99600798934399148,7.0710678118654751e-173,0.99600798934399148,7.0710678118654751e-173,0.99600798934399148,7.0710678118654751e-173,0,0,1,1,1,1,1,1,1,1,0,0,0,0,4,192,0,PASS
317,bra,95,0,0,0.66896486593398796,1.0040080106773419,0,1.0040080106773419,0,1.0040080106773419,0,0,0,1,1,1,1,1,1,1,1,0,0,0,0,4,128,0,PASS
318,bra,120,1,0,0.4235114471476723,1.0040080106773419,0,1.0040080106773419,0,1.0040080106773419,0,0,0,1,1,1,1,1,1,1,1,0,0,0,0,2,176,0,PASS
319,bra,87,0,0,0.034751474133710936,1.0040080106773419,0,1.0040080106773419,0,1.0040080106773419,0,0,0,1,1,1,1,1,1,1,1,0,0,0,0,2,160,0,PASS
320,ket,0,1,0,0.58390453953709798,1.0040080106773419,0,1.0040080106773419,0,1.0040080106773419,0,0,0,1,1,1,1,1,1,1,1,0,0,0,0,2,80,0,PASS
321,bra,75,0,0,0.90944565248330511,1.0040080106773419,0,1.0040080106773419,0,1.0040080106773419,0,0,0,1,1,1,1,1,1,1,1,0,0,0,0,2,96,0,PASS
322,ket,0,1,0,0.25654996936404462,0.99600798934399148,7.0710678118654751e-173,0.99600798934399148,7.0710678118654751e-173,0.99600798934399148,7.0710678118654751e-173,0,0,1,1,1,1,1,1,1,1,0,0,0,0,2,96,0,PASS
323,bra,91,0,0,0.58108441821798273,0.99600798934399148,7.0710678118654751e-173,0.99600798934399148,7.0710678118654751e-173,0.99600798934399148,7.0710678118654751e-173,0,0,1,1,1,1,1,1,1,1,0,0,0,0,2,64,0,PASS
324,ket,28,0,0,0.0069935407056496354,1.0040080106773419,0,1.0040080106773419,0,1.0040080106773419,0,0,0,1,1,1,1,1,1,1,1,0,0,0,0,4,112,0,PASS
325,bra,119,0,0,0.48055775572644177,0.99600798934399148,7.0710678118654751e-173,0.99600798934399148,7.0710678118654751e-173,0.99600798934399148,7.0710678118654751e-173,0,0,1,1,1,1,1,1,1,1,0,0,0,0,4,64,0,PASS
326,ket,8,1,0,0.42377607481980956,0.99600798934399148,7.0710678118654751e-173,0.99600798934399148,7.0710678118654751e-173,0.99600798934399148,7.0710678118654751e-173,0,0,1,1,1,1,1,1,1,1,0,0,0,0,4,32,0,PASS
327,ket,23,0,0,0.072056616707871446,1.0040080106773419,0,1.0040080106773419,0,1.0040080106773419,0,0,0,1,1,1,1,1,1,1,1,0,0,0,0,4,224,0,PASS
328,ket,56,1,0,0.7564356794824586,1.0040080106773419,0,1.0040080106773419,0,1.0040080106773419,0,0,0,1,1,1,1,1,1,1,1,0,0,0,0,4,160,0,PASS
329,bra,99,0,0,0.53104698125726002,1.0040080106773419,0,1.0040080106773419,0,1.0040080106773419,0,0,0,1,1,1,1,1,1,1,1,0,0,0,0,4,160,0,PASS
330,ket,16,1,0,0.93975875763051586,0.99600798934399148,7.0710678118654751e-173,0.99600798934399148,7.0710678118654751e-173,0.99600798934399148,7.0710678118654751e-173,0,0,1,1,1,1,1,1,1,1,0,0,0,0,4,80,0,PASS
331,ket,0,1,0,0.79890645523090698,1.0040080106773419,0,1.0040080106773419,0,1.0040080106773419,0,0,0,1,1,1,1,1,1,1,1,0,0,0,0,2,208,0,PASS
332,ket,20,0,0,0.97274942943440401,0.99600798934399148,7.0710678118654751e-173,0.99600798934399148,7.0710678118654751e-173,0.99600798934399148,7.0710678118654751e-173,0,0,1,1,1,1,1,1,1,1,0,0,0,0,2,208,0,PASS
333,bra,79,0,0,0.378817193121954,0.99600798934399148,7.0710678118654751e-173,0.99600798934399148,7.0710678118654751e-173,0.99600798934399148,7.0710678118654751e-173,0,0,1,1,1,1,1,1,1,1,0,0,0,0,4,128,0,PASS
334,ket,24,1,0,0.309068708791917,1.0040080106773419,0,1.0040080106773419,0,1.0040080106773419,0,0,0,1,1,1,1,1,1,1,1,0,0,0,0,4,144,0,PASS
335,ket,37,0,0,0.48490795587069335,1.0040080106773419,0,1.0040080106773419,0,1.0040080106773419,0,0,0,1,1,1,1,1,1,1,1,0,0,0,0,4,224,0,PASS
336,ket,48,1,0,0.029677249035293844,1.0040080106773419,0,1.0040080106773419,0,1.0040080106773419,0,0,0,1,1,1,1,1,1,1,1,0,0,0,0,4,208,0,PASS
337,bra,123,0,0,0.32412182982860521,1.0040080106773419,0,1.0040080106773419,0,1.0040080106773419,0,0,0,1,1,1,1,1,1,1,1,0,0,0,0,2,96,0,PASS
338,ket,32,1,0,0.76097736775837321,1.0040080106773419,0,1.0040080106773419,0,1.0040080106773419,0,0,0,1,1,1,1,1,1,1,1,0,0,0,0,2,64,0,PASS
339,bra,75,0,0,0.1545657264571299,0.99600798934399148,7.0710678118654751e-173,0.99600798934399148,7.0710678118654751e-173,0.99600798934399148,1e-172,0,2.9406713796177787e-173,1,1,1,1,1,1,1,1,0,0,0,0,4,160,0,PASS
340,ket,12,0,0,0.2015820950425391,0.99600798934399148,7.0710678118654751e-173,0.99600798934399148,7.0710678118654751e-173,0.99600798934399148,7.0710678118654751e-173,0,0,1,1,1,1,1,1,1,1,0,0,0,0,4,112,0,PASS
341,bra,103,0,0,0.90000000000000002,0.09960079893439916,6.2849025449882671e-172,0.09960079893439916,6.2849025449882671e-172,0.09960079893439916,6.3245553203367592e-172,0,3.9811704095475094e-173,1,1,1,1,1,0,0,0,0,0,0,0,4,64,0,PASS
342,ket,40,1,0,0.62437632163081924,0.99600798934399148,7.0710678118654751e-173,0.99600798934399148,7.0710678118654751e-173,0.99600798934399148,7.0710678118654751e-173,0,0,1,1,1,1,1,1,1,1,0,0,0,0,4,240,0,PASS
343,ket,49,0,0,0.62338878060151748,0.99600798934399148,7.0710678118654751e-173,0.99600798934399148,7.0710678118654751e-173,0.99600798934399148,7.0710678118654751e-173,0,0,1,1,1,1,1,1,1,1,0,0,0,0,4,224,0,PASS
344,ket,40,1,0,0.55724508203358603,1.0040080106773419,0,1.0040080106773419,0,1.0040080106773419,0,0,0,1,1,1,1,1,1,1,1,0,0,0,0,4,224,0,PASS
345,bra,83,0,0,0.59248119534154819,0.99600798934399148,7.0710678118654751e-173,0.99600798934399148,7.0710678118654751e-173,0.99600798934399148,7.0710678118654751e-173,0,0,1,1,1,1,1,1,1,1,0,0,0,0,4,160,0,PASS
346,ket,48,1,0,0.84859073093568838,0.99600798934399148,0,0.99600798934399148,0,0.99600798934399148,7.0710678118654751e-173,0,7.0994087271556396e-173,1,1,1,1,1,1,1,1,0,0,0,0,4,176,0,PASS
347,bra,68,0,0,0.21340878300734678,1.0040080106773419,0,1.0040080106773419,0,1.0040080106773419,0,0,0,1,1,1,1,1,1,1,1,0,0,0,0,4,208,0,PASS
348,ket,4,0,0,0.15497463255220997,0.99600798934399148,7.0710678118654751e-173,0.99600798934399148,7.0710678118654751e-173,0.99600798934399148,7.0710678118654751e-173,0,0,1,1,1,1,1,1,1,1,0,0,0,0,2,112,0,PASS
349,bra,127,0,0,0.68537840252710147,1.0040080106773419,0,1.0040080106773419,0,1.0040080106773419,0,0,0,1,1,1,1,1,1,1,1,0,0,0,0,0,0,0,PASS
350,ket,56,1,0,0.53782988818762356,0.99600798934399148,7.0710678118654751e-173,0.99600798934399148,7.0710678118654751e-173,0.99600798934399148,7.0710678118654751e-173,0,0,1,1,1,1,1,1,1,1,0,0,0,0,2,112,0,PASS
351,bra,68,0,0,0.63036649150743462,0.99600798934399148,7.0710678118654751e-173,0.99600798934399148,7.0710678118654751e-173,0.99600798934399148,7.0710678118654751e-173,0,0,1,1,1,1,1,1,1,1,0,0,0,0,4,224,0,PASS
352,ket,32,1,0,0.80695738920871163,0.99600798934399148,1e-172,0.99600798934399148,1e-172,0.99600798934399148,7.0710678118654751e-173,0,2.9406713796177787e-173,1,1,1,1,1,1,1,1,0,0,0,0,4,176,0,PASS
353,bra,107,0,0,0.091330296114801257,1.0040080106773419,0,1.0040080106773419,0,1.0040080106773419,0,0,0,1,1,1,1,1,1,1,1,0,0,0,0,4,96,0,PASS
354,bra,64,1,0,0.45839031744751502,0.99600798934399148,7.0710678118654751e-173,0.99600798934399148,7.0710678118654751e-173,0.99600798934399148,7.0710678118654751e-173,0,0,1,1,1,1,1,1,1,1,0,0,0,0,4,160,0,PASS
355,bra,88,1,0,0.59028643429818428,1.0040080106773419,0,1.0040080106773419,0,1.0040080106773419,0,0,0,1,1,1,1,1,1,1,1,0,0,0,0,4,192,0,PASS
356,ket,60,0,0,0.65219823974089441,1.0040080106773419,0,1.0040080106773419,0,1.0040080106773419,0,0,0,1,1,1,1,1,1,1,1,0,0,0,0,4,176,0,PASS
357,bra,87,0,0,0.27963676340057281,0.99600798934399148,7.0710678118654751e-173,0.99600798934399148,7.0710678118654751e-173,0.99600798934399148,7.0710678118654751e-173,0,0,1,1,1,1,1,1,1,1,0,0,0,0,4,192,0,PASS
358,bra,72,1,0,0.69177704791377725,1.0040080106773419,0,1.0040080106773419,0,1.0040080106773419,0,0,0,1,1,1,1,1,1,1,1,0,0,0,0,4,224,0,PASS
359,bra,102,0,0,0.94416951271326588,0.99600798934399148,7.0710678118654751e-173,0.99600798934399148,7.0710678118654751e-173,0.99600798934399148,7.0710678118654751e-173,0,0,1,1,1,1,1,1,1,1,0,0,0,0,4,192,0,PASS
360,ket,24,1,0,0.32685280907990166,0.99600798934399148,7.0710678118654751e-173,0.99600798934399148,7.0710678118654751e-173,0.99600798934399148,1e-172,0,2.9406713796177787e-173,1,1,1,1,1,1,1,1,0,0,0,0,4,96,0,PASS
361,bra,67,0,0,0.25875643287359862,1.0040080106773419,0,1.0040080106773419,0,1.0040080106773419,0,0,0,1,1,1,1,1,1,1,1,0,0,0,0,4,160,0,PASS
362,bra,80,1,0,0.82783886095925729,1.0040080106773419,0,1.0040080106773419,0,1.0040080106773419,0,0,0,1,1,1,1,1,1,1,1,0,0,0,0,4,208,0,PASS
363,bra,114,0,0,0.85373463887540157,1.0040080106773419,0,1.0040080106773419,0,1.0040080106773419,0,0,0,1,1,1,1,1,1,1,1,0,0,0,0,4,176,0,PASS
364,ket,52,0,0,0.15751982808599471,0.99600798934399148,7.0710678118654751e-173,0.99600798934399148,7.0710678118654751e-173,0.99600798934399148,1e-172,0,2.9406713796177787e-173,1,1,1,1,1,1,1,1,0,0,0,0,4,112,0,PASS
365,bra,111,0,0,0.93108928644513722,1.0040080106773419,0,1.0040080106773419,0,1.0040080106773419,0,0,0,1,1,1,1,1,1,1,1,0,0,0,0,4,128,0,PASS
366,bra,88,1,0,0.95856100180377968,0.99600798934399148,7.0710678118654751e-173,0.99600798934399148,7.0710678118654751e-173,0.99600798934399148,7.0710678118654751e-173,0,0,1,1,1,1,1,1,1,1,0,0,0,0,4,208,0,PASS
367,bra,66,0,0,0.98117425138655534,1.0040080106773419,0,1.0040080106773419,0,1.0040080106773419,0,0,0,1,1,1,1,1,1,1,1,0,0,0,0,4,192,0,PASS
368,ket,16,1,0,0.042577826249786531,1.0040080106773419,0,1.0040080106773419,0,1.0040080106773419,0,0,0,1,1,1,1,1,1,1,1,0,0,0,0,4,144,0,PASS
369,bra,91,0,0,0.25043154421065805,1.0040080106773419,0,1.0040080106773419,0,1.0040080106773419,0,0,0,1,1,1,1,1,1,1,1,0,0,0,0,4,96,0,PASS
370,bra,96,1,0,0.37230601520832951,1.0040080106773419,0,1.0040080106773419,0,1.0040080106773419,0,0,0,1,1,1,1,1,1,1,1,0,0,0,0,4,224,0,PASS
371,bra,81,0,0,0.72537459355838474,0.99600798934399148,7.0710678118654751e-173,0.99600798934399148,7.0710678118654751e-173,0.99600798934399148,7.0710678118654751e-173,0,0,1,1,1,1,1,1,1,1,0,0,0,0,4,208,0,PASS
372,ket,44,0,0,0.90000000000000002,0.10040080106773419,3.0822070014844885e-172,0.10040080106773419,3.0822070014844885e-172,0.10040080106773419,5.4313902456001084e-172,0,2.3398052795721937e-171,1,1,1,1,1,0,0,0,0,0,0,0,4,160,0,PASS
373,bra,71,0,0,0.55055688936298353,0.99600798934399148,7.0710678118654751e-173,0.99600798934399148,7.0710678118654751e-173,0.99600798934399148,7.0710678118654751e-173,0,0,1,1,1,1,1,1,1,1,0,0,0,0,4,240,0,PASS
374,bra,104,1,0,0.61011059159844261,1.0040080106773419,0,1.0040080106773419,0,1.0040080106773419,0,0,0,1,1,1,1,1,1,1,1,0,0,0,0,4,160,0,PASS
375,bra,122,0,0,0.95010619348090664,0.99600798934399148,0,0.99600798934399148,0,0.99600798934399148,7.0710678118654751e-173,0,7.0994087271556396e-173,1,1,1,1,1,1,1,1,0,0,0,0,2,208,0,PASS
376,ket,8,1,0,0.40148639494824645,1.0040080106773419,0,1.0040080106773419,0,1.0040080106773419,0,0,0,1,1,1,1,1,1,1,1,0,0,0,0,2,16,0,PASS
377,bra,115,0,0,0.80143683445242164,1.0040080106773419,0,1.0040080106773419,0,1.0040080106773419,0,0,0,1,1,1,1,1,1,1,1,0,0,0,0,4,32,0,PASS
378,bra,112,1,0,0.64916262286524717,1.0040080106773419,0,1.0040080106773419,0,1.0040080106773419,0,0,0,1,1,1,1,1,1,1,1,0,0,0,0,4,240,0,PASS
379,bra,88,1,0,0.9723719929017115,1.0040080106773419,0,1.0040080106773419,0,1.0040080106773419,0,0,0,1,1,1,1,1,1,1,1,0,0,0,0,4,192,0,PASS
380,ket,36,0,0,0.24178064746629399,1.0040080106773419,0,1.0040080106773419,0,1.0040080106773419,0,0,0,1,1,1,1,1,1,1,1,0,0,0,0,4,128,0,PASS
381,bra,95,0,0,0.12369216272514881,0.99600798934399148,7.0710678118654751e-173,0.99600798934399148,7.0710678118654751e-173,0.99600798934399148,7.0710678118654751e-173,0,0,1,1,1,1,1,1,1,1,0,0,0,0,4,128,0,PASS
382,bra,120,1,0,0.11558182257455228,0.99600798934399148,7.0710678118654751e-173,0.99600798934399148,7.0710678118654751e-173,0.99600798934399148,1e-172,0,2.9406713796177787e-173,1,1,1,1,1,1,1,1,0,0,0,0,2,176,0,PASS
383,bra,82,0,0,0.48968552577601471,0.99600798934399148,7.0710678118654751e-173,0.99600798934399148,7.0710678118654751e-173,0.99600798934399148,7.0710678118654751e-173,0,0,1,1,1,1,1,1,1,1,0,0,0,0,2,160,0,PASS
384,ket,0,1,0,0.89788936481292403,0.99600798934399148,7.0710678118654751e-173,0.99600798934399148,7.0710678118654751e-173,0.99600798934399148,7.0710678118654751e-173,0,0,1,1,1,1,1,1,1,1,0,0,0,0,2,80,0,PASS
385,bra,75,0,0,0.56433242690171836,1.0040080106773419,0,1.0040080106773419,0,1.0040080106773419,0,0,0,1,1,1,1,1,1,1,1,0,0,0,0,2,96,0,PASS
386,ket,0,1,0,0.77926835921176152,1.0040080106773419,0,1.0040080106773419,0,1.0040080106773419,0,0,0,1,1,1,1,1,1,1,1,0,0,0,0,2,96,0,PASS
387,ket,59,0,0,0.4366117869669971,1.0040080106773419,0,1.0040080106773419,0,1.0040080106773419,0,0,0,1,1,1,1,1,1,1,1,0,0,0,0,2,128,0,PASS
388,ket,28,0,0,0.23054678214803362,0.99600798934399148,7.0710678118654751e-173,0.99600798934399148,7.0710678118654751e-173,0.99600798934399148,7.0710678118654751e-173,0,0,1,1,1,1,1,1,1,1,0,0,0,0,4,176,0,PASS
389,bra,119,0,0,0.91688252719098928,1.0040080106773419,0,1.0040080106773419,0,1.0040080106773419,0,0,0,1,1,1,1,1,1,1,1,0,0,0,0,4,64,0,PASS
390,ket,8,1,0,0.58892166768000898,0.99600798934399148,7.0710678118654751e-173,0.99600798934399148,7.0710678118654751e-173,0.99600798934399148,7.0710678118654751e-173,0,0,1,1,1,1,1,1,1,1,0,0,0,0,4,32,0,PASS
391,ket,4,0,0,0.022764792938815375,1.0040080106773419,0,1.0040080106773419,0,1.0040080106773419,0,0,0,1,1,1,1,1,1,1,1,0,0,0,0,2,224,0,PASS
392,ket,56,1,0,0.054384308554226414,1.0040080106773419,0,1.0040080106773419,0,1.0040080106773419,0,0,0,1,1,1,1,1,1,1,1,0,0,0,0,2,128,0,PASS
393,bra,99,0,0,0.7985958543957582,0.99600798934399148,7.0710678118654751e-173,0.99600798934399148,7.0710678118654751e-173,0.99600798934399148,1e-172,0,2.9406713796177787e-173,1,1,1,1,1,1,1,1,0,0,0,0,4,160,0,PASS
394,ket,16,1,0,0.67774560199790157,0.99600798934399148,7.0710678118654751e-173,0.99600798934399148,7.0710678118654751e-173,0.99600798934399148,7.0710678118654751e-173,0,0,1,1,1,1,1,1,1,1,0,0,0,0,4,80,0,PASS
395,bra,78,0,0,0.6218308744723251,1.0040080106773419,0,1.0040080106773419,0,1.0040080106773419,0,0,0,1,1,1,1,1,1,1,1,0,0,0,0,4,128,0,PASS
396,ket,20,0,0,0.95207869865953509,1.0040080106773419,0,1.0040080106773419,0,1.0040080106773419,0,0,0,1,1,1,1,1,1,1,1,0,0,0,0,4,128,0,PASS
397,bra,79,0,0,0.62985826222170982,1.0040080106773419,0,1.0040080106773419,0,1.0040080106773419,0,0,0,1,1,1,1,1,1,1,1,0,0,0,0,4,128,0,PASS
398,ket,24,1,0,0.18464824571122698,1.0040080106773419,0,1.0040080106773419,0,1.0040080106773419,0,0,0,1,1,1,1,1,1,1,1,0,0,0,0,4,144,0,PASS
399,ket,48,1,0,0.3538765598540875,1.0040080106773419,0,1.0040080106773419,0,1.0040080106773419,0,0,0,1,1,1,1,1,1,1,1,0,0,0,0,4,192,0,PASS
400,ket,48,1,0,0.81708422403280845,0.99600798934399148,7.0710678118654751e-173,0.99600798934399148,7.0710678118654751e-173,0.99600798934399148,7.0710678118654751e-173,0,0,1,1,1,1,1,1,1,1,0,0,0,0,4,240,0,PASS
401,bra,123,0,0,0.31062478864200355,0.99600798934399148,7.0710678118654751e-173,0.99600798934399148,7.0710678118654751e-173,0.99600798934399148,7.0710678118654751e-173,0,0,1,1,1,1,1,1,1,1,0,0,0,0,2,96,0,PASS
402,ket,32,1,0,0.88019085944613806,1.0040080106773419,0,1.0040080106773419,0,1.0040080106773419,0,0,0,1,1,1,1,1,1,1,1,0,0,0,0,2,64,0,PASS
403,bra,92,0,0,0.90000000000000002,0.10040080106773419,5.0990195135927847e-172,0.10040080106773419,5.0990195135927847e-172,0.10040080106773419,5.0990195135927847e-172,0,0,1,1,1,1,1,0,0,0,0,0,0,0,4,128,0,PASS
404,ket,12,0,0,0.091647281338494702,1.0040080106773419,0,1.0040080106773419,0,1.0040080106773419,0,0,0,1,1,1,1,1,1,1,1,0,0,0,0,4,192,0,PASS
405,bra,103,0,0,0.72606064793601788,0.99600798934399148,7.0710678118654751e-173,0.99600798934399148,7.0710678118654751e-173,0.99600798934399148,7.0710678118654751e-173,0,0,1,1,1,1,1,1,1,1,0,0,0,0,4,64,0,PASS
406,ket,40,1,0,0.54503403613995904,0.99600798934399148,7.0710678118654751e-173,0.99600798934399148,7.0710678118654751e-173,0.99600798934399148,7.0710678118654751e-173,0,0,1,1,1,1,1,1,1,1,0,0,0,0,4,128,0,PASS
407,ket,23,0,0,0.16195726447944001,0.99600798934399148,7.0710678118654751e-173,0.99600798934399148,7.0710678118654751e-173,0.99600798934399148,7.0710678118654751e-173,0,0,1,1,1,1,1,1,1,1,0,0,0,0,4,192,0,PASS
408,ket,40,1,0,0.16660386137417421,1.0040080106773419,0,1.0040080106773419,0,1.0040080106773419,0,0,0,1,1,1,1,1,1,1,1,0,0,0,0,4,192,0,PASS
409,bra,83,0,0,0.54944328293524958,1.0040080106773419,0,1.0040080106773419,0,1.0040080106773419,0,0,0,1,1,1,1,1,1,1,1,0,0,0,0,4,160,0,PASS
410,ket,48,1,0,0.41883375310610504,1.0040080106773419,0,1.0040080106773419,0,1.0040080106773419,0,0,0,1,1,1,1,1,1,1,1,0,0,0,0,4,176,0,PASS
411,ket,37,0,0,0.12707327877134483,0.99600798934399148,7.0710678118654751e-173,0.99600798934399148,7.0710678118654751e-173,0.99600798934399148,1e-172,0,2.9406713796177787e-173,1,1,1,1,1,1,1,1,0,0,0,0,4,208,0,PASS
412,ket,4,0,0,0.47249528231914406,0.99600798934399148,7.0710678118654751e-173,0.99600798934399148,7.0710678118654751e-173,0.99600798934399148,7.0710678118654751e-173,0,0,1,1,1,1,1,1,1,1,0,0,0,0,2,176,0,PASS
413,bra,127,0,0,0.44631368691499101,0.99600798934399148,7.0710678118654751e-173,0.99600798934399148,7.0710678118654751e-173,0.99600798934399148,7.0710678118654751e-173,0,0,1,1,1,1,1,1,1,1,0,0,0,0,0,0,0,PASS
414,ket,56,1,0,0.17653239911449947,0.99600798934399148,7.0710678118654751e-173,0.99600798934399148,7.0710678118654751e-173,0.99600798934399148,7.0710678118654751e-173,0,0,1,1,1,1,1,1,1,1,0,0,0,0,2,112,0,PASS
415,ket,58,0,0,0.92263494623194964,1.0040080106773419,0,1.0040080106773419,0,1.0040080106773419,0,0,0,1,1,1,1,1,1,1,1,0,0,0,0,4,240,0,PASS
416,ket,32,1,0,0.79447298249127396,0.99600798934399148,1e-172,0.99600798934399148,1e-172,0.99600798934399148,7.0710678118654751e-173,0,2.9406713796177787e-173,1,1,1,1,1,1,1,1,0,0,0,0,4,192,0,PASS
417,bra,107,0,0,0.71689100920807047,0.99600798934399148,7.0710678118654751e-173,0.99600798934399148,7.0710678118654751e-173,0.99600798934399148,7.0710678118654751e-173,0,0,1,1,1,1,1,1,1,1,0,0,0,0,4,96,0,PASS
418,bra,64,1,0,0.26822123157206412,1.0040080106773419,0,1.0040080106773419,0,1.0040080106773419,0,0,0,1,1,1,1,1,1,1,1,0,0,0,0,4,160,0,PASS
419,ket,50,0,0,0.37836409042447366,0.99600798934399148,7.0710678118654751e-173,0.99600798934399148,7.0710678118654751e-173,0.99600798934399148,7.0710678118654751e-173,0,0,1,1,1,1,1,1,1,1,0,0,0,0,4,208,0,PASS
420,ket,60,0,0,0.73640057454910157,0.99600798934399148,7.0710678118654751e-173,0.99600798934399148,7.0710678118654751e-173,0.99600798934399148,7.0710678118654751e-173,0,0,1,1,1,1,1,1,1,1,0,0,0,0,4,224,0,PASS
421,bra,87,0,0,0.16057432529765672,1.0040080106773419,0,1.0040080106773419,0,1.0040080106773419,0,0,0,1,1,1,1,1,1,1,1,0,0,0,0,4,192,0,PASS
422,bra,72,1,0,0.82932086347332645,0.99600798934399148,1e-172,0.99600798934399148,1e-172,0.99600798934399148,7.0710678118654751e-173,0,2.9406713796177787e-173,1,1,1,1,1,1,1,1,0,0,0,0,4,224,0,PASS
423,bra,101,0,0,0.98509668038138043,1.0040080106773419,0,1.0040080106773419,0,1.0040080106773419,0,0,0,1,1,1,1,1,1,1,1,0,0,0,0,4,192,0,PASS
424,ket,24,1,0,0.87055251287761259,0.99600798934399148,7.0710678118654751e-173,0.99600798934399148,7.0710678118654751e-173,0.99600798934399148,1e-172,0,2.9406713796177787e-173,1,1,1,1,1,1,1,1,0,0,0,0,4,96,0,PASS
425,bra,67,0,0,0.87689044554804862,0.99600798934399148,7.0710678118654751e-173,0.99600798934399148,7.0710678118654751e-173,0.99600798934399148,7.0710678118654751e-173,0,0,1,1,1,1,1,1,1,1,0,0,0,0,4,160,0,PASS
426,bra,80,1,0,0.6312458766596043,0.99600798934399148,7.0710678118654751e-173,0.99600798934399148,7.0710678118654751e-173,0.99600798934399148,7.0710678118654751e-173,0,0,1,1,1,1,1,1,1,1,0,0,0,0,4,208,0,PASS
427,ket,39,0,0,0.66935380243752518,1.0040080106773419,0,1.0040080106773419,0,1.0040080106773419,0,0,0,1,1,1,1,1,1,1,1,0,0,0,0,4,144,0,PASS
428,ket,52,0,0,0.45307460831850732,1.0040080106773419,0,1.0040080106773419,0,1.0040080106773419,0,0,0,1,1,1,1,1,1,1,1,0,0,0,0,4,208,0,PASS
429,bra,111,0,0,0.029781397448223512,0.99600798934399148,7.0710678118654751e-173,0.99600798934399148,7.0710678118654751e-173,0.99600798934399148,7.0710678118654751e-173,0,0,1,1,1,1,1,1,1,1,0,0,0,0,4,128,0,PASS
430,bra,88,1,0,0.84099801281898789,0.99600798934399148,7.0710678118654751e-173,0.99600798934399148,7.0710678118654751e-173,0.99600798934399148,0,0,7.0994087271556396e-173,1,1,1,1,1,1,1,1,0,0,0,0,4,208,0,PASS
431,ket,14,0,0,0.38144217958862237,0.99600798934399148,7.0710678118654751e-173,0.99600798934399148,7.0710678118654751e-173,0.99600798934399148,7.0710678118654751e-173,0,0,1,1,1,1,1,1,1,1,0,0,0,0,4,80,0,PASS
432,ket,16,1,0,0.5193667160560157,1.0040080106773419,0,1.0040080106773419,0,1.0040080106773419,0,0,0,1,1,1,1,1,1,1,1,0,0,0,0,4,224,0,PASS
433,bra,91,0,0,0.17928581765161428,0.99600798934399148,1e-172,0.99600798934399148,1e-172,0.99600798934399148,7.0710678118654751e-173,0,2.9406713796177787e-173,1,1,1,1,1,1,1,1,0,0,0,0,4,96,0,PASS
434,bra,96,1,0,0.90000000000000002,0.09960079893439916,6.1237243569579458e-172,0.09960079893439916,6.1237243569579458e-172,0.09960079893439916,5.7445626465380286e-172,0,3.8068139460371935e-172,1,1,1,1,1,0,0,0,0,0,0,0,4,224,0,PASS
435,ket,59,0,0,0.33032671010272668,0.99600798934399148,7.0710678118654751e-173,0.99600798934399148,7.0710678118654751e-173,0.99600798934399148,7.0710678118654751e-173,0,0,1,1,1,1,1,1,1,1,0,0,0,0,4,176,0,PASS
436,ket,44,0,0,0.30787698475815756,1.0040080106773419,0,1.0040080106773419,0,1.0040080106773419,0,0,0,1,1,1,1,1,1,1,1,0,0,0,0,4,208,0,PASS
437,bra,71,0,0,0.076382347788383279,1.0040080106773419,0,1.0040080106773419,0,1.0040080106773419,0,0,0,1,1,1,1,1,1,1,1,0,0,0,0,4,192,0,PASS
438,bra,104,1,0,0.59805679474444107,0.99600798934399148,7.0710678118654751e-173,0.99600798934399148,7.0710678118654751e-173,0.99600798934399148,7.0710678118654751e-173,0,0,1,1,1,1,1,1,1,1,0,0,0,0,4,160,0,PASS
439,bra,79,0,0,0.55648889873897223,0.99600798934399148,7.0710678118654751e-173,0.99600798934399148,7.0710678118654751e-173,0.99600798934399148,7.0710678118654751e-173,0,0,1,1,1,1,1,1,1,1,0,0,0,0,4,176,0,PASS
440,ket,8,1,0,0.90233636254422156,1.0040080106773419,0,1.0040080106773419,0,1.0040080106773419,0,0,0,1,1,1,1,1,1,1,1,0,0,0,0,4,112,0,PASS
441,bra,115,0,0,0.59945615288845677,0.99600798934399148,7.0710678118654751e-173,0.99600798934399148,7.0710678118654751e-173,0.99600798934399148,7.0710678118654751e-173,0,0,1,1,1,1,1,1,1,1,0,0,0,0,4,32,0,PASS
442,bra,112,1,0,0.95012411853814061,0.99600798934399148,7.0710678118654751e-173,0.99600798934399148,7.0710678118654751e-173,0.99600798934399148,7.0710678118654751e-173,0,0,1,1,1,1,1,1,1,1,0,0,0,0,4,240,0,PASS
443,ket,24,1,0,0.93460535447961535,1.0040080106773419,0,1.0040080106773419,0,1.0040080106773419,0,0,0,1,1,1,1,1,1,1,1,0,0,0,0,4,64,0,PASS
444,ket,36,0,0,0.36991714681664201,0.99600798934399148,1e-172,0.99600798934399148,1e-172,0.99600798934399148,7.0710678118654751e-173,0,2.9406713796177787e-173,1,1,1,1,1,1,1,1,0,0,0,0,4,224,0,PASS
445,bra,95,0,0,0.30385600966314802,1.0040080106773419,0,1.0040080106773419,0,1.0040080106773419,0,0,0,1,1,1,1,1,1,1,1,0,0,0,0,4,128,0,PASS
446,bra,120,1,0,0.08828524518591277,1.0040080106773419,0,1.0040080106773419,0,1.0040080106773419,0,0,0,1,1,1,1,1,1,1,1,0,0,0,0,2,176,0,PASS
447,bra,95,0,0,0.56203964180979493,0.99600798934399148,7.0710678118654751e-173,0.99600798934399148,7.0710678118654751e-173,0.99600798934399148,1e-172,0,2.9406713796177787e-173,1,1,1,1,1,1,1,1,0,0,0,0,2,176,0,PASS
448,ket,0,1,0,0.18681527835809367,0.99600798934399148,7.0710678118654751e-173,0.99600798934399148,7.0710678118654751e-173,0.99600798934399148,7.0710678118654751e-173,0,0,1,1,1,1,1,1,1,1,0,0,0,0,2,64,0,PASS
449,bra,75,0,0,0.50306789857237011,0.99600798934399148,7.0710678118654751e-173,0.99600798934399148,7.0710678118654751e-173,0.99600798934399148,7.0710678118654751e-173,0,0,1,1,1,1,1,1,1,1,0,0,0,0,2,96,0,PASS
450,ket,0,1,0,0.67240873443838756,1.0040080106773419,0,1.0040080106773419,0,1.0040080106773419,0,0,0,1,1,1,1,1,1,1,1,0,0,0,0,2,96,0,PASS
451,ket,7,0,0,0.95726238795696328,1.0040080106773419,0,1.0040080106773419,0,1.0040080106773419,0,0,0,1,1,1,1,1,1,1,1,0,0,0,0,2,240,0,PASS
452,ket,28,0,0,0.21349965490718376,1.0040080106773419,0,1.0040080106773419,0,1.0040080106773419,0,0,0,1,1,1,1,1,1,1,1,0,0,0,0,2,192,0,PASS
453,bra,119,0,0,0.88800097940643896,0.99600798934399148,1e-172,0.99600798934399148,1e-172,0.99600798934399148,7.0710678118654751e-173,0,2.9406713796177787e-173,1,1,1,1,1,1,1,1,0,0,0,0,4,64,0,PASS
454,ket,8,1,0,0.76094563354877442,0.99600798934399148,7.0710678118654751e-173,0.99600798934399148,7.0710678118654751e-173,0.99600798934399148,7.0710678118654751e-173,0,0,1,1,1,1,1,1,1,1,0,0,0,0,4,32,0,PASS
455,ket,0,1,0,0.28082362159991026,0.99600798934399148,7.0710678118654751e-173,0.99600798934399148,7.0710678118654751e-173,0.99600798934399148,7.0710678118654751e-173,0,0,1,1,1,1,1,1,1,1,0,0,0,0,2,224,0,PASS
456,ket,56,1,0,0.33216969457378026,1.0040080106773419,0,1.0040080106773419,0,1.0040080106773419,0,0,0,1,1,1,1,1,1,1,1,0,0,0,0,2,128,0,PASS
457,bra,99,0,0,0.10073168357045088,1.0040080106773419,0,1.0040080106773419,0,1.0040080106773419,0,0,0,1,1,1,1,1,1,1,1,0,0,0,0,4,160,0,PASS
458,ket,16,1,0,0.1303533580930587,0.99600798934399148,7.0710678118654751e-173,0.99600798934399148,7.0710678118654751e-173,0.99600798934399148,7.0710678118654751e-173,0,0,1,1,1,1,1,1,1,1,0,0,0,0,4,80,0,PASS
459,ket,48,1,0,0.81995900734137905,0.99600798934399148,7.0710678118654751e-173,0.99600798934399148,7.0710678118654751e-173,0.99600798934399148,7.0710678118654751e-173,0,0,1,1,1,1,1,1,1,1,0,0,0,0,4,176,0,PASS
460,ket,20,0,0,0.14986625930675299,0.99600798934399148,1e-172,0.99600798934399148,1e-172,0.99600798934399148,7.0710678118654751e-173,0,2.9406713796177787e-173,1,1,1,1,1,1,1,1,0,0,0,0,4,176,0,PASS
461,bra,79,0,0,0.75032806430197441,1.0040080106773419,0,1.0040080106773419,0,1.0040080106773419,0,0,0,1,1,1,1,1,1,1,1,0,0,0,0,4,128,0,PASS
462,ket,24,1,0,0.0035526136680690697,0.99600798934399148,7.0710678118654751e-173,0.99600798934399148,7.0710678118654751e-173,0.99600798934399148,7.0710678118654751e-173,0,0,1,1,1,1,1,1,1,1,0,0,0,0,4,144,0,PASS
463,ket,6,0,0,0.35107131505997757,0.99600798934399148,7.0710678118654751e-173,0.99600798934399148,7.0710678118654751e-173,0.99600798934399148,7.0710678118654751e-173,0,0,1,1,1,1,1,1,1,1,0,0,0,0,2,192,0,PASS
464,ket,48,1,0,0.21086914119017477,1.0040080106773419,0,1.0040080106773419,0,1.0040080106773419,0,0,0,1,1,1,1,1,1,1,1,0,0,0,0,2,144,0,PASS
465,bra,123,0,0,0.90000000000000002,0.10040080106773419,4.8989794855663564e-172,0.10040080106773419,4.8989794855663564e-172,0.10040080106773419,5.4313902456001084e-172,0,5.3028537060632358e-172,1,1,1,1,1,0,0,0,0,0,0,0,2,96,0,PASS
466,ket,32,1,0,0.66495392398908004,1.0040080106773419,0,1.0040080106773419,0,1.0040080106773419,0,0,0,1,1,1,1,1,1,1,1,0,0,0,0,4,208,0,PASS
467,bra,123,0,0,0.16972395956303482,1.0040080106773419,0,1.0040080106773419,0,1.0040080106773419,0,0,0,1,1,1,1,1,1,1,1,0,0,0,0,2,64,0,PASS
468,ket,12,0,0,0.27816180174309518,0.99600798934399148,7.0710678118654751e-173,0.99600798934399148,7.0710678118654751e-173,0.99600798934399148,1e-172,0,2.9406713796177787e-173,1,1,1,1,1,1,1,1,0,0,0,0,2,16,0,PASS
469,bra,103,0,0,0.80833251339088763,1.0040080106773419,0,1.0040080106773419,0,1.0040080106773419,0,0,0,1,1,1,1,1,1,1,1,0,0,0,0,4,64,0,PASS
470,ket,40,1,0,0.37863184522165738,0.99600798934399148,7.0710678118654751e-173,0.99600798934399148,7.0710678118654751e-173,0.99600798934399148,7.0710678118654751e-173,0,0,1,1,1,1,1,1,1,1,0,0,0,0,4,128,0,PASS
471,ket,39,0,0,0.70136825484787457,0.99600798934399148,7.0710678118654751e-173,0.99600798934399148,7.0710678118654751e-173,0.99600798934399148,7.0710678118654751e-173,0,0,1,1,1,1,1,1,1,1,0,0,0,0,4,224,0,PASS
472,ket,40,1,0,0.23868874309124372,1.0040080106773419,0,1.0040080106773419,0,1.0040080106773419,0,0,0,1,1,1,1,1,1,1,1,0,0,0,0,4,224,0,PASS
473,bra,83,0,0,0.75744771492172924,0.99600798934399148,7.0710678118654751e-173,0.99600798934399148,7.0710678118654751e-173,0.99600798934399148,7.0710678118654751e-173,0,0,1,1,1,1,1,1,1,1,0,0,0,0,4,160,0,PASS
474,ket,48,1,0,0.31632861327744211,0.99600798934399148,7.0710678118654751e-173,0.99600798934399148,7.0710678118654751e-173,0.99600798934399148,7.0710678118654751e-173,0,0,1,1,1,1,1,1,1,1,0,0,0,0,4,176,0,PASS
475,bra,92,0,0,0.98218973458819447,1.0040080106773419,0,1.0040080106773419,0,1.0040080106773419,0,0,0,1,1,1,1,1,1,1,1,0,0,0,0,4,160,0,PASS
476,ket,4,0,0,0.31216121865181146,1.0040080106773419,0,1.0040080106773419,0,1.0040080106773419,0,0,0,1,1,1,1,1,1,1,1,0,0,0,0,2,64,0,PASS
477,bra,127,0,0,0.69585997448724735,1.0040080106773419,0,1.0040080106773419,0,1.0040080106773419,0,0,0,1,1,1,1,1,1,1,1,0,0,0,0,0,0,0,PASS
478,ket,56,1,0,0.32230246671581286,0.99600798934399148,7.0710678118654751e-173,0.99600798934399148,7.0710678118654751e-173,0.99600798934399148,7.0710678118654751e-173,0,0,1,1,1,1,1,1,1,1,0,0,0,0,2,112,0,PASS
479,bra,110,0,0,0.27110583823662598,1.0040080106773419,0,1.0040080106773419,0,1.0040080106773419,0,0,0,1,1,1,1,1,1,1,1,0,0,0,0,4,144,0,PASS
480,ket,32,1,0,0.093004115102656659,0.99600798934399148,7.0710678118654751e-173,0.99600798934399148,7.0710678118654751e-173,0.99600798934399148,7.0710678118654751e-173,0,0,1,1,1,1,1,1,1,1,0,0,0,0,4,96,0,PASS
481,bra,107,0,0,0.43324890666684612,1.0040080106773419,0,1.0040080106773419,0,1.0040080106773419,0,0,0,1,1,1,1,1,1,1,1,0,0,0,0,4,96,0,PASS
482,bra,64,1,0,0.80460709386440921,0.99600798934399148,7.0710678118654751e-173,0.99600798934399148,7.0710678118654751e-173,0.99600798934399148,7.0710678118654751e-173,0,0,1,1,1,1,1,1,1,1,0,0,0,0,4,160,0,PASS
483,ket,10,0,0,0.1513294682673211,0.99600798934399148,7.0710678118654751e-173,0.99600798934399148,7.0710678118654751e-173,0.99600798934399148,7.0710678118654751e-173,0,0,1,1,1,1,1,1,1,1,0,0,0,0,4,128,0,PASS
484,ket,60,0,0,0.38389533152564032,1.0040080106773419,0,1.0040080106773419,0,1.0040080106773419,0,0,0,1,1,1,1,1,1,1,1,0,0,0,0,4,144,0,PASS
485,bra,87,0,0,0.98869781861404382,0.99600798934399148,7.0710678118654751e-173,0.99600798934399148,7.0710678118654751e-173,0.99600798934399148,7.0710678118654751e-173,0,0,1,1,1,1,1,1,1,1,0,0,0,0,4,192,0,PASS
486,bra,72,1,0,0.14564395590013812,1.0040080106773419,0,1.0040080106773419,0,1.0040080106773419,0,0,0,1,1,1,1,1,1,1,1,0,0,0,0,4,224,0,PASS
487,ket,36,0,0,0.58914748717562393,1.0040080106773419,0,1.0040080106773419,0,1.0040080106773419,0,0,0,1,1,1,1,1,1,1,1,0,0,0,0,4,160,0,PASS
488,ket,24,1,0,0.37271824950109067,1.0040080106773419,0,1.0040080106773419,0,1.0040080106773419,0,0,0,1,1,1,1,1,1,1,1,0,0,0,0,4,224,0,PASS
489,bra,67,0,0,0.94854476383776465,1.0040080106773419,0,1.0040080106773419,0,1.0040080106773419,0,0,0,1,1,1,1,1,1,1,1,0,0,0,0,4,160,0,PASS
490,bra,80,1,0,0.03672742678258633,1.0040080106773419,0,1.0040080106773419,0,1.0040080106773419,0,0,0,1,1,1,1,1,1,1,1,0,0,0,0,4,208,0,PASS
491,ket,13,0,0,0.4773909465098688,0.99600798934399148,7.0710678118654751e-173,0.99600798934399148,7.0710678118654751e-173,0.99600798934399148,7.0710678118654751e-173,0,0,1,1,1,1,1,1,1,1,0,0,0,0,4,96,0,PASS
492,ket,52,0,0,0.47413081894639947,0.99600798934399148,7.0710678118654751e-173,0.99600798934399148,7.0710678118654751e-173,0.99600798934399148,7.0710678118654751e-173,0,0,1,1,1,1,1,1,1,1,0,0,0,0,4,160,0,PASS
493,bra,111,0,0,0.90931818361842576,1.0040080106773419,0,1.0040080106773419,0,1.0040080106773419,0,0,0,1,1,1,1,1,1,1,1,0,0,0,0,4,128,0,PASS
494,bra,88,1,0,0.80945958292782993,1.0040080106773419,0,1.0040080106773419,0,1.0040080106773419,0,0,0,1,1,1,1,1,1,1,1,0,0,0,0,4,208,0,PASS
495,ket,27,0,0,0.55417937984028809,1.0040080106773419,0,1.0040080106773419,0,1.0040080106773419,0,0,0,1,1,1,1,1,1,1,1,0,0,0,0,4,112,0,PASS
496,ket,16,1,0,0.90000000000000002,0.10040080106773419,4.636809247747852e-172,0.10040080106773419,4.636809247747852e-172,0.10040080106773419,4.636809247747852e-172,0,0,1,1,1,1,1,0,0,0,0,0,0,0,4,224,0,PASS
497,bra,91,0,0,0.098002374884174848,1.0040080106773419,0,1.0040080106773419,0,1.0040080106773419,0,0,0,1,1,1,1,1,1,1,1,0,0,0,0,4,112,0,PASS
498,bra,96,1,0,0.63348398328612388,0.99600798934399148,7.0710678118654751e-173,0.99600798934399148,7.0710678118654751e-173,0.99600798934399148,7.0710678118654751e-173,0,0,1,1,1,1,1,1,1,1,0,0,0,0,4,224,0,PASS
499,bra,84,0,0,0.17785620165296087,0.99600798934399148,7.0710678118654751e-173,0.99600798934399148,7.0710678118654751e-173,0.99600798934399148,7.0710678118654751e-173,0,0,1,1,1,1,1,1,1,1,0,0,0,0,4,208,0,PASS
500,ket,44,0,0,0.35224282855938871,0.99600798934399148,7.0710678118654751e-173,0.99600798934399148,7.0710678118654751e-173,0.99600798934399148,7.0710678118654751e-173,0,0,1,1,1,1,1,1,1,1,0,0,0,0,4,160,0,PASS
501,bra,71,0,0,0.55968054203239792,0.99600798934399148,7.0710678118654751e-173,0.99600798934399148,7.0710678118654751e-173,0.99600798934399148,7.0710678118654751e-173,0,0,1,1,1,1,1,1,1,1,0,0,0,0,4,192,0,PASS
502,bra,104,1,0,0.5351698109684403,1.0040080106773419,0,1.0040080106773419,0,1.0040080106773419,0,0,0,1,1,1,1,1,1,1,1,0,0,0,0,4,160,0,PASS
503,ket,22,0,0,0.65653926580363586,0.99600798934399148,7.0710678118654751e-173,0.99600798934399148,7.0710678118654751e-173,0.99600798934399148,7.0710678118654751e-173,0,0,1,1,1,1,1,1,1,1,0,0,0,0,4,64,0,PASS
504,ket,8,1,0,0.59945498185817814,1.0040080106773419,0,1.0040080106773419,0,1.0040080106773419,0,0,0,1,1,1,1,1,1,1,1,0,0,0,0,4,224,0,PASS
505,bra,115,0,0,0.81808037356577556,1.0040080106773419,0,1.0040080106773419,0,1.0040080106773419,0,0,0,1,1,1,1,1,1,1,1,0,0,0,0,4,32,0,PASS
506,bra,112,1,0,0.40233160775048959,1.0040080106773419,0,1.0040080106773419,0,1.0040080106773419,0,0,0,1,1,1,1,1,1,1,1,0,0,0,0,4,240,0,PASS
507,ket,41,0,0,0.27602962160890082,1.0040080106773419,0,1.0040080106773419,0,1.0040080106773419,0,0,0,1,1,1,1,1,1,1,1,0,0,0,0,4,96,0,PASS
508,ket,36,0,0,0.97665030814874321,0.99600798934399148,1e-172,0.99600798934399148,1e-172,0.99600798934399148,7.0710678118654751e-173,0,2.9406713796177787e-173,1,1,1,1,1,1,1,1,0,0,0,0,4,224,0,PASS
509,bra,95,0,0,0.64702438699223463,1.0040080106773419,0,1.0040080106773419,0,1.0040080106773419,0,0,0,1,1,1,1,1,1,1,1,0,0,0,0,4,128,0,PASS
510,bra,120,1,0,0.12178388609236634,0.99600798934399148,1e-172,0.99600798934399148,1e-172,0.99600798934399148,1e-172,0,0,1,1,1,1,1,1,1,1,0,0,0,0,2,176,0,PASS
511,ket,1,0,0,0.44416055095083079,1.0040080106773419,0,1.0040080106773419,0,1.0040080106773419,0,0,0,1,1,1,1,1,1,1,1,0,0,0,0,0,0,0,PASS
