task_id,campaign,L,V,theta,beta_trial,dt,delta,mu,boundary,hs_scheme,seed,burn,measurements,threads,adaptive_guard,guard_threshold,multiprecision_fallback,full_rebuild_diagnostic,diagnostic_stride,stabilization_interval,sign_recompute_stride,S_pi,S_pi_err,S_pi_dq,S_pi_dq_err,R_cdw,R_cdw_err,average_sign,acceptance,runtime_seconds,sign_corrections,max_sign_imag,max_observable_imag,result_path,R_cdw_mean,S_pi_dq_mean,S_pi_dq_offsite,S_pi_dq_offsite_err,S_pi_dq_offsite_mean,S_pi_mean,S_pi_offsite,S_pi_offsite_err,S_pi_offsite_mean,average_sign_err,average_sign_mean,center_operator_boundary,code_version,error_method,mode,n_bins,negative_signs,observable_convention,onsite_contact,onsite_contact_is_diagnostic_only,output_dir,physical_slices,sign_recomputes,source_result_path,source_task_id,trial_slices
0,guard_off_theta_convergence,10,2,2,8,0.1,1,0,0,0,990001,500,5000,1,false,,false,false,0,10,20,0.045129666734327306,0.0003399187972222951,0.035438928308304155,0.00018860828000552232,0.21473099908030158,0.007084370770980096,0.9796,0.7471315,53.445197846,0,7.527842332549194e-10,3.073038118890679e-14,/home/sunxr/PfQMC-main/reproduction/projector_kitaev/results/projector_theta_convergence/raw/task_000_L10_V2.0_th2_bt8_dt0.1_s990001/result.json,0.21473099908030158,0.035438928308304155,0.010438928308304153,0.00018860828000552234,0.010438928308304153,0.045129666734327306,0.020129666734327305,0.00033991879722229516,0.020129666734327305,0.0023240813577264483,0.9796,160,source_identifier:PfQMC-main_20260821,contiguous_sign_reweighted_bins,projector,15,51,physical_density_SQ_equals_minus_legacy_contact_already_included,0.025,True,results/projector_theta_convergence/raw/task_000_L10_V2.0_th2_bt8_dt0.1_s990001,40,250,,,80
1,guard_off_theta_convergence,10,2,2,8,0.1,1,0,0,0,990002,500,5000,1,false,,false,false,0,10,20,0.04476805258035294,0.0004397193243593602,0.03520040765264691,0.00013048015368561915,0.21371590623767533,0.007709424122279821,0.9772,0.747252,54.010376347,0,7.89006360522516e-11,1.8071155826348474e-14,/home/sunxr/PfQMC-main/reproduction/projector_kitaev/results/projector_theta_convergence/raw/task_001_L10_V2.0_th2_bt8_dt0.1_s990002/result.json,0.21371590623767533,0.03520040765264691,0.01020040765264691,0.00013048015368561915,0.01020040765264691,0.04476805258035294,0.01976805258035294,0.00043971932435936015,0.01976805258035294,0.0030590868545706624,0.9772,160,source_identifier:PfQMC-main_20260821,contiguous_sign_reweighted_bins,projector,15,57,physical_density_SQ_equals_minus_legacy_contact_already_included,0.025,True,results/projector_theta_convergence/raw/task_001_L10_V2.0_th2_bt8_dt0.1_s990002,40,250,,,80
2,guard_off_theta_convergence,10,2,2,8,0.1,1,0,0,0,990003,500,5000,1,false,,false,false,0,10,20,0.04501331183247274,0.00023515455780663078,0.035480097886150024,0.00010971722952153778,0.21178654842822353,0.0031541643169077805,0.976,0.74724025,53.950037262,0,3.5521514621651665e-11,6.672682475267586e-15,/home/sunxr/PfQMC-main/reproduction/projector_kitaev/results/projector_theta_convergence/raw/task_002_L10_V2.0_th2_bt8_dt0.1_s990003/result.json,0.21178654842822353,0.035480097886150024,0.010480097886150022,0.00010971722952153778,0.010480097886150022,0.04501331183247274,0.020013311832472735,0.00023515455780663078,0.020013311832472735,0.0030430845375241304,0.976,160,source_identifier:PfQMC-main_20260821,contiguous_sign_reweighted_bins,projector,15,60,physical_density_SQ_equals_minus_legacy_contact_already_included,0.025,True,results/projector_theta_convergence/raw/task_002_L10_V2.0_th2_bt8_dt0.1_s990003,40,250,,,80
3,guard_off_theta_convergence,10,2,2,8,0.1,1,0,0,0,990004,500,5000,1,false,,false,false,0,10,20,0.04516672077913258,0.0002837398502540171,0.0350747282838555,0.0001370240812378223,0.2234386805415297,0.004582738058066161,0.9832,0.74770475,54.03927254,0,3.553271249142182e-10,8.969764259301033e-14,/home/sunxr/PfQMC-main/reproduction/projector_kitaev/results/projector_theta_convergence/raw/task_003_L10_V2.0_th2_bt8_dt0.1_s990004/result.json,0.2234386805415297,0.0350747282838555,0.0100747282838555,0.0001370240812378223,0.0100747282838555,0.04516672077913258,0.020166720779132577,0.0002837398502540171,0.020166720779132577,0.00293894966067863,0.9832,160,source_identifier:PfQMC-main_20260821,contiguous_sign_reweighted_bins,projector,15,42,physical_density_SQ_equals_minus_legacy_contact_already_included,0.025,True,results/projector_theta_convergence/raw/task_003_L10_V2.0_th2_bt8_dt0.1_s990004,40,250,,,80
4,guard_off_theta_convergence,10,2,2,8,0.1,1,0,0,0,990005,500,5000,1,false,,false,false,0,10,20,0.04614836777039513,0.0006482144437406816,0.0355075177986099,0.0002079704764900601,0.23057911873995884,0.008417048912712829,0.9724,0.746628,54.114595594,0,8.515880410821412e-11,1.7426553000141538e-14,/home/sunxr/PfQMC-main/reproduction/projector_kitaev/results/projector_theta_convergence/raw/task_004_L10_V2.0_th2_bt8_dt0.1_s990005/result.json,0.23057911873995884,0.0355075177986099,0.010507517798609901,0.00020797047649006014,0.010507517798609901,0.04614836777039513,0.02114836777039513,0.0006482144437406816,0.02114836777039513,0.00391489268920687,0.9724,160,source_identifier:PfQMC-main_20260821,contiguous_sign_reweighted_bins,projector,15,69,physical_density_SQ_equals_minus_legacy_contact_already_included,0.025,True,results/projector_theta_convergence/raw/task_004_L10_V2.0_th2_bt8_dt0.1_s990005,40,250,,,80
5,guard_off_theta_convergence,10,2,2,8,0.1,1,0,0,0,990006,500,5000,1,false,,false,false,0,10,20,0.045291362546124064,0.000504077323725514,0.035111299128028226,0.0001449986369899202,0.224768318853923,0.006913961185385126,0.9768,0.746931,51.092847362,0,1.8178582561328406e-11,6.632878443634338e-14,/home/sunxr/PfQMC-main/reproduction/projector_kitaev/results/projector_theta_convergence/raw/task_005_L10_V2.0_th2_bt8_dt0.1_s990006/result.json,0.224768318853923,0.035111299128028226,0.010111299128028224,0.0001449986369899202,0.010111299128028224,0.045291362546124064,0.020291362546124063,0.000504077323725514,0.020291362546124063,0.0036454951630021386,0.9768,160,source_identifier:PfQMC-main_20260821,contiguous_sign_reweighted_bins,projector,15,58,physical_density_SQ_equals_minus_legacy_contact_already_included,0.025,True,results/projector_theta_convergence/raw/task_005_L10_V2.0_th2_bt8_dt0.1_s990006,40,250,,,80
6,guard_off_theta_convergence,10,2,2,8,0.1,1,0,0,0,990007,500,5000,1,false,,false,false,0,10,20,0.04530513920223498,0.00038490412076562806,0.035262167140805385,0.0001313292896829143,0.22167401399208497,0.007345263592161138,0.9784,0.747049,51.13886207,0,6.552816636583164e-11,7.391011326291071e-15,/home/sunxr/PfQMC-main/reproduction/projector_kitaev/results/projector_theta_convergence/raw/task_006_L10_V2.0_th2_bt8_dt0.1_s990007/result.json,0.22167401399208497,0.035262167140805385,0.010262167140805384,0.0001313292896829143,0.010262167140805384,0.04530513920223498,0.02030513920223498,0.00038490412076562806,0.02030513920223498,0.003652063581522216,0.9784,160,source_identifier:PfQMC-main_20260821,contiguous_sign_reweighted_bins,projector,15,54,physical_density_SQ_equals_minus_legacy_contact_already_included,0.025,True,results/projector_theta_convergence/raw/task_006_L10_V2.0_th2_bt8_dt0.1_s990007,40,250,,,80
7,guard_off_theta_convergence,10,2,2,8,0.1,1,0,0,0,990008,500,5000,1,false,,false,false,0,10,20,0.04551399603862266,0.00047126586191732913,0.03524158355575012,0.0001430496925898261,0.2256978814638796,0.008432765569014275,0.9764,0.74719625,50.847529284,0,1.965209091456277e-11,1.4985674671138404e-14,/home/sunxr/PfQMC-main/reproduction/projector_kitaev/results/projector_theta_convergence/raw/task_007_L10_V2.0_th2_bt8_dt0.1_s990008/result.json,0.2256978814638796,0.03524158355575012,0.010241583555750118,0.0001430496925898261,0.010241583555750118,0.04551399603862266,0.02051399603862266,0.00047126586191732913,0.02051399603862266,0.003719808738647659,0.9764,160,source_identifier:PfQMC-main_20260821,contiguous_sign_reweighted_bins,projector,15,59,physical_density_SQ_equals_minus_legacy_contact_already_included,0.025,True,results/projector_theta_convergence/raw/task_007_L10_V2.0_th2_bt8_dt0.1_s990008,40,250,,,80
8,guard_off_theta_convergence,10,2,2,8,0.1,1,0,0,0,990009,500,5000,1,false,,false,false,0,10,20,0.04559573102268346,0.0004980708916891179,0.03564974221854224,0.0002060784520417157,0.21813421083638695,0.011112324812047977,0.9768,0.747738,79.703988831,0,7.073675173388032e-11,8.60538458109587e-15,/home/sunxr/PfQMC-main/reproduction/projector_kitaev/results/projector_theta_convergence/raw/task_008_L10_V2.0_th2_bt8_dt0.1_s990009/result.json,0.21813421083638695,0.03564974221854224,0.010649742218542237,0.0002060784520417157,0.010649742218542237,0.04559573102268346,0.02059573102268346,0.0004980708916891179,0.02059573102268346,0.0028040489416427603,0.9768,160,source_identifier:PfQMC-main_20260821,contiguous_sign_reweighted_bins,projector,15,58,physical_density_SQ_equals_minus_legacy_contact_already_included,0.025,True,results/projector_theta_convergence/raw/task_008_L10_V2.0_th2_bt8_dt0.1_s990009,40,250,,,80
9,guard_off_theta_convergence,10,2,2,8,0.1,1,0,0,0,990010,500,5000,1,false,,false,false,0,10,20,0.04472222553167199,0.0002193851384811173,0.03561497795106067,0.00014825778404363178,0.20364030350326878,0.005160941895138284,0.9768,0.7472145,81.765353163,0,3.744239175578156e-11,4.144690013419903e-15,/home/sunxr/PfQMC-main/reproduction/projector_kitaev/results/projector_theta_convergence/raw/task_009_L10_V2.0_th2_bt8_dt0.1_s990010/result.json,0.20364030350326878,0.03561497795106067,0.010614977951060665,0.00014825778404363178,0.010614977951060665,0.04472222553167199,0.019722225531671987,0.0002193851384811173,0.019722225531671987,0.002972280803552859,0.9768,160,source_identifier:PfQMC-main_20260821,contiguous_sign_reweighted_bins,projector,15,58,physical_density_SQ_equals_minus_legacy_contact_already_included,0.025,True,results/projector_theta_convergence/raw/task_009_L10_V2.0_th2_bt8_dt0.1_s990010,40,250,,,80
10,guard_off_theta_convergence,10,2,2,8,0.1,1,0,0,0,990011,500,5000,1,false,,false,false,0,10,20,0.04620791817287896,0.0007577249265078322,0.03522600907040391,0.00016245451066846338,0.2376629274097165,0.012480324668448738,0.9828,0.7474485,82.94423158,0,1.3025034589171968e-10,2.7789154295285778e-14,/home/sunxr/PfQMC-main/reproduction/projector_kitaev/results/projector_theta_convergence/raw/task_010_L10_V2.0_th2_bt8_dt0.1_s990011/result.json,0.2376629274097165,0.03522600907040391,0.010226009070403906,0.00016245451066846335,0.010226009070403906,0.04620791817287896,0.02120791817287896,0.0007577249265078321,0.02120791817287896,0.0021000411776820596,0.9828,160,source_identifier:PfQMC-main_20260821,contiguous_sign_reweighted_bins,projector,15,43,physical_density_SQ_equals_minus_legacy_contact_already_included,0.025,True,results/projector_theta_convergence/raw/task_010_L10_V2.0_th2_bt8_dt0.1_s990011,40,250,,,80
11,guard_off_theta_convergence,10,2,2,8,0.1,1,0,0,0,990012,500,5000,1,false,,false,false,0,10,20,0.046631381574069014,0.0010151697845438954,0.03527357039064547,0.0001587567047498202,0.24356583056375591,0.013651442914135154,0.9784,0.74710725,91.825941167,0,6.900719293011623e-11,2.0087043263797673e-14,/home/sunxr/PfQMC-main/reproduction/projector_kitaev/results/projector_theta_convergence/raw/task_011_L10_V2.0_th2_bt8_dt0.1_s990012/result.json,0.24356583056375591,0.03527357039064547,0.01027357039064547,0.00015875670474982024,0.01027357039064547,0.046631381574069014,0.021631381574069013,0.0010151697845438954,0.021631381574069013,0.003145199493482787,0.9784,160,source_identifier:PfQMC-main_20260821,contiguous_sign_reweighted_bins,projector,15,54,physical_density_SQ_equals_minus_legacy_contact_already_included,0.025,True,results/projector_theta_convergence/raw/task_011_L10_V2.0_th2_bt8_dt0.1_s990012,40,250,,,80
12,guard_off_theta_convergence,10,2,4,8,0.1,1,0,0,0,990001,500,5000,1,false,,false,false,0,10,20,0.04570917508173242,0.0007169308427982307,0.034994323561797484,0.0002237245600891987,0.2344135832855383,0.0120890197783152,0.9556,0.746115375,141.958602931,0,1.2294771378290106e-10,2.3019531293137723e-14,/home/sunxr/PfQMC-main/reproduction/projector_kitaev/results/projector_theta_convergence/raw/task_012_L10_V2.0_th4_bt8_dt0.1_s990001/result.json,0.2344135832855383,0.034994323561797484,0.009994323561797483,0.0002237245600891987,0.009994323561797483,0.04570917508173242,0.020709175081732416,0.0007169308427982307,0.020709175081732416,0.004611346333610284,0.9556,240,source_identifier:PfQMC-main_20260821,contiguous_sign_reweighted_bins,projector,15,111,physical_density_SQ_equals_minus_legacy_contact_already_included,0.025,True,results/projector_theta_convergence/raw/task_012_L10_V2.0_th4_bt8_dt0.1_s990001,80,250,,,80
13,guard_off_theta_convergence,10,2,4,8,0.1,1,0,0,0,990002,500,5000,1,false,,false,false,0,10,20,0.04611246596640396,0.0006127106469121943,0.03534229201201814,0.00018319730978066525,0.2335631749174425,0.010510418712130884,0.9452,0.74618025,138.582818444,0,2.0650997188086285e-09,6.456175822974909e-13,/home/sunxr/PfQMC-main/reproduction/projector_kitaev/results/projector_theta_convergence/raw/task_013_L10_V2.0_th4_bt8_dt0.1_s990002/result.json,0.2335631749174425,0.03534229201201814,0.01034229201201814,0.00018319730978066525,0.01034229201201814,0.04611246596640396,0.02111246596640396,0.0006127106469121943,0.02111246596640396,0.0029249370568243684,0.9452,240,source_identifier:PfQMC-main_20260821,contiguous_sign_reweighted_bins,projector,15,137,physical_density_SQ_equals_minus_legacy_contact_already_included,0.025,True,results/projector_theta_convergence/raw/task_013_L10_V2.0_th4_bt8_dt0.1_s990002,80,250,,,80
14,guard_off_theta_convergence,10,2,4,8,0.1,1,0,0,0,990003,500,5000,1,false,,false,false,0,10,20,0.04546546736500488,0.0008803563746437562,0.034976290854020514,0.00047372363872456115,0.23070644862782097,0.01967868811315316,0.952,0.746521375,132.706021913,0,7.261800887742512e-11,5.086550453456359e-15,/home/sunxr/PfQMC-main/reproduction/projector_kitaev/results/projector_theta_convergence/raw/task_014_L10_V2.0_th4_bt8_dt0.1_s990003/result.json,0.23070644862782097,0.034976290854020514,0.009976290854020513,0.00047372363872456115,0.009976290854020513,0.04546546736500488,0.02046546736500488,0.0008803563746437562,0.02046546736500488,0.0037426720613767694,0.952,240,source_identifier:PfQMC-main_20260821,contiguous_sign_reweighted_bins,projector,15,120,physical_density_SQ_equals_minus_legacy_contact_already_included,0.025,True,results/projector_theta_convergence/raw/task_014_L10_V2.0_th4_bt8_dt0.1_s990003,80,250,,,80
15,guard_off_theta_convergence,10,2,4,8,0.1,1,0,0,0,990004,500,5000,1,false,,false,false,0,10,20,0.04672645169174217,0.0007793646095132894,0.03465238569823294,0.0003690563627876933,0.2583989486974687,0.017183294660504667,0.9516,0.7463515,133.459528356,0,3.960896703152717e-10,2.7513193482088386e-14,/home/sunxr/PfQMC-main/reproduction/projector_kitaev/results/projector_theta_convergence/raw/task_015_L10_V2.0_th4_bt8_dt0.1_s990004/result.json,0.2583989486974687,0.03465238569823294,0.009652385698232936,0.00036905636278769337,0.009652385698232936,0.04672645169174217,0.02172645169174217,0.0007793646095132894,0.02172645169174217,0.004388232608936205,0.9516,240,source_identifier:PfQMC-main_20260821,contiguous_sign_reweighted_bins,projector,15,121,physical_density_SQ_equals_minus_legacy_contact_already_included,0.025,True,results/projector_theta_convergence/raw/task_015_L10_V2.0_th4_bt8_dt0.1_s990004,80,250,,,80
16,guard_off_theta_convergence,10,2,4,8,0.1,1,0,0,0,990005,500,5000,1,false,,false,false,0,10,20,0.04568092265420293,0.000367620941025128,0.03543883526554519,0.00011350921540248995,0.22420929336713824,0.006957506957972575,0.9536,0.74652725,140.059092312,0,3.135657989719974e-09,3.5229387614999782e-15,/home/sunxr/PfQMC-main/reproduction/projector_kitaev/results/projector_theta_convergence/raw/task_016_L10_V2.0_th4_bt8_dt0.1_s990005/result.json,0.22420929336713824,0.03543883526554519,0.01043883526554519,0.00011350921540248995,0.01043883526554519,0.04568092265420293,0.020680922654202925,0.000367620941025128,0.020680922654202925,0.004083730909466646,0.9536,240,source_identifier:PfQMC-main_20260821,contiguous_sign_reweighted_bins,projector,15,116,physical_density_SQ_equals_minus_legacy_contact_already_included,0.025,True,results/projector_theta_convergence/raw/task_016_L10_V2.0_th4_bt8_dt0.1_s990005,80,250,,,80
17,guard_off_theta_convergence,10,2,4,8,0.1,1,0,0,0,990006,500,5000,1,false,,false,false,0,10,20,0.04540981746104899,0.00017954805072184908,0.035129961493142826,0.00015266509359805985,0.22637959240254324,0.0033182801677883646,0.95,0.746129625,136.69389629,0,1.2618888401524695e-09,2.1689640071418366e-14,/home/sunxr/PfQMC-main/reproduction/projector_kitaev/results/projector_theta_convergence/raw/task_017_L10_V2.0_th4_bt8_dt0.1_s990006/result.json,0.22637959240254324,0.035129961493142826,0.010129961493142825,0.00015266509359805985,0.010129961493142825,0.04540981746104899,0.020409817461048987,0.00017954805072184908,0.020409817461048987,0.004246981043493655,0.95,240,source_identifier:PfQMC-main_20260821,contiguous_sign_reweighted_bins,projector,15,125,physical_density_SQ_equals_minus_legacy_contact_already_included,0.025,True,results/projector_theta_convergence/raw/task_017_L10_V2.0_th4_bt8_dt0.1_s990006,80,250,,,80
18,guard_off_theta_convergence,10,2,4,8,0.1,1,0,0,0,990007,500,5000,1,false,,false,false,0,10,20,0.04645481901684075,0.0006645664074554816,0.0352911133467314,0.00016339892265181507,0.24031318830587411,0.00917034891511453,0.9412,0.746126,133.40474138,0,4.030926479999214e-10,1.8690384450095723e-14,/home/sunxr/PfQMC-main/reproduction/projector_kitaev/results/projector_theta_convergence/raw/task_018_L10_V2.0_th4_bt8_dt0.1_s990007/result.json,0.24031318830587411,0.0352911133467314,0.010291113346731398,0.00016339892265181504,0.010291113346731398,0.04645481901684075,0.02145481901684075,0.0006645664074554816,0.02145481901684075,0.004429395318917234,0.9412,240,source_identifier:PfQMC-main_20260821,contiguous_sign_reweighted_bins,projector,15,147,physical_density_SQ_equals_minus_legacy_contact_already_included,0.025,True,results/projector_theta_convergence/raw/task_018_L10_V2.0_th4_bt8_dt0.1_s990007,80,250,,,80
19,guard_off_theta_convergence,10,2,4,8,0.1,1,0,0,0,990008,500,5000,1,false,,false,false,0,10,20,0.045554809340813796,0.0005687483443564968,0.03545394350811981,0.000165282362871969,0.2217299551651145,0.009457280298773685,0.9436,0.7463155,131.119143238,0,1.2898814497113693e-09,1.9606499433388314e-14,/home/sunxr/PfQMC-main/reproduction/projector_kitaev/results/projector_theta_convergence/raw/task_019_L10_V2.0_th4_bt8_dt0.1_s990008/result.json,0.2217299551651145,0.03545394350811981,0.01045394350811981,0.000165282362871969,0.01045394350811981,0.045554809340813796,0.020554809340813794,0.0005687483443564968,0.020554809340813794,0.0038803483799902468,0.9436,240,source_identifier:PfQMC-main_20260821,contiguous_sign_reweighted_bins,projector,15,141,physical_density_SQ_equals_minus_legacy_contact_already_included,0.025,True,results/projector_theta_convergence/raw/task_019_L10_V2.0_th4_bt8_dt0.1_s990008,80,250,,,80
20,guard_off_theta_convergence,10,2,4,8,0.1,1,0,0,0,990009,500,5000,1,false,,false,false,0,10,20,0.045835076403864444,0.000295736940185349,0.035244582130492336,0.00011156659918959727,0.23105654237502704,0.0052424418538476346,0.9484,0.7462575,134.251036031,0,2.867522941844356e-10,6.545425951140264e-14,/home/sunxr/PfQMC-main/reproduction/projector_kitaev/results/projector_theta_convergence/raw/task_020_L10_V2.0_th4_bt8_dt0.1_s990009/result.json,0.23105654237502704,0.035244582130492336,0.010244582130492334,0.00011156659918959727,0.010244582130492334,0.045835076403864444,0.020835076403864443,0.00029573694018534906,0.020835076403864443,0.0048886428181398375,0.9484,240,source_identifier:PfQMC-main_20260821,contiguous_sign_reweighted_bins,projector,15,129,physical_density_SQ_equals_minus_legacy_contact_already_included,0.025,True,results/projector_theta_convergence/raw/task_020_L10_V2.0_th4_bt8_dt0.1_s990009,80,250,,,80
21,guard_off_theta_convergence,10,2,4,8,0.1,1,0,0,0,990010,500,5000,1,false,,false,false,0,10,20,0.04544500072469903,0.0003479805279900444,0.03534113602996438,0.00021524078245772443,0.2223317093984173,0.004642287405240793,0.9544,0.74630775,140.523706308,0,2.9349437895478886e-09,2.4037639124066086e-12,/home/sunxr/PfQMC-main/reproduction/projector_kitaev/results/projector_theta_convergence/raw/task_021_L10_V2.0_th4_bt8_dt0.1_s990010/result.json,0.2223317093984173,0.03534113602996438,0.010341136029964379,0.00021524078245772443,0.010341136029964379,0.04544500072469903,0.020445000724699028,0.0003479805279900444,0.020445000724699028,0.0034014072651782725,0.9544,240,source_identifier:PfQMC-main_20260821,contiguous_sign_reweighted_bins,projector,15,114,physical_density_SQ_equals_minus_legacy_contact_already_included,0.025,True,results/projector_theta_convergence/raw/task_021_L10_V2.0_th4_bt8_dt0.1_s990010,80,250,,,80
22,guard_off_theta_convergence,10,2,4,8,0.1,1,0,0,0,990011,500,5000,1,false,,false,false,0,10,20,0.04511149951854622,0.0002999245220817554,0.0352610565354901,0.00013237981622557526,0.21835769345256206,0.005687436718580947,0.9452,0.7463915,131.278044142,0,1.4372718605601923e-10,6.587058244597009e-15,/home/sunxr/PfQMC-main/reproduction/projector_kitaev/results/projector_theta_convergence/raw/task_022_L10_V2.0_th4_bt8_dt0.1_s990011/result.json,0.21835769345256206,0.0352610565354901,0.010261056535490101,0.00013237981622557526,0.010261056535490101,0.04511149951854622,0.020111499518546218,0.0002999245220817554,0.020111499518546218,0.004990644846826931,0.9452,240,source_identifier:PfQMC-main_20260821,contiguous_sign_reweighted_bins,projector,15,137,physical_density_SQ_equals_minus_legacy_contact_already_included,0.025,True,results/projector_theta_convergence/raw/task_022_L10_V2.0_th4_bt8_dt0.1_s990011,80,250,,,80
23,guard_off_theta_convergence,10,2,4,8,0.1,1,0,0,0,990012,500,5000,1,false,,false,false,0,10,20,0.04743759738436302,0.0016175101887974845,0.0358324481196777,0.0005208915789899465,0.2446403254923436,0.013713741291863698,0.9512,0.74636025,137.777308792,0,1.423239749841199e-10,7.258354685059988e-13,/home/sunxr/PfQMC-main/reproduction/projector_kitaev/results/projector_theta_convergence/raw/task_023_L10_V2.0_th4_bt8_dt0.1_s990012/result.json,0.2446403254923436,0.0358324481196777,0.0108324481196777,0.0005208915789899465,0.0108324481196777,0.04743759738436302,0.022437597384363017,0.0016175101887974845,0.022437597384363017,0.004462779192191575,0.9512,240,source_identifier:PfQMC-main_20260821,contiguous_sign_reweighted_bins,projector,15,122,physical_density_SQ_equals_minus_legacy_contact_already_included,0.025,True,results/projector_theta_convergence/raw/task_023_L10_V2.0_th4_bt8_dt0.1_s990012,80,250,,,80
24,guard_off_theta_convergence,10,2,6,8,0.1,1,0,0,0,990001,500,5000,1,false,,false,false,0,10,20,0.0445977345223927,0.0004026257811537071,0.03513079757861277,0.00017993846462925706,0.21227394272743938,0.00688546820924216,0.9224,0.74589525,127.447117964,0,2.582707749635325e-10,2.2252339861822135e-15,/home/sunxr/PfQMC-main/reproduction/projector_kitaev/results/projector_theta_convergence/raw/task_024_L10_V2.0_th6_bt8_dt0.1_s990001/result.json,0.21227394272743938,0.03513079757861277,0.010130797578612766,0.00017993846462925706,0.010130797578612766,0.0445977345223927,0.019597734522392697,0.000402625781153707,0.019597734522392697,0.006138191035876288,0.9224,320,source_identifier:PfQMC-main_20260821,contiguous_sign_reweighted_bins,projector,15,194,physical_density_SQ_equals_minus_legacy_contact_already_included,0.025,True,results/projector_theta_convergence/raw/task_024_L10_V2.0_th6_bt8_dt0.1_s990001,120,250,,,80
25,guard_off_theta_convergence,10,2,6,8,0.1,1,0,0,0,990002,500,5000,1,false,,false,false,0,10,20,0.045253205157899254,0.0004109786799351593,0.03505036442957098,0.00016093819292862965,0.22546117325232828,0.008345502041094367,0.9288,0.7460545,128.092757802,0,2.747082298513866e-10,2.2811306609087925e-14,/home/sunxr/PfQMC-main/reproduction/projector_kitaev/results/projector_theta_convergence/raw/task_025_L10_V2.0_th6_bt8_dt0.1_s990002/result.json,0.22546117325232828,0.03505036442957098,0.010050364429570975,0.00016093819292862965,0.010050364429570975,0.045253205157899254,0.020253205157899253,0.0004109786799351593,0.020253205157899253,0.004051335620587554,0.9288,320,source_identifier:PfQMC-main_20260821,contiguous_sign_reweighted_bins,projector,15,178,physical_density_SQ_equals_minus_legacy_contact_already_included,0.025,True,results/projector_theta_convergence/raw/task_025_L10_V2.0_th6_bt8_dt0.1_s990002,120,250,,,80
26,guard_off_theta_convergence,10,2,6,8,0.1,1,0,0,0,990003,500,5000,1,false,,false,false,0,10,20,0.04512619615770255,0.00047545422762199237,0.03513363508042732,0.000125738795139919,0.22143592698028924,0.00723432162716666,0.9196,0.7458409166666666,135.944253357,0,1.4809574762040663e-09,5.193886229899578e-15,/home/sunxr/PfQMC-main/reproduction/projector_kitaev/results/projector_theta_convergence/raw/task_026_L10_V2.0_th6_bt8_dt0.1_s990003/result.json,0.22143592698028924,0.03513363508042732,0.01013363508042732,0.000125738795139919,0.01013363508042732,0.04512619615770255,0.02012619615770255,0.00047545422762199237,0.02012619615770255,0.0061345320102446305,0.9196,320,source_identifier:PfQMC-main_20260821,contiguous_sign_reweighted_bins,projector,15,201,physical_density_SQ_equals_minus_legacy_contact_already_included,0.025,True,results/projector_theta_convergence/raw/task_026_L10_V2.0_th6_bt8_dt0.1_s990003,120,250,,,80
27,guard_off_theta_convergence,10,2,6,8,0.1,1,0,0,0,990004,500,5000,1,false,,false,false,0,10,20,0.04547330362660876,0.00034566720157601073,0.035260340537911626,0.00013848955504053878,0.22459250316532986,0.006686168028251904,0.932,0.7458943333333333,134.933105381,0,5.945939689314691e-10,3.0462850743734245e-14,/home/sunxr/PfQMC-main/reproduction/projector_kitaev/results/projector_theta_convergence/raw/task_027_L10_V2.0_th6_bt8_dt0.1_s990004/result.json,0.22459250316532986,0.035260340537911626,0.010260340537911625,0.00013848955504053878,0.010260340537911625,0.04547330362660876,0.020473303626608756,0.0003456672015760107,0.020473303626608756,0.005226823204342207,0.932,320,source_identifier:PfQMC-main_20260821,contiguous_sign_reweighted_bins,projector,15,170,physical_density_SQ_equals_minus_legacy_contact_already_included,0.025,True,results/projector_theta_convergence/raw/task_027_L10_V2.0_th6_bt8_dt0.1_s990004,120,250,,,80
28,guard_off_theta_convergence,10,2,6,8,0.1,1,0,0,0,990005,500,5000,1,false,,false,false,0,10,20,0.0447378508966281,0.00035353123063061137,0.03528881896453333,0.0001700031980104458,0.21120889230749673,0.007355103353721552,0.9196,0.7458013333333333,131.435710087,0,8.179857785566231e-09,1.4777028509653808e-14,/home/sunxr/PfQMC-main/reproduction/projector_kitaev/results/projector_theta_convergence/raw/task_028_L10_V2.0_th6_bt8_dt0.1_s990005/result.json,0.21120889230749673,0.03528881896453333,0.010288818964533326,0.00017000319801044577,0.010288818964533326,0.0447378508966281,0.0197378508966281,0.00035353123063061137,0.0197378508966281,0.0066628279242513955,0.9196,320,source_identifier:PfQMC-main_20260821,contiguous_sign_reweighted_bins,projector,15,201,physical_density_SQ_equals_minus_legacy_contact_already_included,0.025,True,results/projector_theta_convergence/raw/task_028_L10_V2.0_th6_bt8_dt0.1_s990005,120,250,,,80
29,guard_off_theta_convergence,10,2,6,8,0.1,1,0,0,0,990006,500,5000,1,false,,false,false,0,10,20,0.045041018022695445,0.0003481273123032883,0.03518336689507581,0.00015046799309339235,0.21885942104267098,0.006673528506277228,0.9372,0.7460595,133.609655599,0,8.187821248815481e-10,9.986226447235484e-15,/home/sunxr/PfQMC-main/reproduction/projector_kitaev/results/projector_theta_convergence/raw/task_029_L10_V2.0_th6_bt8_dt0.1_s990006/result.json,0.21885942104267098,0.03518336689507581,0.010183366895075811,0.00015046799309339235,0.010183366895075811,0.045041018022695445,0.020041018022695443,0.00034812731230328826,0.020041018022695443,0.0037535727717516215,0.9372,320,source_identifier:PfQMC-main_20260821,contiguous_sign_reweighted_bins,projector,15,157,physical_density_SQ_equals_minus_legacy_contact_already_included,0.025,True,results/projector_theta_convergence/raw/task_029_L10_V2.0_th6_bt8_dt0.1_s990006,120,250,,,80
30,guard_off_theta_convergence,10,2,6,8,0.1,1,0,0,0,990007,500,5000,1,false,,false,false,0,10,20,0.04518537480262665,0.0005184267726919476,0.03532792697544836,0.00014036949335277337,0.21815571676093026,0.007569931963269378,0.926,0.7459304166666667,135.618700539,0,1.3654430040579402e-09,1.2916597498195308e-13,/home/sunxr/PfQMC-main/reproduction/projector_kitaev/results/projector_theta_convergence/raw/task_030_L10_V2.0_th6_bt8_dt0.1_s990007/result.json,0.21815571676093026,0.03532792697544836,0.010327926975448355,0.00014036949335277337,0.010327926975448355,0.04518537480262665,0.02018537480262665,0.0005184267726919476,0.02018537480262665,0.005566431076499792,0.926,320,source_identifier:PfQMC-main_20260821,contiguous_sign_reweighted_bins,projector,15,185,physical_density_SQ_equals_minus_legacy_contact_already_included,0.025,True,results/projector_theta_convergence/raw/task_030_L10_V2.0_th6_bt8_dt0.1_s990007,120,250,,,80
31,guard_off_theta_convergence,10,2,6,8,0.1,1,0,0,0,990008,500,5000,1,false,,false,false,0,10,20,0.04516226488037013,0.00035175212899572907,0.03560981039530546,0.0001238812844630735,0.2115140706598323,0.0058001816720815655,0.928,0.7461039166666666,127.967032117,0,3.006428765597559e-10,3.8171605824791896e-14,/home/sunxr/PfQMC-main/reproduction/projector_kitaev/results/projector_theta_convergence/raw/task_031_L10_V2.0_th6_bt8_dt0.1_s990008/result.json,0.2115140706598323,0.03560981039530546,0.01060981039530546,0.0001238812844630735,0.01060981039530546,0.04516226488037013,0.02016226488037013,0.00035175212899572907,0.02016226488037013,0.0055070895414654555,0.928,320,source_identifier:PfQMC-main_20260821,contiguous_sign_reweighted_bins,projector,15,180,physical_density_SQ_equals_minus_legacy_contact_already_included,0.025,True,results/projector_theta_convergence/raw/task_031_L10_V2.0_th6_bt8_dt0.1_s990008,120,250,,,80
32,guard_off_theta_convergence,10,2,6,8,0.1,1,0,0,0,990009,500,5000,1,false,,false,false,0,10,20,0.04534489575766681,0.00039162982077209764,0.035093197657529294,0.00022190061952319235,0.22608273607959894,0.006320710244679775,0.9296,0.7461609166666666,197.977716889,0,6.778586283000202e-11,5.0412334101981974e-14,/home/sunxr/PfQMC-main/reproduction/projector_kitaev/results/projector_theta_convergence/raw/task_032_L10_V2.0_th6_bt8_dt0.1_s990009/result.json,0.22608273607959894,0.035093197657529294,0.010093197657529293,0.00022190061952319235,0.010093197657529293,0.04534489575766681,0.020344895757666806,0.0003916298207720976,0.020344895757666806,0.0058665400065813144,0.9296,320,source_identifier:PfQMC-main_20260821,contiguous_sign_reweighted_bins,projector,15,176,physical_density_SQ_equals_minus_legacy_contact_already_included,0.025,True,results/projector_theta_convergence/raw/task_032_L10_V2.0_th6_bt8_dt0.1_s990009,120,250,,,80
33,guard_off_theta_convergence,10,2,6,8,0.1,1,0,0,0,990010,500,5000,1,false,,false,false,0,10,20,0.04547190211687046,0.0005702677808202568,0.035178018118275776,0.00014049701626417122,0.22637900592189142,0.008518252873721736,0.9128,0.7460825,192.378225871,0,3.275075082362979e-09,5.172418502155091e-15,/home/sunxr/PfQMC-main/reproduction/projector_kitaev/results/projector_theta_convergence/raw/task_033_L10_V2.0_th6_bt8_dt0.1_s990010/result.json,0.22637900592189142,0.035178018118275776,0.010178018118275775,0.00014049701626417122,0.010178018118275775,0.04547190211687046,0.020471902116870458,0.0005702677808202567,0.020471902116870458,0.0068848654666782815,0.9128,320,source_identifier:PfQMC-main_20260821,contiguous_sign_reweighted_bins,projector,15,218,physical_density_SQ_equals_minus_legacy_contact_already_included,0.025,True,results/projector_theta_convergence/raw/task_033_L10_V2.0_th6_bt8_dt0.1_s990010,120,250,,,80
34,guard_off_theta_convergence,10,2,6,8,0.1,1,0,0,0,990011,500,5000,1,false,,false,false,0,10,20,0.04526412131606191,0.00039915038845054926,0.03531484222681062,0.00012763770294749727,0.21980497577273872,0.005342333324653717,0.9228,0.74603025,198.187895793,0,2.9657875635308246e-10,1.3557954382821363e-13,/home/sunxr/PfQMC-main/reproduction/projector_kitaev/results/projector_theta_convergence/raw/task_034_L10_V2.0_th6_bt8_dt0.1_s990011/result.json,0.21980497577273872,0.03531484222681062,0.010314842226810617,0.00012763770294749727,0.010314842226810617,0.04526412131606191,0.02026412131606191,0.00039915038845054915,0.02026412131606191,0.005689517815706478,0.9228,320,source_identifier:PfQMC-main_20260821,contiguous_sign_reweighted_bins,projector,15,193,physical_density_SQ_equals_minus_legacy_contact_already_included,0.025,True,results/projector_theta_convergence/raw/task_034_L10_V2.0_th6_bt8_dt0.1_s990011,120,250,,,80
35,guard_off_theta_convergence,10,2,6,8,0.1,1,0,0,0,990012,500,5000,1,false,,false,false,0,10,20,0.04587200687233411,0.00038867111180269275,0.03521870853489061,0.00013292368078101743,0.2322396394623103,0.005931876504519608,0.9212,0.7459190833333333,195.49887387,0,4.365477253094326e-10,7.434198487390145e-15,/home/sunxr/PfQMC-main/reproduction/projector_kitaev/results/projector_theta_convergence/raw/task_035_L10_V2.0_th6_bt8_dt0.1_s990012/result.json,0.2322396394623103,0.03521870853489061,0.010218708534890611,0.00013292368078101746,0.010218708534890611,0.04587200687233411,0.020872006872334106,0.00038867111180269275,0.020872006872334106,0.005615441562890437,0.9212,320,source_identifier:PfQMC-main_20260821,contiguous_sign_reweighted_bins,projector,15,197,physical_density_SQ_equals_minus_legacy_contact_already_included,0.025,True,results/projector_theta_convergence/raw/task_035_L10_V2.0_th6_bt8_dt0.1_s990012,120,250,,,80
36,guard_off_theta_convergence,10,2,8,8,0.1,1,0,0,0,990001,500,5000,1,false,,false,false,0,10,20,0.04464121868486676,0.00034531959914034776,0.03506945666588649,0.00014960846327776575,0.21441533858091255,0.00624389953627787,0.9012,0.7458903125,252.642549303,0,5.620255451030574e-10,1.3104437805600794e-14,/home/sunxr/PfQMC-main/reproduction/projector_kitaev/results/projector_theta_convergence/raw/task_036_L10_V2.0_th8_bt8_dt0.1_s990001/result.json,0.21441533858091255,0.03506945666588649,0.01006945666588649,0.00014960846327776575,0.01006945666588649,0.04464121868486676,0.019641218684866756,0.00034531959914034776,0.019641218684866756,0.004613505835559634,0.9012,400,source_identifier:PfQMC-main_20260821,contiguous_sign_reweighted_bins,projector,15,247,physical_density_SQ_equals_minus_legacy_contact_already_included,0.025,True,results/projector_theta_convergence/raw/task_036_L10_V2.0_th8_bt8_dt0.1_s990001,160,250,,,80
37,guard_off_theta_convergence,10,2,8,8,0.1,1,0,0,0,990002,500,5000,1,false,,false,false,0,10,20,0.04395486915281324,0.0008871557803905764,0.035383265910045675,0.0001533116760814356,0.1950091857392996,0.020163856250300243,0.9052,0.745902875,252.963709406,0,2.7554402368166653e-10,2.776411920115898e-13,/home/sunxr/PfQMC-main/reproduction/projector_kitaev/results/projector_theta_convergence/raw/task_037_L10_V2.0_th8_bt8_dt0.1_s990002/result.json,0.1950091857392996,0.035383265910045675,0.010383265910045673,0.00015331167608143557,0.010383265910045673,0.04395486915281324,0.01895486915281324,0.0008871557803905763,0.01895486915281324,0.006663690674037092,0.9052,400,source_identifier:PfQMC-main_20260821,contiguous_sign_reweighted_bins,projector,15,237,physical_density_SQ_equals_minus_legacy_contact_already_included,0.025,True,results/projector_theta_convergence/raw/task_037_L10_V2.0_th8_bt8_dt0.1_s990002,160,250,,,80
38,guard_off_theta_convergence,10,2,8,8,0.1,1,0,0,0,990003,500,5000,1,false,,false,false,0,10,20,0.04514416317551446,0.0005059950210765492,0.035169762299800685,0.00018710813247836594,0.22094552593509464,0.007046761360077514,0.8992,0.7459848125,247.421846609,0,2.0625645879926283e-10,1.4471190346087602e-14,/home/sunxr/PfQMC-main/reproduction/projector_kitaev/results/projector_theta_convergence/raw/task_038_L10_V2.0_th8_bt8_dt0.1_s990003/result.json,0.22094552593509464,0.035169762299800685,0.010169762299800683,0.00018710813247836594,0.010169762299800683,0.04514416317551446,0.020144163175514457,0.0005059950210765492,0.020144163175514457,0.005917409381487765,0.8992,400,source_identifier:PfQMC-main_20260821,contiguous_sign_reweighted_bins,projector,15,252,physical_density_SQ_equals_minus_legacy_contact_already_included,0.025,True,results/projector_theta_convergence/raw/task_038_L10_V2.0_th8_bt8_dt0.1_s990003,160,250,,,80
39,guard_off_theta_convergence,10,2,8,8,0.1,1,0,0,0,990004,500,5000,1,false,,false,false,0,10,20,0.04459454753490738,0.00026561828469668156,0.035297562009674856,7.872336970841755e-05,0.20847807723478085,0.004394859897605836,0.906,0.7458281875,248.945923854,0,7.177318212629422e-10,4.5223429581482716e-15,/home/sunxr/PfQMC-main/reproduction/projector_kitaev/results/projector_theta_convergence/raw/task_039_L10_V2.0_th8_bt8_dt0.1_s990004/result.json,0.20847807723478085,0.035297562009674856,0.010297562009674854,7.872336970841755e-05,0.010297562009674854,0.04459454753490738,0.01959454753490738,0.00026561828469668156,0.01959454753490738,0.005615437888542115,0.906,400,source_identifier:PfQMC-main_20260821,contiguous_sign_reweighted_bins,projector,15,235,physical_density_SQ_equals_minus_legacy_contact_already_included,0.025,True,results/projector_theta_convergence/raw/task_039_L10_V2.0_th8_bt8_dt0.1_s990004,160,250,,,80
40,guard_off_theta_convergence,10,2,8,8,0.1,1,0,0,0,990005,500,5000,1,false,,false,false,0,10,20,0.0452011970430752,0.00033682568492560323,0.035275199585800256,0.00011575966794190273,0.21959589804260737,0.005932694879603639,0.89,0.745892,280.27844353,0,7.755666416221122e-10,8.050109182745247e-15,/home/sunxr/PfQMC-main/reproduction/projector_kitaev/results/projector_theta_convergence/raw/task_040_L10_V2.0_th8_bt8_dt0.1_s990005/result.json,0.21959589804260737,0.035275199585800256,0.010275199585800254,0.00011575966794190273,0.010275199585800254,0.0452011970430752,0.0202011970430752,0.00033682568492560323,0.0202011970430752,0.005701465800231157,0.89,400,source_identifier:PfQMC-main_20260821,contiguous_sign_reweighted_bins,projector,15,275,physical_density_SQ_equals_minus_legacy_contact_already_included,0.025,True,results/projector_theta_convergence/raw/task_040_L10_V2.0_th8_bt8_dt0.1_s990005,160,250,,,80
41,guard_off_theta_convergence,10,2,8,8,0.1,1,0,0,0,990006,500,5000,1,false,,false,false,0,10,20,0.04501000670413655,0.0005352688659600991,0.035488980638006866,0.00010673647442217615,0.21153131855131846,0.010002042055553976,0.8984,0.74566175,253.776735491,0,1.3278326568809174e-09,9.709919075372843e-14,/home/sunxr/PfQMC-main/reproduction/projector_kitaev/results/projector_theta_convergence/raw/task_041_L10_V2.0_th8_bt8_dt0.1_s990006/result.json,0.21153131855131846,0.035488980638006866,0.010488980638006865,0.00010673647442217613,0.010488980638006865,0.04501000670413655,0.02001000670413655,0.0005352688659600991,0.02001000670413655,0.008134017270173327,0.8984,400,source_identifier:PfQMC-main_20260821,contiguous_sign_reweighted_bins,projector,15,254,physical_density_SQ_equals_minus_legacy_contact_already_included,0.025,True,results/projector_theta_convergence/raw/task_041_L10_V2.0_th8_bt8_dt0.1_s990006,160,250,,,80
42,guard_off_theta_convergence,10,2,8,8,0.1,1,0,0,0,990007,500,5000,1,false,,false,false,0,10,20,0.04476903253813735,0.00034576656891526257,0.035368850566785494,0.0001335503124268177,0.2099706301078571,0.00533676077841987,0.8996,0.7457289375,267.654176168,0,3.805322433292847e-08,7.981115296795978e-14,/home/sunxr/PfQMC-main/reproduction/projector_kitaev/results/projector_theta_convergence/raw/task_042_L10_V2.0_th8_bt8_dt0.1_s990007/result.json,0.2099706301078571,0.035368850566785494,0.010368850566785492,0.00013355031242681773,0.010368850566785492,0.04476903253813735,0.019769032538137346,0.00034576656891526257,0.019769032538137346,0.004434295554837865,0.8996,400,source_identifier:PfQMC-main_20260821,contiguous_sign_reweighted_bins,projector,15,251,physical_density_SQ_equals_minus_legacy_contact_already_included,0.025,True,results/projector_theta_convergence/raw/task_042_L10_V2.0_th8_bt8_dt0.1_s990007,160,250,,,80
43,guard_off_theta_convergence,10,2,8,8,0.1,1,0,0,0,990008,500,5000,1,false,,false,false,0,10,20,0.0456942088110322,0.0005112391784402304,0.035475369333471354,0.00012867846095836213,0.22363533024109739,0.007053374645156465,0.9096,0.7456906875,168.311442189,0,2.8156657554811613e-09,1.7934260815117597e-14,/home/sunxr/PfQMC-main/reproduction/projector_kitaev/results/projector_theta_convergence/raw/task_043_L10_V2.0_th8_bt8_dt0.1_s990008/result.json,0.22363533024109739,0.035475369333471354,0.010475369333471353,0.00012867846095836213,0.010475369333471353,0.0456942088110322,0.0206942088110322,0.0005112391784402304,0.0206942088110322,0.004789404644065036,0.9096,400,source_identifier:PfQMC-main_20260821,contiguous_sign_reweighted_bins,projector,15,226,physical_density_SQ_equals_minus_legacy_contact_already_included,0.025,True,results/projector_theta_convergence/raw/task_043_L10_V2.0_th8_bt8_dt0.1_s990008,160,250,,,80
44,guard_off_theta_convergence,10,2,8,8,0.1,1,0,0,0,990009,500,5000,1,false,,false,false,0,10,20,0.04467261448316605,0.0010549273522101662,0.03567703705688354,0.0004315948778121762,0.2013667104635728,0.03829182094696639,0.9056,0.7458974375,169.449420004,0,3.9638516891601026e-10,2.2672014801783185e-14,/home/sunxr/PfQMC-main/reproduction/projector_kitaev/results/projector_theta_convergence/raw/task_044_L10_V2.0_th8_bt8_dt0.1_s990009/result.json,0.2013667104635728,0.03567703705688354,0.01067703705688354,0.0004315948778121762,0.01067703705688354,0.04467261448316605,0.019672614483166047,0.0010549273522101662,0.019672614483166047,0.004902883892009139,0.9056,400,source_identifier:PfQMC-main_20260821,contiguous_sign_reweighted_bins,projector,15,236,physical_density_SQ_equals_minus_legacy_contact_already_included,0.025,True,results/projector_theta_convergence/raw/task_044_L10_V2.0_th8_bt8_dt0.1_s990009,160,250,,,80
45,guard_off_theta_convergence,10,2,8,8,0.1,1,0,0,0,990010,500,5000,1,false,,false,false,0,10,20,0.04559922197900232,0.000487226791393095,0.03529638593514863,0.00013772849130764801,0.22594324193947812,0.007057563719398434,0.8952,0.745788,170.138660882,0,7.664544475841341e-10,9.4517276255455e-15,/home/sunxr/PfQMC-main/reproduction/projector_kitaev/results/projector_theta_convergence/raw/task_045_L10_V2.0_th8_bt8_dt0.1_s990010/result.json,0.22594324193947812,0.03529638593514863,0.01029638593514863,0.00013772849130764801,0.01029638593514863,0.04559922197900232,0.020599221979002318,0.00048722679139309505,0.020599221979002318,0.007969612997123662,0.8952,400,source_identifier:PfQMC-main_20260821,contiguous_sign_reweighted_bins,projector,15,262,physical_density_SQ_equals_minus_legacy_contact_already_included,0.025,True,results/projector_theta_convergence/raw/task_045_L10_V2.0_th8_bt8_dt0.1_s990010,160,250,,,80
46,guard_off_theta_convergence,10,2,8,8,0.1,1,0,0,0,990011,500,5000,1,false,,false,false,0,10,20,0.04572281247170103,0.00042663959457440586,0.035241940737350826,0.00032789723626702955,0.22922631325089793,0.009925955123039783,0.8924,0.745839625,168.31246266,0,1.0654157150512228e-09,8.433125740021642e-15,/home/sunxr/PfQMC-main/reproduction/projector_kitaev/results/projector_theta_convergence/raw/task_046_L10_V2.0_th8_bt8_dt0.1_s990011/result.json,0.22922631325089793,0.035241940737350826,0.010241940737350824,0.00032789723626702955,0.010241940737350824,0.04572281247170103,0.020722812471701026,0.00042663959457440586,0.020722812471701026,0.0038235860296546523,0.8924,400,source_identifier:PfQMC-main_20260821,contiguous_sign_reweighted_bins,projector,15,269,physical_density_SQ_equals_minus_legacy_contact_already_included,0.025,True,results/projector_theta_convergence/raw/task_046_L10_V2.0_th8_bt8_dt0.1_s990011,160,250,,,80
47,guard_off_theta_convergence,10,2,8,8,0.1,1,0,0,0,990012,500,5000,1,false,,false,false,0,10,20,0.044796958246671466,0.00035977194992031005,0.035435531150592656,0.00013641407704769872,0.20897461485064983,0.0065600008334507545,0.9088,0.7459363125,169.63449806,0,1.5070927609568384e-10,3.144958959722445e-15,/home/sunxr/PfQMC-main/reproduction/projector_kitaev/results/projector_theta_convergence/raw/task_047_L10_V2.0_th8_bt8_dt0.1_s990012/result.json,0.20897461485064983,0.035435531150592656,0.010435531150592654,0.00013641407704769872,0.010435531150592654,0.044796958246671466,0.019796958246671464,0.00035977194992031005,0.019796958246671464,0.004695863400112206,0.9088,400,source_identifier:PfQMC-main_20260821,contiguous_sign_reweighted_bins,projector,15,228,physical_density_SQ_equals_minus_legacy_contact_already_included,0.025,True,results/projector_theta_convergence/raw/task_047_L10_V2.0_th8_bt8_dt0.1_s990012,160,250,,,80
48,guard_off_theta_convergence,10,2,10,8,0.1,1,0,0,0,990001,500,5000,1,false,,false,false,0,10,20,0.04586049611119253,0.0003738949383835496,0.035279508493131606,0.000153649140506256,0.2307211765090036,0.005889492557403518,0.8788,0.7459651,205.067371536,0,5.770498398919354e-10,2.992277004542502e-14,/home/sunxr/PfQMC-main/reproduction/projector_kitaev/results/projector_theta_convergence/raw/task_048_L10_V2.0_th10_bt8_dt0.1_s990001/result.json,0.2307211765090036,0.035279508493131606,0.010279508493131605,0.000153649140506256,0.010279508493131605,0.04586049611119253,0.020860496111192527,0.00037389493838354957,0.020860496111192527,0.006501524941962638,0.8788,480,source_identifier:PfQMC-main_20260821,contiguous_sign_reweighted_bins,projector,15,303,physical_density_SQ_equals_minus_legacy_contact_already_included,0.025,True,results/projector_theta_convergence/raw/task_048_L10_V2.0_th10_bt8_dt0.1_s990001,200,250,,,80
49,guard_off_theta_convergence,10,2,10,8,0.1,1,0,0,0,990002,500,5000,1,false,,false,false,0,10,20,0.044984621245680916,0.00047211147069394486,0.035579763120085386,0.00013385082736547894,0.2090682963457987,0.008055652500091848,0.8852,0.74596495,210.601333263,0,4.61272256278717e-10,1.1359620513671873e-14,/home/sunxr/PfQMC-main/reproduction/projector_kitaev/results/projector_theta_convergence/raw/task_049_L10_V2.0_th10_bt8_dt0.1_s990002/result.json,0.2090682963457987,0.035579763120085386,0.010579763120085385,0.00013385082736547894,0.010579763120085385,0.044984621245680916,0.019984621245680914,0.00047211147069394486,0.019984621245680914,0.0050462394644671905,0.8852,480,source_identifier:PfQMC-main_20260821,contiguous_sign_reweighted_bins,projector,15,287,physical_density_SQ_equals_minus_legacy_contact_already_included,0.025,True,results/projector_theta_convergence/raw/task_049_L10_V2.0_th10_bt8_dt0.1_s990002,200,250,,,80
50,guard_off_theta_convergence,10,2,10,8,0.1,1,0,0,0,990003,500,5000,1,false,,false,false,0,10,20,0.04703400704097147,0.001227284389500949,0.03544750543691276,0.0002847026197664175,0.24634306819671292,0.012548227370908556,0.8856,0.7457187,205.489627611,0,2.389421428781818e-10,1.3683240092338444e-14,/home/sunxr/PfQMC-main/reproduction/projector_kitaev/results/projector_theta_convergence/raw/task_050_L10_V2.0_th10_bt8_dt0.1_s990003/result.json,0.24634306819671292,0.03544750543691276,0.010447505436912759,0.0002847026197664175,0.010447505436912759,0.04703400704097147,0.02203400704097147,0.0012272843895009492,0.02203400704097147,0.005134771117153979,0.8856,480,source_identifier:PfQMC-main_20260821,contiguous_sign_reweighted_bins,projector,15,286,physical_density_SQ_equals_minus_legacy_contact_already_included,0.025,True,results/projector_theta_convergence/raw/task_050_L10_V2.0_th10_bt8_dt0.1_s990003,200,250,,,80
51,guard_off_theta_convergence,10,2,10,8,0.1,1,0,0,0,990004,500,5000,1,false,,false,false,0,10,20,0.04555972272150698,0.0003374930552300659,0.0354335970993049,0.0001082429161469814,0.22226047520306635,0.004981067148024699,0.8884,0.74575245,330.623069306,0,2.927336276939112e-10,5.1819759056763414e-14,/home/sunxr/PfQMC-main/reproduction/projector_kitaev/results/projector_theta_convergence/raw/task_051_L10_V2.0_th10_bt8_dt0.1_s990004/result.json,0.22226047520306635,0.0354335970993049,0.0104335970993049,0.0001082429161469814,0.0104335970993049,0.04555972272150698,0.02055972272150698,0.00033749305523006587,0.02055972272150698,0.008633660235711863,0.8884,480,source_identifier:PfQMC-main_20260821,contiguous_sign_reweighted_bins,projector,15,279,physical_density_SQ_equals_minus_legacy_contact_already_included,0.025,True,results/projector_theta_convergence/raw/task_051_L10_V2.0_th10_bt8_dt0.1_s990004,200,250,,,80
52,guard_off_theta_convergence,10,2,10,8,0.1,1,0,0,0,990005,500,5000,1,false,,false,false,0,10,20,0.0456396736477186,0.0005159238221861776,0.035074091364291834,0.00011289748383326841,0.23149995254085054,0.008297511697834483,0.8784,0.74580395,331.307807263,0,4.832259549432887e-10,8.159921162812756e-15,/home/sunxr/PfQMC-main/reproduction/projector_kitaev/results/projector_theta_convergence/raw/task_052_L10_V2.0_th10_bt8_dt0.1_s990005/result.json,0.23149995254085054,0.035074091364291834,0.010074091364291833,0.00011289748383326843,0.010074091364291833,0.0456396736477186,0.020639673647718598,0.0005159238221861777,0.020639673647718598,0.006579681129643417,0.8784,480,source_identifier:PfQMC-main_20260821,contiguous_sign_reweighted_bins,projector,15,304,physical_density_SQ_equals_minus_legacy_contact_already_included,0.025,True,results/projector_theta_convergence/raw/task_052_L10_V2.0_th10_bt8_dt0.1_s990005,200,250,,,80
53,guard_off_theta_convergence,10,2,10,8,0.1,1,0,0,0,990006,500,5000,1,false,,false,false,0,10,20,0.045740550066906936,0.0003905214834990649,0.035483355035550876,0.0001249478903013818,0.2242473038988897,0.00683665752888581,0.8888,0.7457468,320.894877265,0,1.947541331224227e-10,1.5411966805891125e-14,/home/sunxr/PfQMC-main/reproduction/projector_kitaev/results/projector_theta_convergence/raw/task_053_L10_V2.0_th10_bt8_dt0.1_s990006/result.json,0.2242473038988897,0.035483355035550876,0.010483355035550875,0.0001249478903013818,0.010483355035550875,0.045740550066906936,0.020740550066906935,0.0003905214834990649,0.020740550066906935,0.007903742993339477,0.8888,480,source_identifier:PfQMC-main_20260821,contiguous_sign_reweighted_bins,projector,15,278,physical_density_SQ_equals_minus_legacy_contact_already_included,0.025,True,results/projector_theta_convergence/raw/task_053_L10_V2.0_th10_bt8_dt0.1_s990006,200,250,,,80
54,guard_off_theta_convergence,10,2,10,8,0.1,1,0,0,0,990007,500,5000,1,false,,false,false,0,10,20,0.04554826672620907,0.0003531665383218237,0.03525565070503733,0.00011223068817980843,0.22597162880073407,0.005495534106731477,0.8668,0.7456512,324.643182267,0,2.3039940832986205e-10,1.3153419495036221e-14,/home/sunxr/PfQMC-main/reproduction/projector_kitaev/results/projector_theta_convergence/raw/task_054_L10_V2.0_th10_bt8_dt0.1_s990007/result.json,0.22597162880073407,0.03525565070503733,0.010255650705037325,0.00011223068817980841,0.010255650705037325,0.04554826672620907,0.020548266726209068,0.0003531665383218237,0.020548266726209068,0.005425849070175094,0.8668,480,source_identifier:PfQMC-main_20260821,contiguous_sign_reweighted_bins,projector,15,333,physical_density_SQ_equals_minus_legacy_contact_already_included,0.025,True,results/projector_theta_convergence/raw/task_054_L10_V2.0_th10_bt8_dt0.1_s990007,200,250,,,80
55,guard_off_theta_convergence,10,2,10,8,0.1,1,0,0,0,990008,500,5000,1,false,,false,false,0,10,20,0.04536290263197425,0.0005089474186420139,0.035330577842826734,0.00013394857164720947,0.2211570293580858,0.007454631815649906,0.8756,0.74561605,328.242426504,0,8.999826501192053e-10,1.941895404764369e-13,/home/sunxr/PfQMC-main/reproduction/projector_kitaev/results/projector_theta_convergence/raw/task_055_L10_V2.0_th10_bt8_dt0.1_s990008/result.json,0.2211570293580858,0.035330577842826734,0.010330577842826733,0.0001339485716472095,0.010330577842826733,0.04536290263197425,0.020362902631974246,0.0005089474186420139,0.020362902631974246,0.006806720981387081,0.8756,480,source_identifier:PfQMC-main_20260821,contiguous_sign_reweighted_bins,projector,15,311,physical_density_SQ_equals_minus_legacy_contact_already_included,0.025,True,results/projector_theta_convergence/raw/task_055_L10_V2.0_th10_bt8_dt0.1_s990008,200,250,,,80
56,guard_off_theta_convergence,10,2,10,8,0.1,1,0,0,0,990009,500,5000,1,false,,false,false,0,10,20,0.04581868439725063,0.0009153446330822376,0.03543439680532626,0.0002457559388324789,0.22663871144557535,0.010573360834218283,0.866,0.74592365,315.955857643,0,2.928981557552306e-10,1.2331102968661139e-14,/home/sunxr/PfQMC-main/reproduction/projector_kitaev/results/projector_theta_convergence/raw/task_056_L10_V2.0_th10_bt8_dt0.1_s990009/result.json,0.22663871144557535,0.03543439680532626,0.010434396805326256,0.0002457559388324789,0.010434396805326256,0.04581868439725063,0.020818684397250625,0.0009153446330822376,0.020818684397250625,0.005434585155855962,0.866,480,source_identifier:PfQMC-main_20260821,contiguous_sign_reweighted_bins,projector,15,335,physical_density_SQ_equals_minus_legacy_contact_already_included,0.025,True,results/projector_theta_convergence/raw/task_056_L10_V2.0_th10_bt8_dt0.1_s990009,200,250,,,80
57,guard_off_theta_convergence,10,2,10,8,0.1,1,0,0,0,990010,500,5000,1,false,,false,false,0,10,20,0.04437871222626355,0.00029958116695289226,0.035393129848888163,0.00015012803837389407,0.2024750590229536,0.006390412666648944,0.8816,0.74596345,305.394669383,0,2.388490021161801e-09,3.066732766620356e-14,/home/sunxr/PfQMC-main/reproduction/projector_kitaev/results/projector_theta_convergence/raw/task_057_L10_V2.0_th10_bt8_dt0.1_s990010/result.json,0.2024750590229536,0.035393129848888163,0.010393129848888162,0.00015012803837389407,0.010393129848888162,0.04437871222626355,0.01937871222626355,0.00029958116695289226,0.01937871222626355,0.004656219210164034,0.8816,480,source_identifier:PfQMC-main_20260821,contiguous_sign_reweighted_bins,projector,15,296,physical_density_SQ_equals_minus_legacy_contact_already_included,0.025,True,results/projector_theta_convergence/raw/task_057_L10_V2.0_th10_bt8_dt0.1_s990010,200,250,,,80
58,guard_off_theta_convergence,10,2,10,8,0.1,1,0,0,0,990011,500,5000,1,false,,false,false,0,10,20,0.04635731507674847,0.00042367504146136536,0.03546791623064001,0.0001034840384272939,0.23490141368369022,0.0066942377819384,0.8808,0.7459394,312.290186283,0,1.5800078565526838e-09,5.036212566980785e-15,/home/sunxr/PfQMC-main/reproduction/projector_kitaev/results/projector_theta_convergence/raw/task_058_L10_V2.0_th10_bt8_dt0.1_s990011/result.json,0.23490141368369022,0.03546791623064001,0.010467916230640008,0.0001034840384272939,0.010467916230640008,0.04635731507674847,0.02135731507674847,0.00042367504146136536,0.02135731507674847,0.006201593734597262,0.8808,480,source_identifier:PfQMC-main_20260821,contiguous_sign_reweighted_bins,projector,15,298,physical_density_SQ_equals_minus_legacy_contact_already_included,0.025,True,results/projector_theta_convergence/raw/task_058_L10_V2.0_th10_bt8_dt0.1_s990011,200,250,,,80
59,guard_off_theta_convergence,10,2,10,8,0.1,1,0,0,0,990012,500,5000,1,false,,false,false,0,10,20,0.04518024109923778,0.00038045517833353173,0.035273570976800485,0.00011093024005509181,0.21926997026592732,0.005926148508105052,0.8824,0.7458694,325.446040607,0,2.5568652618898817e-10,2.3814711072640937e-14,/home/sunxr/PfQMC-main/reproduction/projector_kitaev/results/projector_theta_convergence/raw/task_059_L10_V2.0_th10_bt8_dt0.1_s990012/result.json,0.21926997026592732,0.035273570976800485,0.010273570976800483,0.00011093024005509184,0.010273570976800483,0.04518024109923778,0.02018024109923778,0.0003804551783335318,0.02018024109923778,0.00785179075238981,0.8824,480,source_identifier:PfQMC-main_20260821,contiguous_sign_reweighted_bins,projector,15,294,physical_density_SQ_equals_minus_legacy_contact_already_included,0.025,True,results/projector_theta_convergence/raw/task_059_L10_V2.0_th10_bt8_dt0.1_s990012,200,250,,,80
60,guard_off_theta_convergence,10,2,12,8,0.1,1,0,0,0,990001,500,5000,1,false,,false,false,0,10,20,0.04489799384215781,0.00038893362101712005,0.035195067289764896,9.885327520938016e-05,0.21611047002465777,0.006050397753967939,0.8616,0.7458003333333333,241.677289863,0,7.87464286491335e-10,4.801709874479544e-15,/home/sunxr/PfQMC-main/reproduction/projector_kitaev/results/projector_theta_convergence/raw/task_060_L10_V2.0_th12_bt8_dt0.1_s990001/result.json,0.21611047002465777,0.035195067289764896,0.010195067289764895,9.885327520938017e-05,0.010195067289764895,0.04489799384215781,0.01989799384215781,0.00038893362101712,0.01989799384215781,0.00671104992835218,0.8616,560,source_identifier:PfQMC-main_20260821,contiguous_sign_reweighted_bins,projector,15,346,physical_density_SQ_equals_minus_legacy_contact_already_included,0.025,True,results/projector_theta_convergence/raw/task_060_L10_V2.0_th12_bt8_dt0.1_s990001,240,250,,,80
61,guard_off_theta_convergence,10,2,12,8,0.1,1,0,0,0,990002,500,5000,1,false,,false,false,0,10,20,0.0452270480412513,0.00041240093418388205,0.035347879437568036,0.00013460350014316653,0.21843496384447947,0.006668187441193604,0.8588,0.7456719583333333,247.446153416,0,2.923932451564106e-10,4.347181191279665e-15,/home/sunxr/PfQMC-main/reproduction/projector_kitaev/results/projector_theta_convergence/raw/task_061_L10_V2.0_th12_bt8_dt0.1_s990002/result.json,0.21843496384447947,0.035347879437568036,0.010347879437568035,0.00013460350014316653,0.010347879437568035,0.0452270480412513,0.0202270480412513,0.0004124009341838821,0.0202270480412513,0.005786159745272208,0.8588,560,source_identifier:PfQMC-main_20260821,contiguous_sign_reweighted_bins,projector,15,353,physical_density_SQ_equals_minus_legacy_contact_already_included,0.025,True,results/projector_theta_convergence/raw/task_061_L10_V2.0_th12_bt8_dt0.1_s990002,240,250,,,80
62,guard_off_theta_convergence,10,2,12,8,0.1,1,0,0,0,990003,500,5000,1,false,,false,false,0,10,20,0.04551357618186788,0.00036858715604012475,0.03547390407390178,0.00015006156736515114,0.2205863162202094,0.006633483697780283,0.8424,0.7457368333333333,244.797860023,0,5.558649190268405e-10,2.6286654198285287e-15,/home/sunxr/PfQMC-main/reproduction/projector_kitaev/results/projector_theta_convergence/raw/task_062_L10_V2.0_th12_bt8_dt0.1_s990003/result.json,0.2205863162202094,0.03547390407390178,0.01047390407390178,0.00015006156736515114,0.01047390407390178,0.04551357618186788,0.02051357618186788,0.00036858715604012475,0.02051357618186788,0.009021249410342802,0.8424,560,source_identifier:PfQMC-main_20260821,contiguous_sign_reweighted_bins,projector,15,394,physical_density_SQ_equals_minus_legacy_contact_already_included,0.025,True,results/projector_theta_convergence/raw/task_062_L10_V2.0_th12_bt8_dt0.1_s990003,240,250,,,80
63,guard_off_theta_convergence,10,2,12,8,0.1,1,0,0,0,990004,500,5000,1,false,,false,false,0,10,20,0.045744496930239596,0.0004278673420519794,0.0353322000954427,0.00014506816782396391,0.22761856689943838,0.006319337181075422,0.856,0.745575625,250.109772219,0,2.529155247572702e-10,2.017985691323729e-13,/home/sunxr/PfQMC-main/reproduction/projector_kitaev/results/projector_theta_convergence/raw/task_063_L10_V2.0_th12_bt8_dt0.1_s990004/result.json,0.22761856689943838,0.0353322000954427,0.010332200095442702,0.00014506816782396391,0.010332200095442702,0.045744496930239596,0.020744496930239595,0.0004278673420519795,0.020744496930239595,0.007900245491066613,0.856,560,source_identifier:PfQMC-main_20260821,contiguous_sign_reweighted_bins,projector,15,360,physical_density_SQ_equals_minus_legacy_contact_already_included,0.025,True,results/projector_theta_convergence/raw/task_063_L10_V2.0_th12_bt8_dt0.1_s990004,240,250,,,80
64,guard_off_theta_convergence,10,2,12,8,0.1,1,0,0,0,990005,500,5000,1,false,,false,false,0,10,20,0.04572271797818243,0.000676320972648909,0.03542588231905936,0.0001358209482212182,0.22520174028229079,0.010856419072006948,0.8692,0.74571025,251.333711684,0,6.392026292354693e-10,3.111613855464791e-14,/home/sunxr/PfQMC-main/reproduction/projector_kitaev/results/projector_theta_convergence/raw/task_064_L10_V2.0_th12_bt8_dt0.1_s990005/result.json,0.22520174028229079,0.03542588231905936,0.01042588231905936,0.0001358209482212182,0.01042588231905936,0.04572271797818243,0.020722717978182426,0.0006763209726489092,0.020722717978182426,0.0075288268009550486,0.8692,560,source_identifier:PfQMC-main_20260821,contiguous_sign_reweighted_bins,projector,15,327,physical_density_SQ_equals_minus_legacy_contact_already_included,0.025,True,results/projector_theta_convergence/raw/task_064_L10_V2.0_th12_bt8_dt0.1_s990005,240,250,,,80
65,guard_off_theta_convergence,10,2,12,8,0.1,1,0,0,0,990006,500,5000,1,false,,false,false,0,10,20,0.04535247746365064,0.00038520977372686016,0.03529914441722787,0.00012267627839377605,0.22167108851948336,0.007353020826881909,0.8676,0.7455494166666666,243.927588327,0,1.8431590479428235e-09,1.1259315538754839e-14,/home/sunxr/PfQMC-main/reproduction/projector_kitaev/results/projector_theta_convergence/raw/task_065_L10_V2.0_th12_bt8_dt0.1_s990006/result.json,0.22167108851948336,0.03529914441722787,0.010299144417227866,0.00012267627839377608,0.010299144417227866,0.04535247746365064,0.02035247746365064,0.00038520977372686016,0.02035247746365064,0.008699600594723206,0.8676,560,source_identifier:PfQMC-main_20260821,contiguous_sign_reweighted_bins,projector,15,331,physical_density_SQ_equals_minus_legacy_contact_already_included,0.025,True,results/projector_theta_convergence/raw/task_065_L10_V2.0_th12_bt8_dt0.1_s990006,240,250,,,80
66,guard_off_theta_convergence,10,2,12,8,0.1,1,0,0,0,990007,500,5000,1,false,,false,false,0,10,20,0.04533691240035215,0.00041009126307202555,0.035177181219449564,0.00012537769111252986,0.22409402500077769,0.0077759974982289535,0.854,0.7456277916666667,370.843687755,0,5.818912497250271e-09,3.5926130341707684e-15,/home/sunxr/PfQMC-main/reproduction/projector_kitaev/results/projector_theta_convergence/raw/task_066_L10_V2.0_th12_bt8_dt0.1_s990007/result.json,0.22409402500077769,0.035177181219449564,0.010177181219449563,0.00012537769111252986,0.010177181219449563,0.04533691240035215,0.020336912400352146,0.00041009126307202555,0.020336912400352146,0.005696840363617564,0.854,560,source_identifier:PfQMC-main_20260821,contiguous_sign_reweighted_bins,projector,15,365,physical_density_SQ_equals_minus_legacy_contact_already_included,0.025,True,results/projector_theta_convergence/raw/task_066_L10_V2.0_th12_bt8_dt0.1_s990007,240,250,,,80
67,guard_off_theta_convergence,10,2,12,8,0.1,1,0,0,0,990008,500,5000,1,false,,false,false,0,10,20,0.04527318164501765,0.00048720267766523713,0.03513536518939868,0.00019752325009386005,0.22392542532372806,0.008351668432326985,0.8732,0.745772375,393.733825763,0,1.1178186461526342e-09,2.754629738138486e-14,/home/sunxr/PfQMC-main/reproduction/projector_kitaev/results/projector_theta_convergence/raw/task_067_L10_V2.0_th12_bt8_dt0.1_s990008/result.json,0.22392542532372806,0.03513536518939868,0.010135365189398678,0.00019752325009386005,0.010135365189398678,0.04527318164501765,0.02027318164501765,0.00048720267766523713,0.02027318164501765,0.005519083994444802,0.8732,560,source_identifier:PfQMC-main_20260821,contiguous_sign_reweighted_bins,projector,15,317,physical_density_SQ_equals_minus_legacy_contact_already_included,0.025,True,results/projector_theta_convergence/raw/task_067_L10_V2.0_th12_bt8_dt0.1_s990008,240,250,,,80
68,guard_off_theta_convergence,10,2,12,8,0.1,1,0,0,0,990009,500,5000,1,false,,false,false,0,10,20,0.04551883841934766,0.00036840545442181754,0.0354767871242646,0.0001324436622843303,0.22061308336933994,0.0047046437468871265,0.8552,0.7457649583333333,243.882323768,0,3.4553640131516063e-10,4.7441564401686724e-14,/home/sunxr/PfQMC-main/reproduction/projector_kitaev/results/projector_theta_convergence/raw/task_068_L10_V2.0_th12_bt8_dt0.1_s990009/result.json,0.22061308336933994,0.0354767871242646,0.0104767871242646,0.0001324436622843303,0.0104767871242646,0.04551883841934766,0.02051883841934766,0.00036840545442181754,0.02051883841934766,0.006760830595836226,0.8552,560,source_identifier:PfQMC-main_20260821,contiguous_sign_reweighted_bins,projector,15,362,physical_density_SQ_equals_minus_legacy_contact_already_included,0.025,True,results/projector_theta_convergence/raw/task_068_L10_V2.0_th12_bt8_dt0.1_s990009,240,250,,,80
69,guard_off_theta_convergence,10,2,12,8,0.1,1,0,0,0,990010,500,5000,1,false,,false,false,0,10,20,0.04575974771482392,0.0003565831111014929,0.035285739919481925,9.62622223854204e-05,0.2288912924218096,0.0062292300230860674,0.8568,0.7458614583333333,393.282993795,0,9.340199176860887e-10,5.033991479990635e-15,/home/sunxr/PfQMC-main/reproduction/projector_kitaev/results/projector_theta_convergence/raw/task_069_L10_V2.0_th12_bt8_dt0.1_s990010/result.json,0.2288912924218096,0.035285739919481925,0.010285739919481923,9.62622223854204e-05,0.010285739919481923,0.04575974771482392,0.020759747714823917,0.0003565831111014929,0.020759747714823917,0.0066207214195767704,0.8568,560,source_identifier:PfQMC-main_20260821,contiguous_sign_reweighted_bins,projector,15,358,physical_density_SQ_equals_minus_legacy_contact_already_included,0.025,True,results/projector_theta_convergence/raw/task_069_L10_V2.0_th12_bt8_dt0.1_s990010,240,250,,,80
70,guard_off_theta_convergence,10,2,12,8,0.1,1,0,0,0,990011,500,5000,1,false,,false,false,0,10,20,0.045621439329997335,0.00039426425027386345,0.035553594380710665,0.00031289797799792496,0.22068231728644272,0.006741113008370733,0.8428,0.7457690416666667,393.711707584,0,1.2530500766677263e-10,1.5890875530623126e-13,/home/sunxr/PfQMC-main/reproduction/projector_kitaev/results/projector_theta_convergence/raw/task_070_L10_V2.0_th12_bt8_dt0.1_s990011/result.json,0.22068231728644272,0.035553594380710665,0.010553594380710664,0.00031289797799792496,0.010553594380710664,0.045621439329997335,0.020621439329997333,0.00039426425027386345,0.020621439329997333,0.010624629105220185,0.8428,560,source_identifier:PfQMC-main_20260821,contiguous_sign_reweighted_bins,projector,15,393,physical_density_SQ_equals_minus_legacy_contact_already_included,0.025,True,results/projector_theta_convergence/raw/task_070_L10_V2.0_th12_bt8_dt0.1_s990011,240,250,,,80
71,guard_off_theta_convergence,10,2,12,8,0.1,1,0,0,0,990012,500,5000,1,false,,false,false,0,10,20,0.04525183433636672,0.0003179662394941947,0.03537504569292655,0.000119505569490123,0.21826272433563354,0.006069282937127765,0.8544,0.7456522083333333,250.484883974,0,5.522803939503865e-10,6.5494961485652185e-15,/home/sunxr/PfQMC-main/reproduction/projector_kitaev/results/projector_theta_convergence/raw/task_071_L10_V2.0_th12_bt8_dt0.1_s990012/result.json,0.21826272433563354,0.03537504569292655,0.010375045692926549,0.000119505569490123,0.010375045692926549,0.04525183433636672,0.020251834336366716,0.00031796623949419464,0.020251834336366716,0.010271963458041282,0.8544,560,source_identifier:PfQMC-main_20260821,contiguous_sign_reweighted_bins,projector,15,364,physical_density_SQ_equals_minus_legacy_contact_already_included,0.025,True,results/projector_theta_convergence/raw/task_071_L10_V2.0_th12_bt8_dt0.1_s990012,240,250,,,80
