beta_trial,seed,S_pi,S_pi_err,S_pi_dq,S_pi_dq_err,R_cdw,R_cdw_err,average_sign,acceptance,runtime_seconds,max_sign_imag,max_observable_imag,sign_corrections,raw_path,trial_slices,min_update_denominator,guard_trigger_fraction
2,990201,0.044453702131614724,0.0004942355226769419,0.03493307351621339,0.0001624226057488175,0.2141695327694748,0.008756197994433975,0.8784,0.74597665,195.803938867,6.825554112122616e-10,3.9376393122028115e-14,0,task_000_L10_V2_th10_bt2_dt0.1_s990201,20,inf,0
2,990202,0.04554779982081007,0.00025274231059464356,0.035205254752426134,0.0001695874410570678,0.22707013530999565,0.00618138005201896,0.8724,0.74584105,207.130602084,8.461226831888477e-10,7.550265190952825e-15,0,task_001_L10_V2_th10_bt2_dt0.1_s990202,20,inf,0
2,990203,0.04501104590857868,0.0003655731023916372,0.03529599321210231,0.00017432963611360483,0.2158370795517277,0.0059755679186661095,0.8732,0.74565325,197.540359531,2.475814324235892e-10,4.111105684841271e-15,0,task_002_L10_V2_th10_bt2_dt0.1_s990203,20,inf,0
2,990204,0.04615158540820034,0.0006664502432633584,0.035480566828831855,0.0001724055917772958,0.2312167282009,0.010863221848258352,0.88,0.74575435,197.321026959,6.497985660647845e-10,5.217231365840437e-14,0,task_003_L10_V2_th10_bt2_dt0.1_s990204,20,inf,0
2,990205,0.0459448690344529,0.0005069711358688492,0.035396423938034834,0.00020334381534979062,0.22958918630300262,0.007168085646264503,0.8704,0.74557125,200.514626952,4.925932784081276e-10,7.782291526917977e-15,0,task_004_L10_V2_th10_bt2_dt0.1_s990205,20,inf,0
2,990206,0.04546686782821025,0.000267079099309962,0.03558622943469847,0.00013310508662002396,0.21731513221549137,0.004267332998184663,0.8796,0.74572765,205.489008607,2.498007786581676e-09,2.41980425344648e-15,0,task_005_L10_V2_th10_bt2_dt0.1_s990206,20,inf,0
2,990207,0.04663853268895417,0.0007957195738018844,0.03580203301177302,0.0002921492427228835,0.2323507849068257,0.007660329731270873,0.8836,0.74587305,196.25920514,1.0516400739956836e-10,2.0900295586848002e-14,0,task_006_L10_V2_th10_bt2_dt0.1_s990207,20,inf,0
2,990208,0.045332593812753445,0.00025048510485712195,0.03537197805078296,0.00018779050341054122,0.21972304966957923,0.006442903400261062,0.886,0.7455965,196.528149697,3.222335228051074e-09,1.552028017351941e-14,0,task_007_L10_V2_th10_bt2_dt0.1_s990208,20,inf,0
2,990209,0.04424495915386656,0.0005469720046582207,0.03535087336807076,0.000160228406044367,0.20101918853322176,0.010436542905037306,0.8844,0.7457185,321.89700501,1.2465145657924393e-09,2.1666067809532598e-13,0,task_008_L10_V2_th10_bt2_dt0.1_s990209,20,inf,0
2,990210,0.044131405778299576,0.0004891139055260271,0.03524670345473261,0.0001620888141894637,0.201323800293164,0.00838819332932812,0.8772,0.74592285,301.219068004,3.861743517798537e-06,2.3057120866348512e-14,0,task_009_L10_V2_th10_bt2_dt0.1_s990210,20,inf,0
2,990211,0.04503276034937575,0.0003701643994655958,0.03527760209434966,0.00017581054265259025,0.21662359090011496,0.0058371216657288,0.8788,0.74594725,307.69254975,2.8122250014379254e-10,8.98242353279587e-15,0,task_010_L10_V2_th10_bt2_dt0.1_s990211,20,inf,0
2,990212,0.044723512582752985,0.00042700540504347033,0.03514535800834456,0.00020090146371081323,0.2141637367298853,0.006281368679193675,0.8704,0.7458349,326.223539399,6.583424660779124e-10,1.3385996059878986e-14,0,task_011_L10_V2_th10_bt2_dt0.1_s990212,20,inf,0
4,990201,0.04682821976534339,0.0022750350718548544,0.034316801576171216,0.0008955891189691474,0.267176891452782,0.03100568751645799,0.876,0.7457109,301.357109258,6.187935845085368e-10,4.8208004973256224e-14,0,task_012_L10_V2_th10_bt4_dt0.1_s990201,40,inf,0
4,990202,0.04467455782888056,0.0007998766153988256,0.03552397473780105,0.00024165131907205126,0.20482761410039008,0.02454995989892462,0.8808,0.74581645,318.198619471,1.222975783525561e-09,3.2634427063533283e-12,0,task_013_L10_V2_th10_bt4_dt0.1_s990202,40,inf,0
4,990203,0.04645662834587014,0.0006439740940792187,0.03534842627590444,0.00015580617120062505,0.23910908874542092,0.009887550495735227,0.8712,0.7457711,313.588767534,8.945329932305794e-10,4.824461779105407e-15,0,task_014_L10_V2_th10_bt4_dt0.1_s990203,40,inf,0
4,990204,0.04575148530825887,0.00031061571190694814,0.03534566638175369,7.959177522170073e-05,0.2274422099390676,0.0048164690853474005,0.8892,0.7456942,312.107891175,2.1653816431572095e-09,3.923422412542027e-15,0,task_015_L10_V2_th10_bt4_dt0.1_s990204,40,inf,0
4,990205,0.0453421976997291,0.0006182460786415288,0.035568461145571655,0.0003358790275279572,0.21555498079035196,0.018023411407228553,0.8792,0.74567175,309.353472764,1.4110677260345306e-10,5.488993567545677e-14,0,task_016_L10_V2_th10_bt4_dt0.1_s990205,40,inf,0
4,990206,0.045585103167855474,0.0002950410738426322,0.035446901818932945,0.00016150971271774046,0.22240163220846942,0.0042124218071869345,0.8704,0.74572765,296.937467259,3.269123444635124e-09,1.559326588710244e-14,0,task_017_L10_V2_th10_bt4_dt0.1_s990206,40,inf,0
4,990207,0.04607949724235959,0.0007148920631456591,0.035644511102156384,0.00021670161979608178,0.22645616303753013,0.008026842064480191,0.8776,0.7457865,311.378538385,5.377209101287413e-10,6.247225746048382e-15,0,task_018_L10_V2_th10_bt4_dt0.1_s990207,40,inf,0
4,990208,0.04532482160997963,0.00037486557244760624,0.03524358278781742,0.00013867212051421794,0.222422029785607,0.007156558825575006,0.8704,0.74571745,314.732867287,4.251183195953557e-10,6.569064776469306e-14,0,task_019_L10_V2_th10_bt4_dt0.1_s990208,40,inf,0
4,990209,0.045185326449614635,0.0003861671160989883,0.035525973131087796,9.018855125200712e-05,0.213771905118309,0.006779301916223403,0.8748,0.74578125,310.288035806,5.228861115519545e-10,3.4425190848875505e-14,0,task_020_L10_V2_th10_bt4_dt0.1_s990209,40,inf,0
4,990210,0.04464201600614325,0.000552243563108401,0.03518212642114508,0.0001266084761580876,0.21190551931383173,0.009480589940873266,0.878,0.7458198,326.967171687,6.353088756569899e-10,1.999024463862778e-14,0,task_021_L10_V2_th10_bt4_dt0.1_s990210,40,inf,0
4,990211,0.045226649371545635,0.0003441691463239051,0.03508951653721452,0.00018512297989992603,0.22414069968023986,0.0056651885222207205,0.8648,0.7457769,306.505636657,2.840489651039458e-10,2.317267170162621e-14,0,task_022_L10_V2_th10_bt4_dt0.1_s990211,40,inf,0
4,990212,0.045444965838727466,0.00040689240230900534,0.03543105622791291,0.000135770472315165,0.22035245105808532,0.005271283574966998,0.8792,0.7458616,312.990240986,1.3984465155847767e-10,2.8303075426587505e-15,0,task_023_L10_V2_th10_bt4_dt0.1_s990212,40,inf,0
6,990201,0.0468282197653388,0.0022750350718548705,0.0343168015761546,0.0008955891189676644,0.2671768914530651,0.031005687516453353,0.876,0.7457109,199.721191783,7.673746234696061e-10,1.1199442504076738e-13,0,task_024_L10_V2_th10_bt6_dt0.1_s990201,60,inf,0
6,990202,0.044674557828893666,0.0007998766153874005,0.035523974737797434,0.00024165131906909076,0.20482761410070438,0.024549959898307168,0.8808,0.74581645,209.941181668,3.844510546367818e-09,4.129939070776916e-12,0,task_025_L10_V2_th10_bt6_dt0.1_s990202,60,inf,0
6,990203,0.046456628345857454,0.0006439740940802857,0.03534842627588837,0.0001558061712002476,0.23910908874555903,0.009887550495724188,0.8712,0.7457711,200.356665693,8.241020702909036e-10,1.1832009943584375e-14,0,task_026_L10_V2_th10_bt6_dt0.1_s990203,60,inf,0
6,990204,0.04575148530825952,0.0003106157119076957,0.035345666381753856,7.959177522154624e-05,0.22744220993907494,0.004816469085352414,0.8892,0.7456942,200.832067552,4.311318671323449e-09,9.064756349186199e-15,0,task_027_L10_V2_th10_bt6_dt0.1_s990204,60,inf,0
6,990205,0.045342197699745984,0.0006182460786415695,0.03556846114556349,0.0003358790275289976,0.21555498079082414,0.018023411407257432,0.8792,0.74567175,208.998503565,1.3294809311319873e-10,1.3018166832222323e-14,0,task_028_L10_V2_th10_bt6_dt0.1_s990205,60,inf,0
6,990206,0.04558510316784363,0.00029504107384288006,0.03544690181892993,0.00016150971271888586,0.22240163220833364,0.004212421807161185,0.8704,0.74572765,200.415324116,3.442961123533282e-09,1.4230433850039817e-14,0,task_029_L10_V2_th10_bt6_dt0.1_s990206,60,inf,0
6,990207,0.04607949724233526,0.000714892063146165,0.03564451110215054,0.00021670161979493139,0.22645616303724858,0.008026842064479362,0.8776,0.7457865,204.686356244,6.085757251760871e-10,1.1558504476382567e-14,0,task_030_L10_V2_th10_bt6_dt0.1_s990207,60,inf,0
6,990208,0.045324821609979346,0.00037486557244771824,0.035243582787817404,0.00013867212051412952,0.22242202978560244,0.007156558825572771,0.8704,0.74571745,210.254657728,5.839243740479591e-10,6.569917342416447e-14,0,task_031_L10_V2_th10_bt6_dt0.1_s990208,60,inf,0
6,990209,0.04518532644961592,0.0003861671160994907,0.03552597313108888,9.018855125228474e-05,0.21377190511830746,0.0067793019162221526,0.8748,0.74578125,305.505967753,6.961806693598533e-10,7.511141947704022e-14,0,task_032_L10_V2_th10_bt6_dt0.1_s990209,60,inf,0
6,990210,0.0446420160061436,0.0005522435631082224,0.03518212642114499,0.00012660847615799794,0.21190551931383983,0.009480589940869658,0.878,0.7458198,316.106246561,1.158432672115328e-09,2.404245248464043e-14,0,task_033_L10_V2_th10_bt6_dt0.1_s990210,60,inf,0
6,990211,0.04522664937154582,0.00034416914632408644,0.03508951653721453,0.0001851229798999061,0.22414069968024275,0.005665188522222833,0.8648,0.7457769,325.706823198,4.754930822614118e-10,1.2989653686801771e-14,0,task_034_L10_V2_th10_bt6_dt0.1_s990211,60,inf,0
6,990212,0.04544496583872535,0.0004068924023095447,0.035431056227912636,0.00013577047231536416,0.22035245105805512,0.005271283574973817,0.8792,0.7458616,326.317860884,2.0489606361994986e-10,1.120314669555935e-14,0,task_035_L10_V2_th10_bt6_dt0.1_s990212,60,inf,0
8,990201,0.04682821976533876,0.002275035071854893,0.034316801576154285,0.0008955891189676433,0.2671768914530712,0.031005687516453384,0.876,0.7457109,319.837370916,2.1541731577108525e-10,3.6290488586985035e-14,0,task_036_L10_V2_th10_bt8_dt0.1_s990201,80,inf,0
8,990202,0.04467455782889395,0.0007998766153871502,0.0355239747377975,0.00024165131906913592,0.20482761410070804,0.024549959898298113,0.8808,0.74581645,296.525013702,1.931412654169245e-09,2.9101498921658334e-12,0,task_037_L10_V2_th10_bt8_dt0.1_s990202,80,inf,0
8,990203,0.046456628345857225,0.0006439740940803059,0.03534842627588809,0.00015580617120024038,0.23910908874556125,0.009887550495724004,0.8712,0.7457711,338.087608438,8.629859631072948e-10,9.152721230785396e-15,0,task_038_L10_V2_th10_bt8_dt0.1_s990203,80,inf,0
8,990204,0.04575148530825952,0.0003106157119077099,0.035345666381753856,7.959177522154304e-05,0.22744220993907494,0.004816469085352522,0.8892,0.7456942,323.637484441,1.3803058625922303e-09,4.1066280437650404e-15,0,task_039_L10_V2_th10_bt8_dt0.1_s990204,80,inf,0
8,990205,0.045342197699746296,0.0006182460786415713,0.035568461145563356,0.00033587902752901837,0.21555498079083246,0.01802341140725805,0.8792,0.74567175,301.357464688,1.940764998724683e-10,4.0819602617747085e-14,0,task_040_L10_V2_th10_bt8_dt0.1_s990205,80,inf,0
8,990206,0.04558510316784342,0.0002950410738428839,0.03544690181892988,0.00016150971271890695,0.2224016322083311,0.00421242180716071,0.8704,0.74572765,312.288109677,2.3478586048292336e-09,2.598722644666458e-14,0,task_041_L10_V2_th10_bt8_dt0.1_s990206,80,inf,0
8,990207,0.04607949724233482,0.0007148920631461734,0.03564451110215042,0.00021670161979491035,0.22645616303724392,0.008026842064479327,0.8776,0.7457865,311.979385443,4.054521190485602e-10,6.121884840172833e-15,0,task_042_L10_V2_th10_bt8_dt0.1_s990207,80,inf,0
8,990208,0.04532482160997936,0.00037486557244772,0.03524358278781741,0.00013867212051412765,0.22242202978560255,0.007156558825572717,0.8704,0.74571745,205.380052588,5.891184209919734e-10,6.572488915348521e-14,0,task_043_L10_V2_th10_bt8_dt0.1_s990208,80,inf,0
8,990209,0.045185326449615947,0.0003861671160994992,0.03552597313108892,9.01885512522898e-05,0.21377190511830702,0.006779301916222104,0.8748,0.74578125,206.323286681,8.515985903041417e-10,8.982712063204411e-14,0,task_044_L10_V2_th10_bt8_dt0.1_s990209,80,inf,0
8,990210,0.04464201600614359,0.000552243563108219,0.03518212642114498,0.00012660847615799623,0.21190551931383994,0.00948058994086962,0.878,0.7458198,205.016111103,3.3330340079457406e-10,2.831216091931557e-14,0,task_045_L10_V2_th10_bt8_dt0.1_s990210,80,inf,0
8,990211,0.04522664937154582,0.00034416914632408936,0.03508951653721453,0.00018512297989990657,0.22414069968024275,0.005665188522222874,0.8648,0.7457769,218.017866306,5.705309676015542e-10,8.794104262262711e-15,0,task_046_L10_V2_th10_bt8_dt0.1_s990211,80,inf,0
8,990212,0.04544496583872532,0.0004068924023095549,0.03543105622791262,0.00013577047231536795,0.2203524510580549,0.0052712835749739485,0.8792,0.7458616,207.998156774,2.1868773603989335e-10,2.2332726391409482e-15,0,task_047_L10_V2_th10_bt8_dt0.1_s990212,80,inf,0
10,990201,0.04682821976533874,0.002275035071854881,0.034316801576154285,0.0008955891189676466,0.2671768914530709,0.031005687516453405,0.876,0.7457109,210.570675746,2.8724336801001707e-10,1.5188674900654903e-13,0,task_048_L10_V2_th10_bt10_dt0.1_s990201,100,inf,0
10,990202,0.044674557828893804,0.0007998766153872917,0.03552397473779763,0.00024165131906924757,0.2048276141007025,0.024549959898308837,0.8808,0.74581645,210.98042256,1.4461772291439807e-09,4.4441243703809814e-12,0,task_049_L10_V2_th10_bt10_dt0.1_s990202,100,inf,0
10,990203,0.04645662834585722,0.0006439740940803056,0.03534842627588808,0.0001558061712002402,0.23910908874556147,0.009887550495723988,0.8712,0.7457711,221.248430084,1.3569729267675409e-09,8.214433997785728e-15,0,task_050_L10_V2_th10_bt10_dt0.1_s990203,100,inf,0
10,990204,0.04575148530825952,0.00031061571190770995,0.03534566638175385,7.959177522154291e-05,0.22744220993907505,0.0048164690853525075,0.8892,0.7456942,322.389557496,5.022255643988503e-10,7.926167987396437e-15,0,task_051_L10_V2_th10_bt10_dt0.1_s990204,100,inf,0
10,990205,0.04534219769974629,0.0006182460786415693,0.03556846114556334,0.0003358790275290164,0.21555498079083268,0.018023411407257914,0.8792,0.74567175,338.554803413,2.365168933583111e-10,1.8180188924043242e-14,0,task_052_L10_V2_th10_bt10_dt0.1_s990205,100,inf,0
10,990206,0.04558510316784342,0.0002950410738428842,0.03544690181892989,0.000161509712718907,0.22240163220833087,0.0042124218071606925,0.8704,0.74572765,331.563578075,2.173351689242874e-09,5.234189211889086e-15,0,task_053_L10_V2_th10_bt10_dt0.1_s990206,100,inf,0
10,990207,0.04607949724233482,0.0007148920631461727,0.035644511102150424,0.00021670161979490976,0.2264561630372438,0.008026842064479326,0.8776,0.7457865,333.25728756,7.297394529467555e-10,8.931024180126421e-15,0,task_054_L10_V2_th10_bt10_dt0.1_s990207,100,inf,0
10,990208,0.04532482160997936,0.00037486557244772,0.035243582787817404,0.00013867212051412809,0.22242202978560266,0.0071565588255727165,0.8704,0.74571745,325.536872934,5.333583256311976e-10,6.571157430152443e-14,0,task_055_L10_V2_th10_bt10_dt0.1_s990208,100,inf,0
10,990209,0.045185326449615947,0.00038616711609949973,0.03552597313108891,9.018855125228991e-05,0.21377190511830713,0.006779301916222109,0.8748,0.74578125,210.136850132,5.506302046470934e-10,4.0892895335394203e-14,0,task_056_L10_V2_th10_bt10_dt0.1_s990209,100,inf,0
10,990210,0.044642016006143606,0.0005522435631082166,0.03518212642114498,0.0001266084761579951,0.21190551931384016,0.009480589940869593,0.878,0.7458198,209.7057476,1.4377212915777019e-09,1.944742609135003e-14,0,task_057_L10_V2_th10_bt10_dt0.1_s990210,100,inf,0
10,990211,0.04522664937154582,0.00034416914632408985,0.035089516537214524,0.00018512297989990668,0.22414069968024286,0.005665188522222915,0.8648,0.7457769,209.459829594,3.616921842805099e-10,9.429916604966472e-15,0,task_058_L10_V2_th10_bt10_dt0.1_s990211,100,inf,0
10,990212,0.04544496583872533,0.00040689240230955503,0.03543105622791262,0.00013577047231536784,0.220352451058055,0.0052712835749739485,0.8792,0.7458616,311.60787926,1.3376857809049486e-10,5.6398371810161636e-15,0,task_059_L10_V2_th10_bt10_dt0.1_s990212,100,inf,0
12,990201,0.04682821976533874,0.002275035071854882,0.03431680157615429,0.0008955891189676409,0.26717689145307066,0.03100568751645334,0.876,0.7457109,212.212089945,6.423647842385312e-10,4.057975997265305e-14,0,task_060_L10_V2_th10_bt12_dt0.1_s990201,120,inf,0
12,990202,0.0446745578288939,0.0007998766153871994,0.03552397473779789,0.00024165131906943963,0.20482761410069827,0.024549959898312674,0.8808,0.74581645,218.318577387,6.710263188409584e-10,2.64445560494307e-12,0,task_061_L10_V2_th10_bt12_dt0.1_s990202,120,inf,0
12,990203,0.04645662834585721,0.0006439740940803068,0.03534842627588808,0.00015580617120024027,0.23910908874556136,0.009887550495724007,0.8712,0.7457711,311.98983954,6.15882857157032e-10,5.213013820810687e-15,0,task_062_L10_V2_th10_bt12_dt0.1_s990203,120,inf,0
12,990204,0.04575148530825952,0.0003106157119077099,0.03534566638175385,7.959177522154335e-05,0.22744220993907505,0.004816469085352511,0.8892,0.7456942,225.986033448,1.1368063422376941e-09,5.6491299880294566e-15,0,task_063_L10_V2_th10_bt12_dt0.1_s990204,120,inf,0
12,990205,0.045342197699746296,0.0006182460786415697,0.03556846114556334,0.0003358790275290159,0.2155549807908328,0.018023411407257918,0.8792,0.74567175,224.741853105,2.240705318011962e-10,1.1352995692663146e-14,0,task_064_L10_V2_th10_bt12_dt0.1_s990205,120,inf,0
12,990206,0.045585103167843415,0.00029504107384288386,0.03544690181892987,0.00016150971271890795,0.2224016322083312,0.004212421807160695,0.8704,0.74572765,348.111678696,4.4074225191522976e-09,2.1428300436265558e-14,0,task_065_L10_V2_th10_bt12_dt0.1_s990206,120,inf,0
12,990207,0.04607949724233482,0.0007148920631461746,0.03564451110215042,0.0002167016197949101,0.22645616303724392,0.00802684206447933,0.8776,0.7457865,336.207896962,3.8644510771419745e-10,7.275666849541832e-15,0,task_066_L10_V2_th10_bt12_dt0.1_s990207,120,inf,0
12,990208,0.045324821609979346,0.0003748655724477203,0.035243582787817404,0.00013867212051412838,0.22242202978560244,0.007156558825572737,0.8704,0.74571745,223.919527611,4.62672142009684e-10,6.571718980456684e-14,0,task_067_L10_V2_th10_bt12_dt0.1_s990208,120,inf,0
12,990209,0.04518532644961594,0.00038616711609949995,0.03552597313108892,9.018855125228912e-05,0.2137719051183069,0.006779301916222139,0.8748,0.74578125,323.535373416,6.550502554522562e-10,3.583690419015166e-14,0,task_068_L10_V2_th10_bt12_dt0.1_s990209,120,inf,0
12,990210,0.04464201600614359,0.0005522435631082184,0.03518212642114499,0.0001266084761579966,0.21190551931383972,0.009480589940869586,0.878,0.7458198,325.427458804,1.1846511301832932e-09,1.9591560374811654e-14,0,task_069_L10_V2_th10_bt12_dt0.1_s990210,120,inf,0
12,990211,0.045226649371545816,0.0003441691463240894,0.03508951653721454,0.00018512297989990627,0.22414069968024253,0.005665188522222851,0.8648,0.7457769,334.113547873,3.235904238701985e-10,9.960522299429665e-15,0,task_070_L10_V2_th10_bt12_dt0.1_s990211,120,inf,0
12,990212,0.04544496583872532,0.00040689240230955465,0.035431056227912615,0.0001357704723153682,0.22035245105805512,0.005271283574973937,0.8792,0.7458616,326.599342517,1.0412401699302997e-10,6.474457672758604e-15,0,task_071_L10_V2_th10_bt12_dt0.1_s990212,120,inf,0
