task_id,campaign,L,Vf,rate,seed,burn,measurements,output_dir
0,quick,18,3.6,0.5,4218001,500,3000,raw/quick/task_0000_L18_V3.6_R0.5_s4218001
1,quick,18,3.6,0.5,4218002,500,3000,raw/quick/task_0001_L18_V3.6_R0.5_s4218002
2,quick,18,3.6,0.5,4218003,500,3000,raw/quick/task_0002_L18_V3.6_R0.5_s4218003
3,quick,18,3.6,0.5,4218004,500,3000,raw/quick/task_0003_L18_V3.6_R0.5_s4218004
4,quick,18,3.6,1.0,4218001,500,3000,raw/quick/task_0004_L18_V3.6_R1.0_s4218001
5,quick,18,3.6,1.0,4218002,500,3000,raw/quick/task_0005_L18_V3.6_R1.0_s4218002
6,quick,18,3.6,1.0,4218003,500,3000,raw/quick/task_0006_L18_V3.6_R1.0_s4218003
7,quick,18,3.6,1.0,4218004,500,3000,raw/quick/task_0007_L18_V3.6_R1.0_s4218004
8,quick,18,3.6,2.0,4218001,500,3000,raw/quick/task_0008_L18_V3.6_R2.0_s4218001
9,quick,18,3.6,2.0,4218002,500,3000,raw/quick/task_0009_L18_V3.6_R2.0_s4218002
10,quick,18,3.6,2.0,4218003,500,3000,raw/quick/task_0010_L18_V3.6_R2.0_s4218003
11,quick,18,3.6,2.0,4218004,500,3000,raw/quick/task_0011_L18_V3.6_R2.0_s4218004
12,quick,18,3.7,0.5,4218001,500,3000,raw/quick/task_0012_L18_V3.7_R0.5_s4218001
13,quick,18,3.7,0.5,4218002,500,3000,raw/quick/task_0013_L18_V3.7_R0.5_s4218002
14,quick,18,3.7,0.5,4218003,500,3000,raw/quick/task_0014_L18_V3.7_R0.5_s4218003
15,quick,18,3.7,0.5,4218004,500,3000,raw/quick/task_0015_L18_V3.7_R0.5_s4218004
16,quick,18,3.7,1.0,4218001,500,3000,raw/quick/task_0016_L18_V3.7_R1.0_s4218001
17,quick,18,3.7,1.0,4218002,500,3000,raw/quick/task_0017_L18_V3.7_R1.0_s4218002
18,quick,18,3.7,1.0,4218003,500,3000,raw/quick/task_0018_L18_V3.7_R1.0_s4218003
19,quick,18,3.7,1.0,4218004,500,3000,raw/quick/task_0019_L18_V3.7_R1.0_s4218004
20,quick,18,3.7,2.0,4218001,500,3000,raw/quick/task_0020_L18_V3.7_R2.0_s4218001
21,quick,18,3.7,2.0,4218002,500,3000,raw/quick/task_0021_L18_V3.7_R2.0_s4218002
22,quick,18,3.7,2.0,4218003,500,3000,raw/quick/task_0022_L18_V3.7_R2.0_s4218003
23,quick,18,3.7,2.0,4218004,500,3000,raw/quick/task_0023_L18_V3.7_R2.0_s4218004
24,quick,18,3.8,0.5,4218001,500,3000,raw/quick/task_0024_L18_V3.8_R0.5_s4218001
25,quick,18,3.8,0.5,4218002,500,3000,raw/quick/task_0025_L18_V3.8_R0.5_s4218002
26,quick,18,3.8,0.5,4218003,500,3000,raw/quick/task_0026_L18_V3.8_R0.5_s4218003
27,quick,18,3.8,0.5,4218004,500,3000,raw/quick/task_0027_L18_V3.8_R0.5_s4218004
28,quick,18,3.8,1.0,4218001,500,3000,raw/quick/task_0028_L18_V3.8_R1.0_s4218001
29,quick,18,3.8,1.0,4218002,500,3000,raw/quick/task_0029_L18_V3.8_R1.0_s4218002
30,quick,18,3.8,1.0,4218003,500,3000,raw/quick/task_0030_L18_V3.8_R1.0_s4218003
31,quick,18,3.8,1.0,4218004,500,3000,raw/quick/task_0031_L18_V3.8_R1.0_s4218004
32,quick,18,3.8,2.0,4218001,500,3000,raw/quick/task_0032_L18_V3.8_R2.0_s4218001
33,quick,18,3.8,2.0,4218002,500,3000,raw/quick/task_0033_L18_V3.8_R2.0_s4218002
34,quick,18,3.8,2.0,4218003,500,3000,raw/quick/task_0034_L18_V3.8_R2.0_s4218003
35,quick,18,3.8,2.0,4218004,500,3000,raw/quick/task_0035_L18_V3.8_R2.0_s4218004
36,quick,18,3.9,0.5,4218001,500,3000,raw/quick/task_0036_L18_V3.9_R0.5_s4218001
37,quick,18,3.9,0.5,4218002,500,3000,raw/quick/task_0037_L18_V3.9_R0.5_s4218002
38,quick,18,3.9,0.5,4218003,500,3000,raw/quick/task_0038_L18_V3.9_R0.5_s4218003
39,quick,18,3.9,0.5,4218004,500,3000,raw/quick/task_0039_L18_V3.9_R0.5_s4218004
40,quick,18,3.9,1.0,4218001,500,3000,raw/quick/task_0040_L18_V3.9_R1.0_s4218001
41,quick,18,3.9,1.0,4218002,500,3000,raw/quick/task_0041_L18_V3.9_R1.0_s4218002
42,quick,18,3.9,1.0,4218003,500,3000,raw/quick/task_0042_L18_V3.9_R1.0_s4218003
43,quick,18,3.9,1.0,4218004,500,3000,raw/quick/task_0043_L18_V3.9_R1.0_s4218004
44,quick,18,3.9,2.0,4218001,500,3000,raw/quick/task_0044_L18_V3.9_R2.0_s4218001
45,quick,18,3.9,2.0,4218002,500,3000,raw/quick/task_0045_L18_V3.9_R2.0_s4218002
46,quick,18,3.9,2.0,4218003,500,3000,raw/quick/task_0046_L18_V3.9_R2.0_s4218003
47,quick,18,3.9,2.0,4218004,500,3000,raw/quick/task_0047_L18_V3.9_R2.0_s4218004
48,quick,18,4.0,0.5,4218001,500,3000,raw/quick/task_0048_L18_V4.0_R0.5_s4218001
49,quick,18,4.0,0.5,4218002,500,3000,raw/quick/task_0049_L18_V4.0_R0.5_s4218002
50,quick,18,4.0,0.5,4218003,500,3000,raw/quick/task_0050_L18_V4.0_R0.5_s4218003
51,quick,18,4.0,0.5,4218004,500,3000,raw/quick/task_0051_L18_V4.0_R0.5_s4218004
52,quick,18,4.0,1.0,4218001,500,3000,raw/quick/task_0052_L18_V4.0_R1.0_s4218001
53,quick,18,4.0,1.0,4218002,500,3000,raw/quick/task_0053_L18_V4.0_R1.0_s4218002
54,quick,18,4.0,1.0,4218003,500,3000,raw/quick/task_0054_L18_V4.0_R1.0_s4218003
55,quick,18,4.0,1.0,4218004,500,3000,raw/quick/task_0055_L18_V4.0_R1.0_s4218004
56,quick,18,4.0,2.0,4218001,500,3000,raw/quick/task_0056_L18_V4.0_R2.0_s4218001
57,quick,18,4.0,2.0,4218002,500,3000,raw/quick/task_0057_L18_V4.0_R2.0_s4218002
58,quick,18,4.0,2.0,4218003,500,3000,raw/quick/task_0058_L18_V4.0_R2.0_s4218003
59,quick,18,4.0,2.0,4218004,500,3000,raw/quick/task_0059_L18_V4.0_R2.0_s4218004
60,quick,18,4.1,0.5,4218001,500,3000,raw/quick/task_0060_L18_V4.1_R0.5_s4218001
61,quick,18,4.1,0.5,4218002,500,3000,raw/quick/task_0061_L18_V4.1_R0.5_s4218002
62,quick,18,4.1,0.5,4218003,500,3000,raw/quick/task_0062_L18_V4.1_R0.5_s4218003
63,quick,18,4.1,0.5,4218004,500,3000,raw/quick/task_0063_L18_V4.1_R0.5_s4218004
64,quick,18,4.1,1.0,4218001,500,3000,raw/quick/task_0064_L18_V4.1_R1.0_s4218001
65,quick,18,4.1,1.0,4218002,500,3000,raw/quick/task_0065_L18_V4.1_R1.0_s4218002
66,quick,18,4.1,1.0,4218003,500,3000,raw/quick/task_0066_L18_V4.1_R1.0_s4218003
67,quick,18,4.1,1.0,4218004,500,3000,raw/quick/task_0067_L18_V4.1_R1.0_s4218004
68,quick,18,4.1,2.0,4218001,500,3000,raw/quick/task_0068_L18_V4.1_R2.0_s4218001
69,quick,18,4.1,2.0,4218002,500,3000,raw/quick/task_0069_L18_V4.1_R2.0_s4218002
70,quick,18,4.1,2.0,4218003,500,3000,raw/quick/task_0070_L18_V4.1_R2.0_s4218003
71,quick,18,4.1,2.0,4218004,500,3000,raw/quick/task_0071_L18_V4.1_R2.0_s4218004
72,quick,18,4.2,0.5,4218001,500,3000,raw/quick/task_0072_L18_V4.2_R0.5_s4218001
73,quick,18,4.2,0.5,4218002,500,3000,raw/quick/task_0073_L18_V4.2_R0.5_s4218002
74,quick,18,4.2,0.5,4218003,500,3000,raw/quick/task_0074_L18_V4.2_R0.5_s4218003
75,quick,18,4.2,0.5,4218004,500,3000,raw/quick/task_0075_L18_V4.2_R0.5_s4218004
76,quick,18,4.2,1.0,4218001,500,3000,raw/quick/task_0076_L18_V4.2_R1.0_s4218001
77,quick,18,4.2,1.0,4218002,500,3000,raw/quick/task_0077_L18_V4.2_R1.0_s4218002
78,quick,18,4.2,1.0,4218003,500,3000,raw/quick/task_0078_L18_V4.2_R1.0_s4218003
79,quick,18,4.2,1.0,4218004,500,3000,raw/quick/task_0079_L18_V4.2_R1.0_s4218004
80,quick,18,4.2,2.0,4218001,500,3000,raw/quick/task_0080_L18_V4.2_R2.0_s4218001
81,quick,18,4.2,2.0,4218002,500,3000,raw/quick/task_0081_L18_V4.2_R2.0_s4218002
82,quick,18,4.2,2.0,4218003,500,3000,raw/quick/task_0082_L18_V4.2_R2.0_s4218003
83,quick,18,4.2,2.0,4218004,500,3000,raw/quick/task_0083_L18_V4.2_R2.0_s4218004
84,quick,18,4.3,0.5,4218001,500,3000,raw/quick/task_0084_L18_V4.3_R0.5_s4218001
85,quick,18,4.3,0.5,4218002,500,3000,raw/quick/task_0085_L18_V4.3_R0.5_s4218002
86,quick,18,4.3,0.5,4218003,500,3000,raw/quick/task_0086_L18_V4.3_R0.5_s4218003
87,quick,18,4.3,0.5,4218004,500,3000,raw/quick/task_0087_L18_V4.3_R0.5_s4218004
88,quick,18,4.3,1.0,4218001,500,3000,raw/quick/task_0088_L18_V4.3_R1.0_s4218001
89,quick,18,4.3,1.0,4218002,500,3000,raw/quick/task_0089_L18_V4.3_R1.0_s4218002
90,quick,18,4.3,1.0,4218003,500,3000,raw/quick/task_0090_L18_V4.3_R1.0_s4218003
91,quick,18,4.3,1.0,4218004,500,3000,raw/quick/task_0091_L18_V4.3_R1.0_s4218004
92,quick,18,4.3,2.0,4218001,500,3000,raw/quick/task_0092_L18_V4.3_R2.0_s4218001
93,quick,18,4.3,2.0,4218002,500,3000,raw/quick/task_0093_L18_V4.3_R2.0_s4218002
94,quick,18,4.3,2.0,4218003,500,3000,raw/quick/task_0094_L18_V4.3_R2.0_s4218003
95,quick,18,4.3,2.0,4218004,500,3000,raw/quick/task_0095_L18_V4.3_R2.0_s4218004
96,quick,18,4.4,0.5,4218001,500,3000,raw/quick/task_0096_L18_V4.4_R0.5_s4218001
97,quick,18,4.4,0.5,4218002,500,3000,raw/quick/task_0097_L18_V4.4_R0.5_s4218002
98,quick,18,4.4,0.5,4218003,500,3000,raw/quick/task_0098_L18_V4.4_R0.5_s4218003
99,quick,18,4.4,0.5,4218004,500,3000,raw/quick/task_0099_L18_V4.4_R0.5_s4218004
100,quick,18,4.4,1.0,4218001,500,3000,raw/quick/task_0100_L18_V4.4_R1.0_s4218001
101,quick,18,4.4,1.0,4218002,500,3000,raw/quick/task_0101_L18_V4.4_R1.0_s4218002
102,quick,18,4.4,1.0,4218003,500,3000,raw/quick/task_0102_L18_V4.4_R1.0_s4218003
103,quick,18,4.4,1.0,4218004,500,3000,raw/quick/task_0103_L18_V4.4_R1.0_s4218004
104,quick,18,4.4,2.0,4218001,500,3000,raw/quick/task_0104_L18_V4.4_R2.0_s4218001
105,quick,18,4.4,2.0,4218002,500,3000,raw/quick/task_0105_L18_V4.4_R2.0_s4218002
106,quick,18,4.4,2.0,4218003,500,3000,raw/quick/task_0106_L18_V4.4_R2.0_s4218003
107,quick,18,4.4,2.0,4218004,500,3000,raw/quick/task_0107_L18_V4.4_R2.0_s4218004
