dataset_id,L,Vf,rate,seed,source,result_dir
0,26,3.8,0.25,4226001,new_r025,raw/rigorous_compatible/task_0000_L26_V3.8_R0.25_s4226001
1,26,3.8,0.25,4226002,new_r025,raw/rigorous_compatible/task_0001_L26_V3.8_R0.25_s4226002
2,26,3.8,0.25,4226003,new_r025,raw/rigorous_compatible/task_0002_L26_V3.8_R0.25_s4226003
3,26,3.8,0.25,4226004,new_r025,raw/rigorous_compatible/task_0003_L26_V3.8_R0.25_s4226004
4,26,3.8,0.25,4226005,new_r025,raw/rigorous_compatible/task_0004_L26_V3.8_R0.25_s4226005
5,26,3.8,0.25,4226006,new_r025,raw/rigorous_compatible/task_0005_L26_V3.8_R0.25_s4226006
6,26,3.8,0.25,4226007,new_r025,raw/rigorous_compatible/task_0006_L26_V3.8_R0.25_s4226007
7,26,3.8,0.25,4226008,new_r025,raw/rigorous_compatible/task_0007_L26_V3.8_R0.25_s4226008
8,26,3.8,0.25,4226009,new_r025,raw/rigorous_compatible/task_0008_L26_V3.8_R0.25_s4226009
9,26,3.8,0.25,4226010,new_r025,raw/rigorous_compatible/task_0009_L26_V3.8_R0.25_s4226010
10,26,3.8,0.25,4226011,new_r025,raw/rigorous_compatible/task_0010_L26_V3.8_R0.25_s4226011
11,26,3.8,0.25,4226012,new_r025,raw/rigorous_compatible/task_0011_L26_V3.8_R0.25_s4226012
12,26,3.8,0.50,4226001,reused_original_rigorous,raw/rigorous/task_0036_L26_V3.80_R0.5_s4226001
13,26,3.8,0.50,4226002,reused_original_rigorous,raw/rigorous/task_0037_L26_V3.80_R0.5_s4226002
14,26,3.8,0.50,4226003,reused_original_rigorous,raw/rigorous/task_0038_L26_V3.80_R0.5_s4226003
15,26,3.8,0.50,4226004,reused_original_rigorous,raw/rigorous/task_0039_L26_V3.80_R0.5_s4226004
16,26,3.8,0.50,4226005,reused_original_rigorous,raw/rigorous/task_0040_L26_V3.80_R0.5_s4226005
17,26,3.8,0.50,4226006,reused_original_rigorous,raw/rigorous/task_0041_L26_V3.80_R0.5_s4226006
18,26,3.8,0.50,4226007,reused_original_rigorous,raw/rigorous/task_0042_L26_V3.80_R0.5_s4226007
19,26,3.8,0.50,4226008,reused_original_rigorous,raw/rigorous/task_0043_L26_V3.80_R0.5_s4226008
20,26,3.8,0.50,4226009,reused_original_rigorous,raw/rigorous/task_0044_L26_V3.80_R0.5_s4226009
21,26,3.8,0.50,4226010,reused_original_rigorous,raw/rigorous/task_0045_L26_V3.80_R0.5_s4226010
22,26,3.8,0.50,4226011,reused_original_rigorous,raw/rigorous/task_0046_L26_V3.80_R0.5_s4226011
23,26,3.8,0.50,4226012,reused_original_rigorous,raw/rigorous/task_0047_L26_V3.80_R0.5_s4226012
24,26,3.8,1.00,4226001,reused_original_rigorous,raw/rigorous/task_0048_L26_V3.80_R1.0_s4226001
25,26,3.8,1.00,4226002,reused_original_rigorous,raw/rigorous/task_0049_L26_V3.80_R1.0_s4226002
26,26,3.8,1.00,4226003,reused_original_rigorous,raw/rigorous/task_0050_L26_V3.80_R1.0_s4226003
27,26,3.8,1.00,4226004,reused_original_rigorous,raw/rigorous/task_0051_L26_V3.80_R1.0_s4226004
28,26,3.8,1.00,4226005,reused_original_rigorous,raw/rigorous/task_0052_L26_V3.80_R1.0_s4226005
29,26,3.8,1.00,4226006,reused_original_rigorous,raw/rigorous/task_0053_L26_V3.80_R1.0_s4226006
30,26,3.8,1.00,4226007,reused_original_rigorous,raw/rigorous/task_0054_L26_V3.80_R1.0_s4226007
31,26,3.8,1.00,4226008,reused_original_rigorous,raw/rigorous/task_0055_L26_V3.80_R1.0_s4226008
32,26,3.8,1.00,4226009,reused_original_rigorous,raw/rigorous/task_0056_L26_V3.80_R1.0_s4226009
33,26,3.8,1.00,4226010,reused_original_rigorous,raw/rigorous/task_0057_L26_V3.80_R1.0_s4226010
34,26,3.8,1.00,4226011,reused_original_rigorous,raw/rigorous/task_0058_L26_V3.80_R1.0_s4226011
35,26,3.8,1.00,4226012,reused_original_rigorous,raw/rigorous/task_0059_L26_V3.80_R1.0_s4226012
36,26,3.9,0.25,4226001,new_r025,raw/rigorous_compatible/task_0012_L26_V3.9_R0.25_s4226001
37,26,3.9,0.25,4226002,new_r025,raw/rigorous_compatible/task_0013_L26_V3.9_R0.25_s4226002
38,26,3.9,0.25,4226003,new_r025,raw/rigorous_compatible/task_0014_L26_V3.9_R0.25_s4226003
39,26,3.9,0.25,4226004,new_r025,raw/rigorous_compatible/task_0015_L26_V3.9_R0.25_s4226004
40,26,3.9,0.25,4226005,new_r025,raw/rigorous_compatible/task_0016_L26_V3.9_R0.25_s4226005
41,26,3.9,0.25,4226006,new_r025,raw/rigorous_compatible/task_0017_L26_V3.9_R0.25_s4226006
42,26,3.9,0.25,4226007,new_r025,raw/rigorous_compatible/task_0018_L26_V3.9_R0.25_s4226007
43,26,3.9,0.25,4226008,new_r025,raw/rigorous_compatible/task_0019_L26_V3.9_R0.25_s4226008
44,26,3.9,0.25,4226009,new_r025,raw/rigorous_compatible/task_0020_L26_V3.9_R0.25_s4226009
45,26,3.9,0.25,4226010,new_r025,raw/rigorous_compatible/task_0021_L26_V3.9_R0.25_s4226010
46,26,3.9,0.25,4226011,new_r025,raw/rigorous_compatible/task_0022_L26_V3.9_R0.25_s4226011
47,26,3.9,0.25,4226012,new_r025,raw/rigorous_compatible/task_0023_L26_V3.9_R0.25_s4226012
48,26,3.9,0.50,4226001,reused_original_rigorous,raw/rigorous/task_0108_L26_V3.90_R0.5_s4226001
49,26,3.9,0.50,4226002,reused_original_rigorous,raw/rigorous/task_0109_L26_V3.90_R0.5_s4226002
50,26,3.9,0.50,4226003,reused_original_rigorous,raw/rigorous/task_0110_L26_V3.90_R0.5_s4226003
51,26,3.9,0.50,4226004,reused_original_rigorous,raw/rigorous/task_0111_L26_V3.90_R0.5_s4226004
52,26,3.9,0.50,4226005,reused_original_rigorous,raw/rigorous/task_0112_L26_V3.90_R0.5_s4226005
53,26,3.9,0.50,4226006,reused_original_rigorous,raw/rigorous/task_0113_L26_V3.90_R0.5_s4226006
54,26,3.9,0.50,4226007,reused_original_rigorous,raw/rigorous/task_0114_L26_V3.90_R0.5_s4226007
55,26,3.9,0.50,4226008,reused_original_rigorous,raw/rigorous/task_0115_L26_V3.90_R0.5_s4226008
56,26,3.9,0.50,4226009,reused_original_rigorous,raw/rigorous/task_0116_L26_V3.90_R0.5_s4226009
57,26,3.9,0.50,4226010,reused_original_rigorous,raw/rigorous/task_0117_L26_V3.90_R0.5_s4226010
58,26,3.9,0.50,4226011,reused_original_rigorous,raw/rigorous/task_0118_L26_V3.90_R0.5_s4226011
59,26,3.9,0.50,4226012,reused_original_rigorous,raw/rigorous/task_0119_L26_V3.90_R0.5_s4226012
60,26,3.9,1.00,4226001,reused_original_rigorous,raw/rigorous/task_0120_L26_V3.90_R1.0_s4226001
61,26,3.9,1.00,4226002,reused_original_rigorous,raw/rigorous/task_0121_L26_V3.90_R1.0_s4226002
62,26,3.9,1.00,4226003,reused_original_rigorous,raw/rigorous/task_0122_L26_V3.90_R1.0_s4226003
63,26,3.9,1.00,4226004,reused_original_rigorous,raw/rigorous/task_0123_L26_V3.90_R1.0_s4226004
64,26,3.9,1.00,4226005,reused_original_rigorous,raw/rigorous/task_0124_L26_V3.90_R1.0_s4226005
65,26,3.9,1.00,4226006,reused_original_rigorous,raw/rigorous/task_0125_L26_V3.90_R1.0_s4226006
66,26,3.9,1.00,4226007,reused_original_rigorous,raw/rigorous/task_0126_L26_V3.90_R1.0_s4226007
67,26,3.9,1.00,4226008,reused_original_rigorous,raw/rigorous/task_0127_L26_V3.90_R1.0_s4226008
68,26,3.9,1.00,4226009,reused_original_rigorous,raw/rigorous/task_0128_L26_V3.90_R1.0_s4226009
69,26,3.9,1.00,4226010,reused_original_rigorous,raw/rigorous/task_0129_L26_V3.90_R1.0_s4226010
70,26,3.9,1.00,4226011,reused_original_rigorous,raw/rigorous/task_0130_L26_V3.90_R1.0_s4226011
71,26,3.9,1.00,4226012,reused_original_rigorous,raw/rigorous/task_0131_L26_V3.90_R1.0_s4226012
72,26,4.0,0.25,4226001,new_r025,raw/rigorous_compatible/task_0024_L26_V4.0_R0.25_s4226001
73,26,4.0,0.25,4226002,new_r025,raw/rigorous_compatible/task_0025_L26_V4.0_R0.25_s4226002
74,26,4.0,0.25,4226003,new_r025,raw/rigorous_compatible/task_0026_L26_V4.0_R0.25_s4226003
75,26,4.0,0.25,4226004,new_r025,raw/rigorous_compatible/task_0027_L26_V4.0_R0.25_s4226004
76,26,4.0,0.25,4226005,new_r025,raw/rigorous_compatible/task_0028_L26_V4.0_R0.25_s4226005
77,26,4.0,0.25,4226006,new_r025,raw/rigorous_compatible/task_0029_L26_V4.0_R0.25_s4226006
78,26,4.0,0.25,4226007,new_r025,raw/rigorous_compatible/task_0030_L26_V4.0_R0.25_s4226007
79,26,4.0,0.25,4226008,new_r025,raw/rigorous_compatible/task_0031_L26_V4.0_R0.25_s4226008
80,26,4.0,0.25,4226009,new_r025,raw/rigorous_compatible/task_0032_L26_V4.0_R0.25_s4226009
81,26,4.0,0.25,4226010,new_r025,raw/rigorous_compatible/task_0033_L26_V4.0_R0.25_s4226010
82,26,4.0,0.25,4226011,new_r025,raw/rigorous_compatible/task_0034_L26_V4.0_R0.25_s4226011
83,26,4.0,0.25,4226012,new_r025,raw/rigorous_compatible/task_0035_L26_V4.0_R0.25_s4226012
84,26,4.0,0.50,4226001,reused_original_rigorous,raw/rigorous/task_0180_L26_V4.00_R0.5_s4226001
85,26,4.0,0.50,4226002,reused_original_rigorous,raw/rigorous/task_0181_L26_V4.00_R0.5_s4226002
86,26,4.0,0.50,4226003,reused_original_rigorous,raw/rigorous/task_0182_L26_V4.00_R0.5_s4226003
87,26,4.0,0.50,4226004,reused_original_rigorous,raw/rigorous/task_0183_L26_V4.00_R0.5_s4226004
88,26,4.0,0.50,4226005,reused_original_rigorous,raw/rigorous/task_0184_L26_V4.00_R0.5_s4226005
89,26,4.0,0.50,4226006,reused_original_rigorous,raw/rigorous/task_0185_L26_V4.00_R0.5_s4226006
90,26,4.0,0.50,4226007,reused_original_rigorous,raw/rigorous/task_0186_L26_V4.00_R0.5_s4226007
91,26,4.0,0.50,4226008,reused_original_rigorous,raw/rigorous/task_0187_L26_V4.00_R0.5_s4226008
92,26,4.0,0.50,4226009,reused_original_rigorous,raw/rigorous/task_0188_L26_V4.00_R0.5_s4226009
93,26,4.0,0.50,4226010,reused_original_rigorous,raw/rigorous/task_0189_L26_V4.00_R0.5_s4226010
94,26,4.0,0.50,4226011,reused_original_rigorous,raw/rigorous/task_0190_L26_V4.00_R0.5_s4226011
95,26,4.0,0.50,4226012,reused_original_rigorous,raw/rigorous/task_0191_L26_V4.00_R0.5_s4226012
96,26,4.0,1.00,4226001,reused_original_rigorous,raw/rigorous/task_0192_L26_V4.00_R1.0_s4226001
97,26,4.0,1.00,4226002,reused_original_rigorous,raw/rigorous/task_0193_L26_V4.00_R1.0_s4226002
98,26,4.0,1.00,4226003,reused_original_rigorous,raw/rigorous/task_0194_L26_V4.00_R1.0_s4226003
99,26,4.0,1.00,4226004,reused_original_rigorous,raw/rigorous/task_0195_L26_V4.00_R1.0_s4226004
100,26,4.0,1.00,4226005,reused_original_rigorous,raw/rigorous/task_0196_L26_V4.00_R1.0_s4226005
101,26,4.0,1.00,4226006,reused_original_rigorous,raw/rigorous/task_0197_L26_V4.00_R1.0_s4226006
102,26,4.0,1.00,4226007,reused_original_rigorous,raw/rigorous/task_0198_L26_V4.00_R1.0_s4226007
103,26,4.0,1.00,4226008,reused_original_rigorous,raw/rigorous/task_0199_L26_V4.00_R1.0_s4226008
104,26,4.0,1.00,4226009,reused_original_rigorous,raw/rigorous/task_0200_L26_V4.00_R1.0_s4226009
105,26,4.0,1.00,4226010,reused_original_rigorous,raw/rigorous/task_0201_L26_V4.00_R1.0_s4226010
106,26,4.0,1.00,4226011,reused_original_rigorous,raw/rigorous/task_0202_L26_V4.00_R1.0_s4226011
107,26,4.0,1.00,4226012,reused_original_rigorous,raw/rigorous/task_0203_L26_V4.00_R1.0_s4226012
108,26,4.1,0.25,4226001,new_r025,raw/rigorous_compatible/task_0036_L26_V4.1_R0.25_s4226001
109,26,4.1,0.25,4226002,new_r025,raw/rigorous_compatible/task_0037_L26_V4.1_R0.25_s4226002
110,26,4.1,0.25,4226003,new_r025,raw/rigorous_compatible/task_0038_L26_V4.1_R0.25_s4226003
111,26,4.1,0.25,4226004,new_r025,raw/rigorous_compatible/task_0039_L26_V4.1_R0.25_s4226004
112,26,4.1,0.25,4226005,new_r025,raw/rigorous_compatible/task_0040_L26_V4.1_R0.25_s4226005
113,26,4.1,0.25,4226006,new_r025,raw/rigorous_compatible/task_0041_L26_V4.1_R0.25_s4226006
114,26,4.1,0.25,4226007,new_r025,raw/rigorous_compatible/task_0042_L26_V4.1_R0.25_s4226007
115,26,4.1,0.25,4226008,new_r025,raw/rigorous_compatible/task_0043_L26_V4.1_R0.25_s4226008
116,26,4.1,0.25,4226009,new_r025,raw/rigorous_compatible/task_0044_L26_V4.1_R0.25_s4226009
117,26,4.1,0.25,4226010,new_r025,raw/rigorous_compatible/task_0045_L26_V4.1_R0.25_s4226010
118,26,4.1,0.25,4226011,new_r025,raw/rigorous_compatible/task_0046_L26_V4.1_R0.25_s4226011
119,26,4.1,0.25,4226012,new_r025,raw/rigorous_compatible/task_0047_L26_V4.1_R0.25_s4226012
120,26,4.1,0.50,4226001,reused_original_rigorous,raw/rigorous/task_0252_L26_V4.10_R0.5_s4226001
121,26,4.1,0.50,4226002,reused_original_rigorous,raw/rigorous/task_0253_L26_V4.10_R0.5_s4226002
122,26,4.1,0.50,4226003,reused_original_rigorous,raw/rigorous/task_0254_L26_V4.10_R0.5_s4226003
123,26,4.1,0.50,4226004,reused_original_rigorous,raw/rigorous/task_0255_L26_V4.10_R0.5_s4226004
124,26,4.1,0.50,4226005,reused_original_rigorous,raw/rigorous/task_0256_L26_V4.10_R0.5_s4226005
125,26,4.1,0.50,4226006,reused_original_rigorous,raw/rigorous/task_0257_L26_V4.10_R0.5_s4226006
126,26,4.1,0.50,4226007,reused_original_rigorous,raw/rigorous/task_0258_L26_V4.10_R0.5_s4226007
127,26,4.1,0.50,4226008,reused_original_rigorous,raw/rigorous/task_0259_L26_V4.10_R0.5_s4226008
128,26,4.1,0.50,4226009,reused_original_rigorous,raw/rigorous/task_0260_L26_V4.10_R0.5_s4226009
129,26,4.1,0.50,4226010,reused_original_rigorous,raw/rigorous/task_0261_L26_V4.10_R0.5_s4226010
130,26,4.1,0.50,4226011,reused_original_rigorous,raw/rigorous/task_0262_L26_V4.10_R0.5_s4226011
131,26,4.1,0.50,4226012,reused_original_rigorous,raw/rigorous/task_0263_L26_V4.10_R0.5_s4226012
132,26,4.1,1.00,4226001,reused_original_rigorous,raw/rigorous/task_0264_L26_V4.10_R1.0_s4226001
133,26,4.1,1.00,4226002,reused_original_rigorous,raw/rigorous/task_0265_L26_V4.10_R1.0_s4226002
134,26,4.1,1.00,4226003,reused_original_rigorous,raw/rigorous/task_0266_L26_V4.10_R1.0_s4226003
135,26,4.1,1.00,4226004,reused_original_rigorous,raw/rigorous/task_0267_L26_V4.10_R1.0_s4226004
136,26,4.1,1.00,4226005,reused_original_rigorous,raw/rigorous/task_0268_L26_V4.10_R1.0_s4226005
137,26,4.1,1.00,4226006,reused_original_rigorous,raw/rigorous/task_0269_L26_V4.10_R1.0_s4226006
138,26,4.1,1.00,4226007,reused_original_rigorous,raw/rigorous/task_0270_L26_V4.10_R1.0_s4226007
139,26,4.1,1.00,4226008,reused_original_rigorous,raw/rigorous/task_0271_L26_V4.10_R1.0_s4226008
140,26,4.1,1.00,4226009,reused_original_rigorous,raw/rigorous/task_0272_L26_V4.10_R1.0_s4226009
141,26,4.1,1.00,4226010,reused_original_rigorous,raw/rigorous/task_0273_L26_V4.10_R1.0_s4226010
142,26,4.1,1.00,4226011,reused_original_rigorous,raw/rigorous/task_0274_L26_V4.10_R1.0_s4226011
143,26,4.1,1.00,4226012,reused_original_rigorous,raw/rigorous/task_0275_L26_V4.10_R1.0_s4226012
144,26,4.2,0.25,4226001,new_r025,raw/rigorous_compatible/task_0048_L26_V4.2_R0.25_s4226001
145,26,4.2,0.25,4226002,new_r025,raw/rigorous_compatible/task_0049_L26_V4.2_R0.25_s4226002
146,26,4.2,0.25,4226003,new_r025,raw/rigorous_compatible/task_0050_L26_V4.2_R0.25_s4226003
147,26,4.2,0.25,4226004,new_r025,raw/rigorous_compatible/task_0051_L26_V4.2_R0.25_s4226004
148,26,4.2,0.25,4226005,new_r025,raw/rigorous_compatible/task_0052_L26_V4.2_R0.25_s4226005
149,26,4.2,0.25,4226006,new_r025,raw/rigorous_compatible/task_0053_L26_V4.2_R0.25_s4226006
150,26,4.2,0.25,4226007,new_r025,raw/rigorous_compatible/task_0054_L26_V4.2_R0.25_s4226007
151,26,4.2,0.25,4226008,new_r025,raw/rigorous_compatible/task_0055_L26_V4.2_R0.25_s4226008
152,26,4.2,0.25,4226009,new_r025,raw/rigorous_compatible/task_0056_L26_V4.2_R0.25_s4226009
153,26,4.2,0.25,4226010,new_r025,raw/rigorous_compatible/task_0057_L26_V4.2_R0.25_s4226010
154,26,4.2,0.25,4226011,new_r025,raw/rigorous_compatible/task_0058_L26_V4.2_R0.25_s4226011
155,26,4.2,0.25,4226012,new_r025,raw/rigorous_compatible/task_0059_L26_V4.2_R0.25_s4226012
156,26,4.2,0.50,4226001,reused_original_rigorous,raw/rigorous/task_0324_L26_V4.20_R0.5_s4226001
157,26,4.2,0.50,4226002,reused_original_rigorous,raw/rigorous/task_0325_L26_V4.20_R0.5_s4226002
158,26,4.2,0.50,4226003,reused_original_rigorous,raw/rigorous/task_0326_L26_V4.20_R0.5_s4226003
159,26,4.2,0.50,4226004,reused_original_rigorous,raw/rigorous/task_0327_L26_V4.20_R0.5_s4226004
160,26,4.2,0.50,4226005,reused_original_rigorous,raw/rigorous/task_0328_L26_V4.20_R0.5_s4226005
161,26,4.2,0.50,4226006,reused_original_rigorous,raw/rigorous/task_0329_L26_V4.20_R0.5_s4226006
162,26,4.2,0.50,4226007,reused_original_rigorous,raw/rigorous/task_0330_L26_V4.20_R0.5_s4226007
163,26,4.2,0.50,4226008,reused_original_rigorous,raw/rigorous/task_0331_L26_V4.20_R0.5_s4226008
164,26,4.2,0.50,4226009,reused_original_rigorous,raw/rigorous/task_0332_L26_V4.20_R0.5_s4226009
165,26,4.2,0.50,4226010,reused_original_rigorous,raw/rigorous/task_0333_L26_V4.20_R0.5_s4226010
166,26,4.2,0.50,4226011,reused_original_rigorous,raw/rigorous/task_0334_L26_V4.20_R0.5_s4226011
167,26,4.2,0.50,4226012,reused_original_rigorous,raw/rigorous/task_0335_L26_V4.20_R0.5_s4226012
168,26,4.2,1.00,4226001,reused_original_rigorous,raw/rigorous/task_0336_L26_V4.20_R1.0_s4226001
169,26,4.2,1.00,4226002,reused_original_rigorous,raw/rigorous/task_0337_L26_V4.20_R1.0_s4226002
170,26,4.2,1.00,4226003,reused_original_rigorous,raw/rigorous/task_0338_L26_V4.20_R1.0_s4226003
171,26,4.2,1.00,4226004,reused_original_rigorous,raw/rigorous/task_0339_L26_V4.20_R1.0_s4226004
172,26,4.2,1.00,4226005,reused_original_rigorous,raw/rigorous/task_0340_L26_V4.20_R1.0_s4226005
173,26,4.2,1.00,4226006,reused_original_rigorous,raw/rigorous/task_0341_L26_V4.20_R1.0_s4226006
174,26,4.2,1.00,4226007,reused_original_rigorous,raw/rigorous/task_0342_L26_V4.20_R1.0_s4226007
175,26,4.2,1.00,4226008,reused_original_rigorous,raw/rigorous/task_0343_L26_V4.20_R1.0_s4226008
176,26,4.2,1.00,4226009,reused_original_rigorous,raw/rigorous/task_0344_L26_V4.20_R1.0_s4226009
177,26,4.2,1.00,4226010,reused_original_rigorous,raw/rigorous/task_0345_L26_V4.20_R1.0_s4226010
178,26,4.2,1.00,4226011,reused_original_rigorous,raw/rigorous/task_0346_L26_V4.20_R1.0_s4226011
179,26,4.2,1.00,4226012,reused_original_rigorous,raw/rigorous/task_0347_L26_V4.20_R1.0_s4226012
180,34,3.8,0.25,4234001,new_r025,raw/rigorous_compatible/task_0060_L34_V3.8_R0.25_s4234001
181,34,3.8,0.25,4234002,new_r025,raw/rigorous_compatible/task_0061_L34_V3.8_R0.25_s4234002
182,34,3.8,0.25,4234003,new_r025,raw/rigorous_compatible/task_0062_L34_V3.8_R0.25_s4234003
183,34,3.8,0.25,4234004,new_r025,raw/rigorous_compatible/task_0063_L34_V3.8_R0.25_s4234004
184,34,3.8,0.25,4234005,new_r025,raw/rigorous_compatible/task_0064_L34_V3.8_R0.25_s4234005
185,34,3.8,0.25,4234006,new_r025,raw/rigorous_compatible/task_0065_L34_V3.8_R0.25_s4234006
186,34,3.8,0.25,4234007,new_r025,raw/rigorous_compatible/task_0066_L34_V3.8_R0.25_s4234007
187,34,3.8,0.25,4234008,new_r025,raw/rigorous_compatible/task_0067_L34_V3.8_R0.25_s4234008
188,34,3.8,0.25,4234009,new_r025,raw/rigorous_compatible/task_0068_L34_V3.8_R0.25_s4234009
189,34,3.8,0.25,4234010,new_r025,raw/rigorous_compatible/task_0069_L34_V3.8_R0.25_s4234010
190,34,3.8,0.25,4234011,new_r025,raw/rigorous_compatible/task_0070_L34_V3.8_R0.25_s4234011
191,34,3.8,0.25,4234012,new_r025,raw/rigorous_compatible/task_0071_L34_V3.8_R0.25_s4234012
192,34,3.8,0.50,4234001,reused_original_rigorous,raw/rigorous/task_0432_L34_V3.80_R0.5_s4234001
193,34,3.8,0.50,4234002,reused_original_rigorous,raw/rigorous/task_0433_L34_V3.80_R0.5_s4234002
194,34,3.8,0.50,4234003,reused_original_rigorous,raw/rigorous/task_0434_L34_V3.80_R0.5_s4234003
195,34,3.8,0.50,4234004,reused_original_rigorous,raw/rigorous/task_0435_L34_V3.80_R0.5_s4234004
196,34,3.8,0.50,4234005,reused_original_rigorous,raw/rigorous/task_0436_L34_V3.80_R0.5_s4234005
197,34,3.8,0.50,4234006,reused_original_rigorous,raw/rigorous/task_0437_L34_V3.80_R0.5_s4234006
198,34,3.8,0.50,4234007,reused_original_rigorous,raw/rigorous/task_0438_L34_V3.80_R0.5_s4234007
199,34,3.8,0.50,4234008,reused_original_rigorous,raw/rigorous/task_0439_L34_V3.80_R0.5_s4234008
200,34,3.8,0.50,4234009,reused_original_rigorous,raw/rigorous/task_0440_L34_V3.80_R0.5_s4234009
201,34,3.8,0.50,4234010,reused_original_rigorous,raw/rigorous/task_0441_L34_V3.80_R0.5_s4234010
202,34,3.8,0.50,4234011,reused_original_rigorous,raw/rigorous/task_0442_L34_V3.80_R0.5_s4234011
203,34,3.8,0.50,4234012,reused_original_rigorous,raw/rigorous/task_0443_L34_V3.80_R0.5_s4234012
204,34,3.8,1.00,4234001,reused_original_rigorous,raw/rigorous/task_0444_L34_V3.80_R1.0_s4234001
205,34,3.8,1.00,4234002,reused_original_rigorous,raw/rigorous/task_0445_L34_V3.80_R1.0_s4234002
206,34,3.8,1.00,4234003,reused_original_rigorous,raw/rigorous/task_0446_L34_V3.80_R1.0_s4234003
207,34,3.8,1.00,4234004,reused_original_rigorous,raw/rigorous/task_0447_L34_V3.80_R1.0_s4234004
208,34,3.8,1.00,4234005,reused_original_rigorous,raw/rigorous/task_0448_L34_V3.80_R1.0_s4234005
209,34,3.8,1.00,4234006,reused_original_rigorous,raw/rigorous/task_0449_L34_V3.80_R1.0_s4234006
210,34,3.8,1.00,4234007,reused_original_rigorous,raw/rigorous/task_0450_L34_V3.80_R1.0_s4234007
211,34,3.8,1.00,4234008,reused_original_rigorous,raw/rigorous/task_0451_L34_V3.80_R1.0_s4234008
212,34,3.8,1.00,4234009,reused_original_rigorous,raw/rigorous/task_0452_L34_V3.80_R1.0_s4234009
213,34,3.8,1.00,4234010,reused_original_rigorous,raw/rigorous/task_0453_L34_V3.80_R1.0_s4234010
214,34,3.8,1.00,4234011,reused_original_rigorous,raw/rigorous/task_0454_L34_V3.80_R1.0_s4234011
215,34,3.8,1.00,4234012,reused_original_rigorous,raw/rigorous/task_0455_L34_V3.80_R1.0_s4234012
216,34,3.9,0.25,4234001,new_r025,raw/rigorous_compatible/task_0072_L34_V3.9_R0.25_s4234001
217,34,3.9,0.25,4234002,new_r025,raw/rigorous_compatible/task_0073_L34_V3.9_R0.25_s4234002
218,34,3.9,0.25,4234003,new_r025,raw/rigorous_compatible/task_0074_L34_V3.9_R0.25_s4234003
219,34,3.9,0.25,4234004,new_r025,raw/rigorous_compatible/task_0075_L34_V3.9_R0.25_s4234004
220,34,3.9,0.25,4234005,new_r025,raw/rigorous_compatible/task_0076_L34_V3.9_R0.25_s4234005
221,34,3.9,0.25,4234006,new_r025,raw/rigorous_compatible/task_0077_L34_V3.9_R0.25_s4234006
222,34,3.9,0.25,4234007,new_r025,raw/rigorous_compatible/task_0078_L34_V3.9_R0.25_s4234007
223,34,3.9,0.25,4234008,new_r025,raw/rigorous_compatible/task_0079_L34_V3.9_R0.25_s4234008
224,34,3.9,0.25,4234009,new_r025,raw/rigorous_compatible/task_0080_L34_V3.9_R0.25_s4234009
225,34,3.9,0.25,4234010,new_r025,raw/rigorous_compatible/task_0081_L34_V3.9_R0.25_s4234010
226,34,3.9,0.25,4234011,new_r025,raw/rigorous_compatible/task_0082_L34_V3.9_R0.25_s4234011
227,34,3.9,0.25,4234012,new_r025,raw/rigorous_compatible/task_0083_L34_V3.9_R0.25_s4234012
228,34,3.9,0.50,4234001,reused_original_rigorous,raw/rigorous/task_0504_L34_V3.90_R0.5_s4234001
229,34,3.9,0.50,4234002,reused_original_rigorous,raw/rigorous/task_0505_L34_V3.90_R0.5_s4234002
230,34,3.9,0.50,4234003,reused_original_rigorous,raw/rigorous/task_0506_L34_V3.90_R0.5_s4234003
231,34,3.9,0.50,4234004,reused_original_rigorous,raw/rigorous/task_0507_L34_V3.90_R0.5_s4234004
232,34,3.9,0.50,4234005,reused_original_rigorous,raw/rigorous/task_0508_L34_V3.90_R0.5_s4234005
233,34,3.9,0.50,4234006,reused_original_rigorous,raw/rigorous/task_0509_L34_V3.90_R0.5_s4234006
234,34,3.9,0.50,4234007,reused_original_rigorous,raw/rigorous/task_0510_L34_V3.90_R0.5_s4234007
235,34,3.9,0.50,4234008,reused_original_rigorous,raw/rigorous/task_0511_L34_V3.90_R0.5_s4234008
236,34,3.9,0.50,4234009,reused_original_rigorous,raw/rigorous/task_0512_L34_V3.90_R0.5_s4234009
237,34,3.9,0.50,4234010,reused_original_rigorous,raw/rigorous/task_0513_L34_V3.90_R0.5_s4234010
238,34,3.9,0.50,4234011,reused_original_rigorous,raw/rigorous/task_0514_L34_V3.90_R0.5_s4234011
239,34,3.9,0.50,4234012,reused_original_rigorous,raw/rigorous/task_0515_L34_V3.90_R0.5_s4234012
240,34,3.9,1.00,4234001,reused_original_rigorous,raw/rigorous/task_0516_L34_V3.90_R1.0_s4234001
241,34,3.9,1.00,4234002,reused_original_rigorous,raw/rigorous/task_0517_L34_V3.90_R1.0_s4234002
242,34,3.9,1.00,4234003,reused_original_rigorous,raw/rigorous/task_0518_L34_V3.90_R1.0_s4234003
243,34,3.9,1.00,4234004,reused_original_rigorous,raw/rigorous/task_0519_L34_V3.90_R1.0_s4234004
244,34,3.9,1.00,4234005,reused_original_rigorous,raw/rigorous/task_0520_L34_V3.90_R1.0_s4234005
245,34,3.9,1.00,4234006,reused_original_rigorous,raw/rigorous/task_0521_L34_V3.90_R1.0_s4234006
246,34,3.9,1.00,4234007,reused_original_rigorous,raw/rigorous/task_0522_L34_V3.90_R1.0_s4234007
247,34,3.9,1.00,4234008,reused_original_rigorous,raw/rigorous/task_0523_L34_V3.90_R1.0_s4234008
248,34,3.9,1.00,4234009,reused_original_rigorous,raw/rigorous/task_0524_L34_V3.90_R1.0_s4234009
249,34,3.9,1.00,4234010,reused_original_rigorous,raw/rigorous/task_0525_L34_V3.90_R1.0_s4234010
250,34,3.9,1.00,4234011,reused_original_rigorous,raw/rigorous/task_0526_L34_V3.90_R1.0_s4234011
251,34,3.9,1.00,4234012,reused_original_rigorous,raw/rigorous/task_0527_L34_V3.90_R1.0_s4234012
252,34,4.0,0.25,4234001,new_r025,raw/rigorous_compatible/task_0084_L34_V4.0_R0.25_s4234001
253,34,4.0,0.25,4234002,new_r025,raw/rigorous_compatible/task_0085_L34_V4.0_R0.25_s4234002
254,34,4.0,0.25,4234003,new_r025,raw/rigorous_compatible/task_0086_L34_V4.0_R0.25_s4234003
255,34,4.0,0.25,4234004,new_r025,raw/rigorous_compatible/task_0087_L34_V4.0_R0.25_s4234004
256,34,4.0,0.25,4234005,new_r025,raw/rigorous_compatible/task_0088_L34_V4.0_R0.25_s4234005
257,34,4.0,0.25,4234006,new_r025,raw/rigorous_compatible/task_0089_L34_V4.0_R0.25_s4234006
258,34,4.0,0.25,4234007,new_r025,raw/rigorous_compatible/task_0090_L34_V4.0_R0.25_s4234007
259,34,4.0,0.25,4234008,new_r025,raw/rigorous_compatible/task_0091_L34_V4.0_R0.25_s4234008
260,34,4.0,0.25,4234009,new_r025,raw/rigorous_compatible/task_0092_L34_V4.0_R0.25_s4234009
261,34,4.0,0.25,4234010,new_r025,raw/rigorous_compatible/task_0093_L34_V4.0_R0.25_s4234010
262,34,4.0,0.25,4234011,new_r025,raw/rigorous_compatible/task_0094_L34_V4.0_R0.25_s4234011
263,34,4.0,0.25,4234012,new_r025,raw/rigorous_compatible/task_0095_L34_V4.0_R0.25_s4234012
264,34,4.0,0.50,4234001,reused_original_rigorous,raw/rigorous/task_0576_L34_V4.00_R0.5_s4234001
265,34,4.0,0.50,4234002,reused_original_rigorous,raw/rigorous/task_0577_L34_V4.00_R0.5_s4234002
266,34,4.0,0.50,4234003,reused_original_rigorous,raw/rigorous/task_0578_L34_V4.00_R0.5_s4234003
267,34,4.0,0.50,4234004,reused_original_rigorous,raw/rigorous/task_0579_L34_V4.00_R0.5_s4234004
268,34,4.0,0.50,4234005,reused_original_rigorous,raw/rigorous/task_0580_L34_V4.00_R0.5_s4234005
269,34,4.0,0.50,4234006,reused_original_rigorous,raw/rigorous/task_0581_L34_V4.00_R0.5_s4234006
270,34,4.0,0.50,4234007,reused_original_rigorous,raw/rigorous/task_0582_L34_V4.00_R0.5_s4234007
271,34,4.0,0.50,4234008,reused_original_rigorous,raw/rigorous/task_0583_L34_V4.00_R0.5_s4234008
272,34,4.0,0.50,4234009,reused_original_rigorous,raw/rigorous/task_0584_L34_V4.00_R0.5_s4234009
273,34,4.0,0.50,4234010,reused_original_rigorous,raw/rigorous/task_0585_L34_V4.00_R0.5_s4234010
274,34,4.0,0.50,4234011,reused_original_rigorous,raw/rigorous/task_0586_L34_V4.00_R0.5_s4234011
275,34,4.0,0.50,4234012,reused_original_rigorous,raw/rigorous/task_0587_L34_V4.00_R0.5_s4234012
276,34,4.0,1.00,4234001,reused_original_rigorous,raw/rigorous/task_0588_L34_V4.00_R1.0_s4234001
277,34,4.0,1.00,4234002,reused_original_rigorous,raw/rigorous/task_0589_L34_V4.00_R1.0_s4234002
278,34,4.0,1.00,4234003,reused_original_rigorous,raw/rigorous/task_0590_L34_V4.00_R1.0_s4234003
279,34,4.0,1.00,4234004,reused_original_rigorous,raw/rigorous/task_0591_L34_V4.00_R1.0_s4234004
280,34,4.0,1.00,4234005,reused_original_rigorous,raw/rigorous/task_0592_L34_V4.00_R1.0_s4234005
281,34,4.0,1.00,4234006,reused_original_rigorous,raw/rigorous/task_0593_L34_V4.00_R1.0_s4234006
282,34,4.0,1.00,4234007,reused_original_rigorous,raw/rigorous/task_0594_L34_V4.00_R1.0_s4234007
283,34,4.0,1.00,4234008,reused_original_rigorous,raw/rigorous/task_0595_L34_V4.00_R1.0_s4234008
284,34,4.0,1.00,4234009,reused_original_rigorous,raw/rigorous/task_0596_L34_V4.00_R1.0_s4234009
285,34,4.0,1.00,4234010,reused_original_rigorous,raw/rigorous/task_0597_L34_V4.00_R1.0_s4234010
286,34,4.0,1.00,4234011,reused_original_rigorous,raw/rigorous/task_0598_L34_V4.00_R1.0_s4234011
287,34,4.0,1.00,4234012,reused_original_rigorous,raw/rigorous/task_0599_L34_V4.00_R1.0_s4234012
288,34,4.1,0.25,4234001,new_r025,raw/rigorous_compatible/task_0096_L34_V4.1_R0.25_s4234001
289,34,4.1,0.25,4234002,new_r025,raw/rigorous_compatible/task_0097_L34_V4.1_R0.25_s4234002
290,34,4.1,0.25,4234003,new_r025,raw/rigorous_compatible/task_0098_L34_V4.1_R0.25_s4234003
291,34,4.1,0.25,4234004,new_r025,raw/rigorous_compatible/task_0099_L34_V4.1_R0.25_s4234004
292,34,4.1,0.25,4234005,new_r025,raw/rigorous_compatible/task_0100_L34_V4.1_R0.25_s4234005
293,34,4.1,0.25,4234006,new_r025,raw/rigorous_compatible/task_0101_L34_V4.1_R0.25_s4234006
294,34,4.1,0.25,4234007,new_r025,raw/rigorous_compatible/task_0102_L34_V4.1_R0.25_s4234007
295,34,4.1,0.25,4234008,new_r025,raw/rigorous_compatible/task_0103_L34_V4.1_R0.25_s4234008
296,34,4.1,0.25,4234009,new_r025,raw/rigorous_compatible/task_0104_L34_V4.1_R0.25_s4234009
297,34,4.1,0.25,4234010,new_r025,raw/rigorous_compatible/task_0105_L34_V4.1_R0.25_s4234010
298,34,4.1,0.25,4234011,new_r025,raw/rigorous_compatible/task_0106_L34_V4.1_R0.25_s4234011
299,34,4.1,0.25,4234012,new_r025,raw/rigorous_compatible/task_0107_L34_V4.1_R0.25_s4234012
300,34,4.1,0.50,4234001,reused_original_rigorous,raw/rigorous/task_0648_L34_V4.10_R0.5_s4234001
301,34,4.1,0.50,4234002,reused_original_rigorous,raw/rigorous/task_0649_L34_V4.10_R0.5_s4234002
302,34,4.1,0.50,4234003,reused_original_rigorous,raw/rigorous/task_0650_L34_V4.10_R0.5_s4234003
303,34,4.1,0.50,4234004,reused_original_rigorous,raw/rigorous/task_0651_L34_V4.10_R0.5_s4234004
304,34,4.1,0.50,4234005,reused_original_rigorous,raw/rigorous/task_0652_L34_V4.10_R0.5_s4234005
305,34,4.1,0.50,4234006,reused_original_rigorous,raw/rigorous/task_0653_L34_V4.10_R0.5_s4234006
306,34,4.1,0.50,4234007,reused_original_rigorous,raw/rigorous/task_0654_L34_V4.10_R0.5_s4234007
307,34,4.1,0.50,4234008,reused_original_rigorous,raw/rigorous/task_0655_L34_V4.10_R0.5_s4234008
308,34,4.1,0.50,4234009,reused_original_rigorous,raw/rigorous/task_0656_L34_V4.10_R0.5_s4234009
309,34,4.1,0.50,4234010,reused_original_rigorous,raw/rigorous/task_0657_L34_V4.10_R0.5_s4234010
310,34,4.1,0.50,4234011,reused_original_rigorous,raw/rigorous/task_0658_L34_V4.10_R0.5_s4234011
311,34,4.1,0.50,4234012,reused_original_rigorous,raw/rigorous/task_0659_L34_V4.10_R0.5_s4234012
312,34,4.1,1.00,4234001,reused_original_rigorous,raw/rigorous/task_0660_L34_V4.10_R1.0_s4234001
313,34,4.1,1.00,4234002,reused_original_rigorous,raw/rigorous/task_0661_L34_V4.10_R1.0_s4234002
314,34,4.1,1.00,4234003,reused_original_rigorous,raw/rigorous/task_0662_L34_V4.10_R1.0_s4234003
315,34,4.1,1.00,4234004,reused_original_rigorous,raw/rigorous/task_0663_L34_V4.10_R1.0_s4234004
316,34,4.1,1.00,4234005,reused_original_rigorous,raw/rigorous/task_0664_L34_V4.10_R1.0_s4234005
317,34,4.1,1.00,4234006,reused_original_rigorous,raw/rigorous/task_0665_L34_V4.10_R1.0_s4234006
318,34,4.1,1.00,4234007,reused_original_rigorous,raw/rigorous/task_0666_L34_V4.10_R1.0_s4234007
319,34,4.1,1.00,4234008,reused_original_rigorous,raw/rigorous/task_0667_L34_V4.10_R1.0_s4234008
320,34,4.1,1.00,4234009,reused_original_rigorous,raw/rigorous/task_0668_L34_V4.10_R1.0_s4234009
321,34,4.1,1.00,4234010,reused_original_rigorous,raw/rigorous/task_0669_L34_V4.10_R1.0_s4234010
322,34,4.1,1.00,4234011,reused_original_rigorous,raw/rigorous/task_0670_L34_V4.10_R1.0_s4234011
323,34,4.1,1.00,4234012,reused_original_rigorous,raw/rigorous/task_0671_L34_V4.10_R1.0_s4234012
324,34,4.2,0.25,4234001,new_r025,raw/rigorous_compatible/task_0108_L34_V4.2_R0.25_s4234001
325,34,4.2,0.25,4234002,new_r025,raw/rigorous_compatible/task_0109_L34_V4.2_R0.25_s4234002
326,34,4.2,0.25,4234003,new_r025,raw/rigorous_compatible/task_0110_L34_V4.2_R0.25_s4234003
327,34,4.2,0.25,4234004,new_r025,raw/rigorous_compatible/task_0111_L34_V4.2_R0.25_s4234004
328,34,4.2,0.25,4234005,new_r025,raw/rigorous_compatible/task_0112_L34_V4.2_R0.25_s4234005
329,34,4.2,0.25,4234006,new_r025,raw/rigorous_compatible/task_0113_L34_V4.2_R0.25_s4234006
330,34,4.2,0.25,4234007,new_r025,raw/rigorous_compatible/task_0114_L34_V4.2_R0.25_s4234007
331,34,4.2,0.25,4234008,new_r025,raw/rigorous_compatible/task_0115_L34_V4.2_R0.25_s4234008
332,34,4.2,0.25,4234009,new_r025,raw/rigorous_compatible/task_0116_L34_V4.2_R0.25_s4234009
333,34,4.2,0.25,4234010,new_r025,raw/rigorous_compatible/task_0117_L34_V4.2_R0.25_s4234010
334,34,4.2,0.25,4234011,new_r025,raw/rigorous_compatible/task_0118_L34_V4.2_R0.25_s4234011
335,34,4.2,0.25,4234012,new_r025,raw/rigorous_compatible/task_0119_L34_V4.2_R0.25_s4234012
336,34,4.2,0.50,4234001,reused_original_rigorous,raw/rigorous/task_0720_L34_V4.20_R0.5_s4234001
337,34,4.2,0.50,4234002,reused_original_rigorous,raw/rigorous/task_0721_L34_V4.20_R0.5_s4234002
338,34,4.2,0.50,4234003,reused_original_rigorous,raw/rigorous/task_0722_L34_V4.20_R0.5_s4234003
339,34,4.2,0.50,4234004,reused_original_rigorous,raw/rigorous/task_0723_L34_V4.20_R0.5_s4234004
340,34,4.2,0.50,4234005,reused_original_rigorous,raw/rigorous/task_0724_L34_V4.20_R0.5_s4234005
341,34,4.2,0.50,4234006,reused_original_rigorous,raw/rigorous/task_0725_L34_V4.20_R0.5_s4234006
342,34,4.2,0.50,4234007,reused_original_rigorous,raw/rigorous/task_0726_L34_V4.20_R0.5_s4234007
343,34,4.2,0.50,4234008,reused_original_rigorous,raw/rigorous/task_0727_L34_V4.20_R0.5_s4234008
344,34,4.2,0.50,4234009,reused_original_rigorous,raw/rigorous/task_0728_L34_V4.20_R0.5_s4234009
345,34,4.2,0.50,4234010,reused_original_rigorous,raw/rigorous/task_0729_L34_V4.20_R0.5_s4234010
346,34,4.2,0.50,4234011,reused_original_rigorous,raw/rigorous/task_0730_L34_V4.20_R0.5_s4234011
347,34,4.2,0.50,4234012,reused_original_rigorous,raw/rigorous/task_0731_L34_V4.20_R0.5_s4234012
348,34,4.2,1.00,4234001,reused_original_rigorous,raw/rigorous/task_0732_L34_V4.20_R1.0_s4234001
349,34,4.2,1.00,4234002,reused_original_rigorous,raw/rigorous/task_0733_L34_V4.20_R1.0_s4234002
350,34,4.2,1.00,4234003,reused_original_rigorous,raw/rigorous/task_0734_L34_V4.20_R1.0_s4234003
351,34,4.2,1.00,4234004,reused_original_rigorous,raw/rigorous/task_0735_L34_V4.20_R1.0_s4234004
352,34,4.2,1.00,4234005,reused_original_rigorous,raw/rigorous/task_0736_L34_V4.20_R1.0_s4234005
353,34,4.2,1.00,4234006,reused_original_rigorous,raw/rigorous/task_0737_L34_V4.20_R1.0_s4234006
354,34,4.2,1.00,4234007,reused_original_rigorous,raw/rigorous/task_0738_L34_V4.20_R1.0_s4234007
355,34,4.2,1.00,4234008,reused_original_rigorous,raw/rigorous/task_0739_L34_V4.20_R1.0_s4234008
356,34,4.2,1.00,4234009,reused_original_rigorous,raw/rigorous/task_0740_L34_V4.20_R1.0_s4234009
357,34,4.2,1.00,4234010,reused_original_rigorous,raw/rigorous/task_0741_L34_V4.20_R1.0_s4234010
358,34,4.2,1.00,4234011,reused_original_rigorous,raw/rigorous/task_0742_L34_V4.20_R1.0_s4234011
359,34,4.2,1.00,4234012,reused_original_rigorous,raw/rigorous/task_0743_L34_V4.20_R1.0_s4234012
