campaign,L,V,theta,delta,mu,boundary,hs_scheme,stabilization_interval,guard,n,S_pi,S_pi_seed_sem,S_pi_dq,S_pi_dq_seed_sem,R_cdw,R_cdw_seed_sem,average_sign,average_sign_seed_sem,sign_corrections,diagnostic_sign_mismatch_count,max_sign_imag,max_fast_full_green_rel
delta_symmetry,6,2,10,-0.6,0.7,0,0,10,0,6,0.10879338738751526,0.0016469656855056878,0.04509941287513014,0.0004158051468049391,0.5847319845540487,0.009620172434920776,0.9372222222222223,0.0017756932223087106,0.0,0.0,2.4429826739610876e-05,0.0
delta_symmetry,6,2,10,-0.6,0.7,1,0,10,0,6,0.10067900890915649,0.0003831298910132208,0.048588633912379116,0.00010529055777015938,0.5173432044650773,0.0026155238839032408,0.9316666666666666,0.0018358568490953627,0.0,0.0,4.591568128003516e-06,0.0
delta_symmetry,6,2,10,0.6,0.7,0,0,10,0,6,0.10879338738751536,0.0016469656855054894,0.045099412875130064,0.0004158051468050177,0.58473198455405,0.009620172434920972,0.9372222222222223,0.0017756932223087106,0.0,0.0,3.7636649345708927e-06,0.0
delta_symmetry,6,2,10,0.6,0.7,1,0,10,0,6,0.10067900890915744,0.0003831298910119296,0.048588633912380046,0.00010529055776781578,0.5173432044650733,0.0026155238838787183,0.9316666666666666,0.0018358568490953627,0.0,0.0,5.211970820478678e-05,0.0
delta_symmetry,6,4,10,-0.6,0.7,0,0,10,0,6,0.16022987526735907,0.0026530542702032627,0.0318300700115458,0.0014019189432724008,0.8003927945974838,0.011554930113705968,0.7865555555555557,0.005946469021794407,1.0,0.0,0.00042754479317162265,0.0
delta_symmetry,6,4,10,-0.6,0.7,1,0,10,0,6,0.14925340278095892,0.004257592058033945,0.03650844303422601,0.0015970739492180402,0.7530973258301615,0.016596209579736017,0.865888888888889,0.0050108524200288196,0.0,0.0,1.078790243712815e-05,0.0
delta_symmetry,6,4,10,0.6,0.7,0,0,10,0,6,0.16022987550448453,0.002653054201726594,0.03183007003430229,0.0014019189500800752,0.800392794780875,0.011554930058732352,0.7865555555555557,0.005946469021794407,0.0,0.0,0.0016896321749133663,0.0
delta_symmetry,6,4,10,0.6,0.7,1,0,10,0,6,0.14925340278079455,0.004257592058103091,0.036508443034197556,0.0015970739492026994,0.7530973258300481,0.01659620957972925,0.865888888888889,0.0050108524200288196,0.0,0.0,4.3167038513513574e-05,0.0
gaussian_qmc,10,0,10,0.5,0,0,0,10,0,1,0.03360655737704942,nan,0.03165751938666094,nan,0.05799576459204703,nan,1.0,nan,0.0,0.0,1.3970693526919704e-14,2.1184578052653958e-15
gaussian_qmc,10,0,10,0.5,0,1,0,10,0,1,0.034195681100694195,nan,0.03224425293632259,nan,0.05706650961638515,nan,1.0,nan,0.0,0.0,5.858986094186274e-15,6.343078410807398e-15
gaussian_qmc,10,0,10,0.5,0.7,0,0,10,0,1,0.030311865013654023,nan,0.029254002936423894,nan,0.0348992738240822,nan,1.0,nan,0.0,0.0,2.0880808199271166e-14,5.780413441523107e-15
gaussian_qmc,10,0,10,0.5,0.7,1,0,10,0,1,0.030017688086360673,nan,0.029144874349842958,nan,0.02907664754216366,nan,1.0,nan,0.0,0.0,8.784016857577511e-14,7.75147967461175e-15
gaussian_qmc,10,0,10,1,0,0,0,10,0,1,0.025000000000000005,nan,0.025000000000000005,nan,0.0,nan,1.0,nan,0.0,0.0,7.567510993422804e-16,3.0030358249319535e-16
gaussian_qmc,10,0,10,1,0,1,0,10,0,1,0.025000000000000005,nan,0.025000000000000005,nan,0.0,nan,1.0,nan,0.0,0.0,1.2095238583600247e-15,6.198161705160057e-16
gaussian_qmc,10,0,10,1,0.7,0,0,10,0,1,0.023467388641736482,nan,0.023599028416028508,nan,-0.005609476891600407,nan,1.0,nan,0.0,0.0,3.683985953066862e-14,4.079653023936675e-15
gaussian_qmc,10,0,10,1,0.7,1,0,10,0,1,0.022660039354605692,nan,0.022868510153502556,nan,-0.009199931016646401,nan,1.0,nan,0.0,0.0,3.797658200372265e-15,5.968081754647154e-15
gaussian_qmc,10,0,10,1.3,0,0,0,10,0,1,0.02174624384332126,nan,0.02237116269290512,nan,-0.02873686389641894,nan,1.0,nan,0.0,0.0,2.6983167273187874e-14,1.689162692079725e-15
gaussian_qmc,10,0,10,1.3,0,1,0,10,0,1,0.021413029918465873,nan,0.02210825930366244,nan,-0.032467585757073314,nan,1.0,nan,0.0,0.0,2.5823686386809657e-16,4.895904630239947e-15
gaussian_qmc,10,0,10,1.3,0.7,0,0,10,0,1,0.020605166878301214,nan,0.02128896734991466,nan,-0.03318587399229167,nan,1.0,nan,0.0,0.0,7.245450229549824e-14,7.693618776157596e-15
gaussian_qmc,10,0,10,1.3,0.7,1,0,10,0,1,0.019511451842825052,nan,0.02033581572634548,nan,-0.04225025847185093,nan,1.0,nan,0.0,0.0,6.161852600705146e-14,5.836293148724022e-15
gaussian_qmc,20,0,10,0.5,0,0,0,10,0,1,0.01666610215418316,nan,0.016439383313975577,nan,0.013603591176277408,nan,1.0,nan,0.0,0.0,1.1017836159881125e-14,4.67748071506591e-15
gaussian_qmc,20,0,10,0.5,0,1,0,10,0,1,0.016875000312122766,nan,0.01663397592108635,nan,0.014282926612052771,nan,1.0,nan,0.0,0.0,4.7893086228881625e-15,7.268260305194502e-15
gaussian_qmc,20,0,10,0.5,0.7,0,0,10,0,1,0.015218643791122028,nan,0.015092635601052673,nan,0.008279856720403878,nan,1.0,nan,0.0,0.0,7.302736034037158e-14,8.703471652543423e-15
gaussian_qmc,20,0,10,0.5,0.7,1,0,10,0,1,0.015113276314480723,nan,0.01499761946637127,nan,0.007652665491111099,nan,1.0,nan,0.0,0.0,7.013800152318111e-14,1.2893810291307349e-14
gaussian_qmc,20,0,10,1,0,0,0,10,0,1,0.012500000000000002,nan,0.012500000000000002,nan,0.0,nan,1.0,nan,0.0,0.0,2.6460049278762613e-15,3.5263857564848223e-16
gaussian_qmc,20,0,10,1,0,1,0,10,0,1,0.012500000000000002,nan,0.012500000000000002,nan,0.0,nan,1.0,nan,0.0,0.0,6.103560768915177e-16,3.331755870979145e-16
gaussian_qmc,20,0,10,1,0.7,0,0,10,0,1,0.011732930723836956,nan,0.011749694189282964,nan,-0.00142875346668081,nan,1.0,nan,0.0,0.0,1.0751425251384108e-13,8.267411070825459e-15
gaussian_qmc,20,0,10,1,0.7,1,0,10,0,1,0.011531476147157636,nan,0.011553076315715761,nan,-0.0018731486136274178,nan,1.0,nan,0.0,0.0,3.6314983820477053e-14,6.6376679408697326e-15
gaussian_qmc,20,0,10,1.3,0,0,0,10,0,1,0.010869565351667306,nan,0.010950642613748864,nan,-0.007459108019358007,nan,1.0,nan,0.0,0.0,3.590775044244602e-14,3.5482891001921745e-15
gaussian_qmc,20,0,10,1.3,0,1,0,10,0,1,0.010788043478260708,nan,0.010873304136902904,nan,-0.007903255007639443,nan,1.0,nan,0.0,0.0,1.1112886853557684e-15,6.076579776166484e-15
gaussian_qmc,20,0,10,1.3,0.7,0,0,10,0,1,0.010274336447508923,nan,0.010364094127134713,nan,-0.008736104767870678,nan,1.0,nan,0.0,0.0,8.829989670562041e-14,9.418175044482792e-15
gaussian_qmc,20,0,10,1.3,0.7,1,0,10,0,1,0.010016455461768445,nan,0.010114146105463436,nan,-0.009753015332406134,nan,1.0,nan,0.0,0.0,7.38548740212548e-14,9.021964598236262e-15
gaussian_qmc,40,0,10,0.5,0,0,0,10,0,1,0.008333333328554796,nan,0.00830455208480228,nan,0.0034537492522824786,nan,1.0,nan,0.0,0.0,5.686369994015715e-14,7.136097605945737e-15
gaussian_qmc,40,0,10,0.5,0,1,0,10,0,1,0.008385416666667641,nan,0.008355743156995731,nan,0.0035387042590099282,nan,1.0,nan,0.0,0.0,2.7939381349919056e-15,6.829065153899042e-15
gaussian_qmc,40,0,10,0.5,0.7,0,0,10,0,1,0.00760938779547386,nan,0.007593693164982052,nan,0.002062535241158736,nan,1.0,nan,0.0,0.0,1.7121651689363998e-13,1.5892054922642745e-14
gaussian_qmc,40,0,10,0.5,0.7,1,0,10,0,1,0.007583012982223329,nan,0.007567983444835338,nan,0.0019820007460390476,nan,1.0,nan,0.0,0.0,1.223546529454491e-13,1.4587427349325052e-14
gaussian_qmc,40,0,10,1,0,0,0,10,0,1,0.006250000000000001,nan,0.006250000000000001,nan,0.0,nan,1.0,nan,0.0,0.0,1.3778599728022515e-16,3.715321132351446e-16
gaussian_qmc,40,0,10,1,0,1,0,10,0,1,0.006250000000000001,nan,0.006250000000000001,nan,0.0,nan,1.0,nan,0.0,0.0,1.1424000693413015e-15,3.915425448992759e-16
gaussian_qmc,40,0,10,1,0.7,0,0,10,0,1,0.005866465354773891,nan,0.005868569949531981,nan,-0.0003587500531947452,nan,1.0,nan,0.0,0.0,5.802085725219394e-14,1.138149542092057e-14
gaussian_qmc,40,0,10,1,0.7,1,0,10,0,1,0.0058161017141765865,nan,0.005818509248438979,nan,-0.0004139429433505093,nan,1.0,nan,0.0,0.0,1.1785520314005015e-13,1.2459717166961183e-14
gaussian_qmc,40,0,10,1.3,0,0,0,10,0,1,0.005434782608695638,nan,0.005444989695279857,nan,-0.0018781039314963444,nan,1.0,nan,0.0,0.0,6.067888694195119e-14,5.770446693472339e-15
gaussian_qmc,40,0,10,1.3,0,1,0,10,0,1,0.005414402173913036,nan,0.005424873081380486,nan,-0.0019338990956192514,nan,1.0,nan,0.0,0.0,3.2014522554581124e-15,6.63480811162041e-15
gaussian_qmc,40,0,10,1.3,0.7,0,0,10,0,1,0.005137146728311105,nan,0.005148440251553147,nan,-0.002198403868786114,nan,1.0,nan,0.0,0.0,1.8519948763142856e-13,1.2944711292571124e-14
gaussian_qmc,40,0,10,1.3,0.7,1,0,10,0,1,0.005072687233082023,nan,0.0050844802678630405,nan,-0.002324810152715129,nan,1.0,nan,0.0,0.0,1.3084847842492474e-13,1.2470022249424272e-14
gaussian_qmc,6,0,10,0.5,0,0,0,10,0,1,0.059523809523809534,nan,0.04877580405606819,nan,0.1805664918580545,nan,1.0,nan,0.0,0.0,2.2426462657414374e-14,2.5729320951559264e-15
gaussian_qmc,6,0,10,0.5,0,1,0,10,0,1,0.060651732842860386,nan,0.04970757676140026,nan,0.18044259526458717,nan,1.0,nan,0.0,0.0,7.3858645425239e-15,5.2592900053944355e-15
gaussian_qmc,6,0,10,0.5,0.7,0,0,10,0,1,0.051742980465012814,nan,0.04469956870246182,nan,0.13612303928478875,nan,1.0,nan,0.0,0.0,6.357191440046834e-15,8.33942989191361e-15
gaussian_qmc,6,0,10,0.5,0.7,1,0,10,0,1,0.049774010721161534,nan,0.046778176454412186,nan,0.06018872546824239,nan,1.0,nan,0.0,0.0,7.242629005635656e-15,5.851042311744545e-15
gaussian_qmc,6,0,10,1,0,0,0,10,0,1,0.04166666666666665,nan,0.04166666666666666,nan,-2.220446049250313e-16,nan,1.0,nan,0.0,0.0,2.4892413682157484e-17,4.3988537647931016e-16
gaussian_qmc,6,0,10,1,0,1,0,10,0,1,0.04166666666666665,nan,0.04166666666666665,nan,0.0,nan,1.0,nan,0.0,0.0,3.594226939377463e-18,3.365182023483386e-16
gaussian_qmc,6,0,10,1,0.7,0,0,10,0,1,0.03934268335972904,nan,0.03987690047378266,nan,-0.013578563240565389,nan,1.0,nan,0.0,0.0,4.51021673029624e-14,2.448755151070495e-15
gaussian_qmc,6,0,10,1,0.7,1,0,10,0,1,0.03684291305251618,nan,0.038012255395852144,nan,-0.031738596284967446,nan,1.0,nan,0.0,0.0,1.306654255598717e-13,3.134544970502121e-15
gaussian_qmc,6,0,10,1.3,0,0,0,10,0,1,0.036930258099945094,nan,0.03905242997872501,nan,-0.05746431213766878,nan,1.0,nan,0.0,0.0,3.978238184671259e-15,1.7394976096737841e-15
gaussian_qmc,6,0,10,1.3,0,1,0,10,0,1,0.035261612097939876,nan,0.03851251268964094,nan,-0.09219375968040322,nan,1.0,nan,0.0,0.0,0.0,3.0663808946335826e-15
gaussian_qmc,6,0,10,1.3,0.7,0,0,10,0,1,0.03579127740704055,nan,0.037980786947304564,nan,-0.06117438937324193,nan,1.0,nan,0.0,0.0,5.797217856975145e-14,6.962463280960992e-15
gaussian_qmc,6,0,10,1.3,0.7,1,0,10,0,1,0.03018810135364679,nan,0.03471296967366237,nan,-0.1498891323772824,nan,1.0,nan,0.0,0.0,6.998098096084101e-14,4.008727717561908e-15
gaussian_qmc,80,0,10,0.5,0,0,0,10,0,1,0.004166666666667379,nan,0.004163056510369523,nan,0.0008664375114852962,nan,1.0,nan,0.0,0.0,5.6152887258031824e-14,1.0948465865147548e-14
gaussian_qmc,80,0,10,0.5,0,1,0,10,0,1,0.0041796875000006,nan,0.004176021170546661,nan,0.0008771778880449776,nan,1.0,nan,0.0,0.0,4.157103067305036e-15,1.0593242137941099e-14
gaussian_qmc,80,0,10,0.5,0.7,0,0,10,0,1,0.003804693897226466,nan,0.003802733946872043,nan,0.0005151400894173319,nan,1.0,nan,0.0,0.0,1.6691645797781686e-13,2.4044363860166388e-14
gaussian_qmc,80,0,10,0.5,0.7,1,0,10,0,1,0.0037981001941690675,nan,0.003796182089932419,nan,0.000505016755374954,nan,1.0,nan,0.0,0.0,1.899958283219907e-14,2.0626667947038157e-14
gaussian_qmc,80,0,10,1,0,0,0,10,0,1,0.0031250000000000015,nan,0.0031250000000000015,nan,0.0,nan,1.0,nan,0.0,0.0,5.2012266720839434e-15,3.831787330532255e-16
gaussian_qmc,80,0,10,1,0,1,0,10,0,1,0.0031250000000000006,nan,0.0031250000000000006,nan,0.0,nan,1.0,nan,0.0,0.0,2.003781812880155e-15,3.7619787278971895e-16
gaussian_qmc,80,0,10,1,0.7,0,0,10,0,1,0.0029332326773869465,nan,0.0029334960379481536,nan,-8.978509043533478e-05,nan,1.0,nan,0.0,0.0,4.3275806714136813e-13,1.641437092368444e-14
gaussian_qmc,80,0,10,1,0.7,1,0,10,0,1,0.0029206417672375594,nan,0.0029209240715465518,nan,-9.665831399074953e-05,nan,1.0,nan,0.0,0.0,1.1761267146467656e-13,1.6079088949959987e-14
gaussian_qmc,80,0,10,1.3,0,0,0,10,0,1,0.0027173913043478364,nan,0.0027186694694670954,nan,-0.00047036476388728765,nan,1.0,nan,0.0,0.0,3.6652900422119e-14,8.545918084546747e-15
gaussian_qmc,80,0,10,1.3,0,1,0,10,0,1,0.0027122961956522074,nan,0.0027135908870216242,nan,-0.0004773414391436859,nan,1.0,nan,0.0,0.0,1.7238342869578838e-15,9.758467260303035e-15
gaussian_qmc,80,0,10,1.3,0.7,0,0,10,0,1,0.0025685733641171863,nan,0.002569987364151461,nan,-0.0005505001546881605,nan,1.0,nan,0.0,0.0,3.407000821540972e-13,1.9247205323013273e-14
gaussian_qmc,80,0,10,1.3,0.7,1,0,10,0,1,0.0025524584903290765,nan,0.002553903772336897,nan,-0.000566231346482704,nan,1.0,nan,0.0,0.0,1.4245696538171605e-13,1.907837212103828e-14
hs_crosscheck,10,2,10,1,0,0,0,10,0,6,0.046785899056208745,0.000718524919905295,0.03531504438457447,0.00011570511755463308,0.24426678264207222,0.012053120590075947,0.873888888888889,0.002750981867364433,0.0,0.0,4.368192663772145e-09,0.0
hs_crosscheck,10,2,10,1,0,0,1,10,0,6,0.04530702289882066,0.00019751781168634273,0.03536356070858285,0.00016623625707675718,0.21936158192237012,0.005958418161210996,1.0,0.0,0.0,0.0,1.4120878770686237e-11,0.0
hs_crosscheck,10,2,10,1,0,1,0,10,0,6,0.04558431630839946,0.0001197356875231931,0.03638810748707243,9.236223219937206e-05,0.201713736517754,0.0028851671157318235,0.867,0.004952365689842162,0.0,0.0,3.3587758363364174e-09,0.0
hs_crosscheck,10,2,10,1,0,1,1,10,0,6,0.04541831564017649,0.00026205628208458164,0.0362601638976368,0.0001235150362226572,0.2014932279723508,0.005759237554269364,1.0,0.0,0.0,0.0,9.318536465030804e-12,0.0
hs_crosscheck,10,2,18,1,0,0,0,10,0,6,0.045565012554920896,0.00024302693314544858,0.03530968674808151,4.70667028545645e-05,0.2249458137628859,0.004736192900355182,0.7903333333333333,0.004507606739559093,0.0,0.0,8.780687258500515e-09,0.0
hs_crosscheck,10,2,18,1,0,0,1,10,0,6,0.04562644680536829,0.00015419730949672167,0.03543942889343491,6.40229931738983e-05,0.22321103716852242,0.0036640879152242153,1.0,0.0,0.0,0.0,1.3938065243852638e-11,0.0
hs_crosscheck,10,2,18,1,0,1,0,10,0,6,0.04634917141617159,0.00014913417146867158,0.03643641537692758,8.428871074799738e-05,0.21383403587254834,0.0029500779670570297,0.7637777777777778,0.0061286616668862134,0.0,0.0,2.624892448670844e-09,0.0
hs_crosscheck,10,2,18,1,0,1,1,10,0,6,0.046538690038045415,0.00031794314636631257,0.03656273372272017,0.00013164001965501048,0.21418778032078756,0.005722458036233099,1.0,0.0,0.0,0.0,2.255189664363569e-11,0.0
hs_crosscheck,10,4,10,1,0,0,0,10,0,6,0.1048277303371244,0.017786168442472643,0.03025700206355714,0.010243005605368309,0.5081723023949143,0.2789284472654695,0.14188888888888887,0.009199704772504091,0.0,0.0,0.0007644277246398111,0.0
hs_crosscheck,10,4,10,1,0,0,1,10,0,6,0.12214295353190356,0.0005523950711055904,0.02972526677229025,0.00010432115029975794,0.7565924979535047,0.0019199894490849955,1.0,0.0,0.0,0.0,3.661792585503477e-09,0.0
hs_crosscheck,10,4,10,1,0,1,0,10,0,6,0.10849215450254568,0.015154753490311205,0.037916049065578654,0.007519946085378377,0.5297910964959865,0.19632661546692984,0.2845555555555555,0.002772439314590387,0.0,0.0,0.0022061640447778356,0.0
hs_crosscheck,10,4,10,1,0,1,1,10,0,6,0.10799657631983162,0.0007497698176664792,0.03434788866812158,0.00029229943602517597,0.6817866270330389,0.004859787307987377,1.0,0.0,0.0,0.0,4.716270616787148e-08,0.0
hs_crosscheck,10,4,18,1,0,0,0,10,0,6,0.1756131508769632,0.1291725108883268,-0.022258484405226698,0.07493312284079019,0.7913438744270872,0.3655965872255565,0.04044444444444444,0.007478694016840833,2.0,0.0,9.462489506582232e-05,0.0
hs_crosscheck,10,4,18,1,0,0,1,10,0,6,0.12261751335256958,0.0004272002075691071,0.02950781995651092,0.0001386787006639767,0.7593191688113944,0.0019106444728926326,1.0,0.0,0.0,0.0,5.45333014144982e-09,0.0
hs_crosscheck,10,4,18,1,0,1,0,10,0,6,0.14382254817657095,0.01462852746195346,0.03292410390994781,0.004619475174323884,0.7537392801435754,0.047782667011300156,0.10411111111111111,0.0078115141353274,0.0,0.0,1.3988168241068042e-05,0.0
hs_crosscheck,10,4,18,1,0,1,1,10,0,6,0.10607815096119322,0.0006215580565799363,0.034915786137064954,0.0001870716203510918,0.6707445554381674,0.00358695640420149,1.0,0.0,0.0,0.0,7.144981607493822e-08,0.0
hs_crosscheck,10,6,10,1,0,0,0,10,0,6,0.15512590718144917,0.018151027133064056,0.009981108122542055,0.008967797687864437,0.951551079552058,0.05682132360720279,0.15433333333333335,0.005296399895386662,1.0,0.0,0.0028847080685973445,0.0
hs_crosscheck,10,6,10,1,0,0,1,10,0,6,0.19350409897532428,0.0008343450962253028,0.013589092129707964,0.00025227165569463166,0.92973881598189,0.0016189652137951391,1.0,0.0,0.0,0.0,2.337614305065703e-08,0.0
hs_crosscheck,10,6,10,1,0,1,0,10,0,6,0.17851058218687924,0.019849785719010506,0.01560975987781671,0.005555766102226914,0.8912188545457642,0.045011254771558026,0.2558888888888889,0.008584942315933243,1.0,0.0,5.458821871189906e-06,0.0
hs_crosscheck,10,6,10,1,0,1,1,10,0,6,0.16793837230278838,0.0009698186386998377,0.020726940862617626,0.0002074004646156917,0.8765248573910541,0.0019398425055443423,1.0,0.0,0.0,0.0,2.454053162153827e-07,0.0
hs_crosscheck,10,6,18,1,0,0,0,10,0,6,0.31614608130354305,0.20859437496491878,-0.015199781301814286,0.03855065240178716,1.1872474326019808,0.10325064786293603,0.052222222222222225,0.008950343120535024,3.0,0.0,0.0006117545880769803,0.0
hs_crosscheck,10,6,18,1,0,0,1,10,0,6,0.19111192012103514,0.0015747180976819451,0.014225801522572407,0.0004452723641389327,0.9254432109231595,0.002913819136670625,1.0,0.0,0.0,0.0,5.28789531290687e-08,0.0
hs_crosscheck,10,6,18,1,0,1,0,10,0,6,0.16592026591716294,0.07199750466716412,0.027729556529948948,0.025035084183596783,1.1015764330668925,0.1457920200999623,0.11555555555555556,0.007417030785901615,3.0,0.0,0.008719342925954202,0.0
hs_crosscheck,10,6,18,1,0,1,1,10,0,6,0.16930573910092048,0.000853049284978682,0.020315388093053787,0.0002816057944696571,0.879950848387366,0.002283129874610485,1.0,0.0,0.0,0.0,3.4877128590230734e-06,0.0
hs_crosscheck,18,2,10,1,0,0,0,10,0,6,0.024161852958770883,0.00012339234119324702,0.02234462744504165,7.669531299352308e-05,0.07516838164013578,0.001797690669505074,0.7994444444444443,0.007129316972461468,0.0,0.0,2.4072187769841787e-09,0.0
hs_crosscheck,18,2,10,1,0,0,1,10,0,6,0.024113310660032857,8.332412410027048e-05,0.02234290014290645,6.102278726142828e-05,0.07334430620942202,0.004927207442723369,1.0,0.0,0.0,0.0,1.3942229015651968e-11,0.0
hs_crosscheck,18,2,10,1,0,1,0,10,0,6,0.024418934826131236,8.568186638479305e-05,0.02269325149221445,4.3592845216856755e-05,0.07064334986376199,0.001550577250008596,0.7884444444444444,0.002313673792856949,0.0,0.0,2.583830665027898e-08,0.0
hs_crosscheck,18,2,10,1,0,1,1,10,0,6,0.024349320271159672,0.00012710199443218993,0.022728735130289942,8.78166251842e-05,0.06636130240310667,0.00782653720953539,1.0,0.0,0.0,0.0,1.1016402229818793e-11,0.0
hs_crosscheck,18,2,18,1,0,0,0,10,0,6,0.02398356736749736,0.00011885197729891411,0.022252531572020298,6.921175851687492e-05,0.07213084951826253,0.00198684138227337,0.6649999999999999,0.0036747385898460395,0.0,0.0,3.0268031570420513e-09,0.0
hs_crosscheck,18,2,18,1,0,0,1,10,0,6,0.024047291335156293,6.842961920535233e-05,0.022457445262781598,9.604011129444093e-05,0.06606142677819708,0.005318457246253204,1.0,0.0,0.0,0.0,2.031789115241958e-11,0.0
hs_crosscheck,18,2,18,1,0,1,0,10,0,6,0.024526503212554052,8.446026287172683e-05,0.02273908135902054,6.760042292939566e-05,0.07286825037400803,0.0008502454648297075,0.6521111111111111,0.005367713263486827,0.0,0.0,1.6885601391079684e-09,0.0
hs_crosscheck,18,2,18,1,0,1,1,10,0,6,0.024537488436531234,8.723275254950411e-05,0.02275380929095289,5.122927619401112e-05,0.07262037476543164,0.004476978568913551,1.0,0.0,0.0,0.0,1.554657023398042e-11,0.0
hs_crosscheck,18,4,10,1,0,0,0,10,0,6,-0.24105841351387516,0.23314381898583747,0.12612052610859736,0.05983486444098605,1.0093258457970657,0.2371968343917263,0.01966666666666667,0.008382963322958898,0.0,0.0,0.004025863278553708,0.0
hs_crosscheck,18,4,10,1,0,0,1,10,0,6,0.09319718921345665,0.0010002409156829972,0.025247434717849956,0.000262225969414844,0.7288041503408448,0.0055912967369255474,1.0,0.0,0.0,0.0,9.168896530332747e-09,0.0
hs_crosscheck,18,4,10,1,0,1,0,10,0,6,0.05852699243334764,0.028060077635435148,0.022691807374844247,0.027652437846014285,-2.5048355945887595,2.348734242142927,0.04533333333333334,0.009831167369740577,0.0,0.0,0.00021505053257738058,0.0
hs_crosscheck,18,4,10,1,0,1,1,10,0,6,0.08082339769715345,0.0007704417125391198,0.028496898317973283,0.00019698631196421996,0.6471643821300976,0.0055230727229433054,1.0,0.0,0.0,0.0,2.132371426955259e-06,0.0
hs_crosscheck,18,4,18,1,0,0,0,10,0,6,-0.036138369997306095,0.20327316010896762,0.12692701626598027,0.0785499139553062,1.4542226010201118,0.2711804771889661,-0.0018888888888888896,0.007719943708615855,2.0,0.0,0.003235314926830212,0.0
hs_crosscheck,18,4,18,1,0,0,1,10,0,6,0.09374496515550225,0.0011462054319783751,0.02513213074459715,0.0001981052849912198,0.7316006604543183,0.005193274438422927,1.0,0.0,0.0,0.0,9.722026219583603e-09,0.0
hs_crosscheck,18,4,18,1,0,1,0,10,0,6,-0.497018426449845,0.43544886738106836,0.352225166971243,0.3261127417398397,-1.411057612728702,2.564679495641664,0.006777777777777778,0.0036894912493475773,0.0,0.0,0.0005459579091408957,0.0
hs_crosscheck,18,4,18,1,0,1,1,10,0,6,0.08088086263853465,0.00038210578483705536,0.028299478220278045,0.00011158705410039298,0.6500408790027906,0.0029619128070536706,1.0,0.0,0.0,0.0,4.220311198572095e-06,0.0
hs_crosscheck,18,6,10,1,0,0,0,10,0,6,0.19669541750907849,0.5110686985435777,0.2098707253358827,0.36239040147098883,0.9111161272948407,0.5877368896318628,0.01388888888888889,0.007145921741165669,2.0,0.0,0.019687052538916037,0.0
hs_crosscheck,18,6,10,1,0,0,1,10,0,6,0.1899291038826326,0.00170044092564823,0.00850077322552476,0.0003810667458704648,0.955133267621263,0.002450992281580854,1.0,0.0,0.0,0.0,3.169329211477111e-07,0.0
hs_crosscheck,18,6,10,1,0,1,0,10,0,6,-0.003501161593805711,0.260433271461681,-0.012518068778725832,0.08975095895650972,0.7670342484907481,0.3264442937816175,0.02644444444444444,0.009986163266746817,1.0,0.0,0.0001833127553658388,0.0
hs_crosscheck,18,6,10,1,0,1,1,10,0,6,0.1719274286110817,0.0013664179503335215,0.012316928135793668,0.00039266211967536484,0.9282510903041823,0.002834790886833795,1.0,0.0,0.0,0.0,2.1722408652439557e-06,0.0
hs_crosscheck,18,6,18,1,0,0,0,10,0,6,0.43395556754215464,0.21298741408598554,0.05048795912359041,0.13911822659772183,-2.3182931336800583,1.9520881335457336,0.0034444444444444444,0.00599608926048913,4.0,0.0,0.001670373217846394,0.0
hs_crosscheck,18,6,18,1,0,0,1,10,0,6,0.18967325443383123,0.0013013575508778958,0.008662504425554057,0.00034453974518566273,0.9542563449488634,0.0021467254157470647,1.0,0.0,0.0,0.0,8.247380096137259e-07,0.0
hs_crosscheck,18,6,18,1,0,1,0,10,0,6,0.8797202957205604,0.35639437706549054,-0.5658477373535563,0.15227715427107452,1.483427530489699,0.2427333772041931,-0.0011111111111111115,0.004981942702041018,3.0,0.0,0.0036367484070078406,0.0
hs_crosscheck,18,6,18,1,0,1,1,10,0,6,0.17618908671933772,0.0015014243292033548,0.011028195225750798,0.0003892328862931386,0.9372873317613467,0.0028154497845989937,1.0,0.0,0.0,0.0,3.6596499705575347e-05,0.0
known_physics,10,3.6,10,1,0,1,1,10,0,4,0.09339068806412087,0.00022572142430852415,0.03679604594360304,0.00010727230971482896,0.6059912051742578,0.0015506245758466586,1.0,0.0,0.0,0.0,7.400758356294592e-09,0.0
known_physics,10,3.8,10,1,0,1,1,10,0,4,0.09904475399521065,0.0008497520512569058,0.03599285109123851,0.0002427711503445197,0.6364652205325618,0.005420469843761565,1.0,0.0,0.0,0.0,2.3016237582727587e-08,0.0
known_physics,10,4,10,1,0,1,1,10,0,4,0.10438660499684474,0.000793261366702871,0.0353099476560937,0.0002557806195074715,0.6616360075578005,0.004747285799919304,1.0,0.0,0.0,0.0,1.7730795062322002e-07,0.0
known_physics,10,4,15,1,0,1,1,10,0,4,0.10585743789036922,0.0004848242475564735,0.035037016877452115,0.0002455498563696809,0.6689692568963208,0.003693442466854586,1.0,0.0,0.0,0.0,3.6712826705481107e-07,0.0
known_physics,10,4.2,10,1,0,1,1,10,0,4,0.11335708250121265,0.0009082759418006668,0.03328165774981902,0.0002816016524978802,0.706289558559358,0.00471555324585615,1.0,0.0,0.0,0.0,1.2027664467410084e-07,0.0
known_physics,10,4.4,10,1,0,1,1,10,0,4,0.12069670805294229,0.0010591926585699477,0.03187827653297922,0.0003577320820692974,0.7357402543029044,0.0053610688763795055,1.0,0.0,0.0,0.0,2.6980022403560335e-07,0.0
known_physics,18,3.6,18,1,0,1,1,10,0,4,0.06079297517530695,0.00034015355581673893,0.03039362701247224,0.0002560591986765873,0.49994461562327797,0.006653876751270838,1.0,0.0,0.0,0.0,6.937289969979603e-08,0.0
known_physics,18,3.8,18,1,0,1,1,10,0,4,0.0698502816232221,0.0004622203165063195,0.029765169158735706,0.00018518860192159127,0.5737677466994673,0.005321324953804416,1.0,0.0,0.0,0.0,5.032851508185967e-07,0.0
known_physics,18,4,18,1,0,1,1,10,0,4,0.07944330921378137,0.0013265817184215617,0.028728489372035787,0.00028858092635453267,0.6379196342076315,0.009255356576247565,1.0,0.0,0.0,0.0,7.67851259157454e-08,0.0
known_physics,18,4,27,1,0,1,1,10,0,4,0.0795188960781346,0.0010634286531174004,0.02867178110880915,0.00018051771169749078,0.6391740072850508,0.006697781858209883,1.0,0.0,0.0,0.0,4.19095075812843e-07,0.0
known_physics,18,4.2,18,1,0,1,1,10,0,4,0.08904448203899662,0.0003997492341821169,0.027748656271548766,7.787601355326646e-05,0.6883499303317138,0.0019042601251584759,1.0,0.0,0.0,0.0,4.3670759028545766e-07,0.0
known_physics,18,4.4,18,1,0,1,1,10,0,4,0.10184316234212544,0.0018352128589235446,0.025446380383739108,0.000516842395422474,0.7496468469805826,0.009227324564439135,1.0,0.0,0.0,0.0,2.9050241963274954e-06,0.0
known_physics,26,3.6,26,1,0,1,1,10,0,4,0.046245802801253906,0.0007214489506539034,0.025523778090367794,0.00016823809993644117,0.44760452366618675,0.010782093441146565,1.0,0.0,0.0,0.0,1.2004073632761218e-07,0.0
known_physics,26,3.8,26,1,0,1,1,10,0,4,0.054705127067513834,0.0006826082244054798,0.02595786798176486,0.00014038597659044833,0.5252326328600359,0.007398464404955409,1.0,0.0,0.0,0.0,1.4082084081805973e-06,0.0
known_physics,26,4,26,1,0,1,1,10,0,4,0.06457220211412532,0.0010266262849093848,0.02555754751555651,0.00033461700251739477,0.6037253142800055,0.010620822421153935,1.0,0.0,0.0,0.0,4.464711048631079e-06,0.0
known_physics,26,4.2,26,1,0,1,1,10,0,4,0.08180390995491738,0.0009363932922738027,0.023299423927928033,0.00021117918189521943,0.7149848139946415,0.005758403300755089,1.0,0.0,0.0,0.0,1.55564241863112e-06,0.0
known_physics,26,4.4,26,1,0,1,1,10,0,4,0.09351761263548351,0.0018161016107457208,0.02184361414188167,0.0002956617346033487,0.7659870625942998,0.007602745224764902,1.0,0.0,0.0,0.0,1.6413404628593089e-06,0.0
known_physics,34,3.6,34,1,0,1,1,10,0,4,0.035130208631397854,0.00025322860607358914,0.0224838805185523,0.00016209207198037069,0.35981226032486446,0.00857047770941134,1.0,0.0,0.0,0.0,5.856154594305364e-07,0.0
known_physics,34,3.8,34,1,0,1,1,10,0,4,0.04571195371348614,0.0006450067109578763,0.02259530896289898,7.707205360997911e-05,0.5053675220319627,0.008035761320244935,1.0,0.0,0.0,0.0,0.00015120538992472707,0.0
stability,10,4,10,1,0,0,0,10,0,6,0.144557878936539,0.028675836264822483,0.030877997550431618,0.006027252243164968,0.7179128283007447,0.09531332467466987,0.14144444444444443,0.006918395589359154,0.0,0.0,3.9608102984422033e-05,1.0658662767396451e-13
stability,10,4,10,1,0,0,0,10,1,6,0.144557878936539,0.028675836264822483,0.030877997550431618,0.006027252243164968,0.7179128283007447,0.09531332467466987,0.14144444444444443,0.006918395589359154,0.0,0.0,8.454329134494371e-05,1.0658662767396451e-13
stability,10,6,10,1,0,0,0,10,0,6,0.1775604137074582,0.015682882544199188,0.014762656386925923,0.0031392380800254836,0.9138025408367875,0.01770276493192506,0.14777777777777779,0.008887222065942918,3.0,0.0,0.0003013112945556326,5.142868521679819e-13
stability,18,4,18,1,0,0,0,10,0,6,-1.3373836621322708,1.956875833788919,0.9450875084082307,1.3668418913686815,1.2087663597034035,0.4900916499479298,-0.0026666666666666657,0.0060467315934282185,0.0,0.0,0.0004504152105607477,8.42299242958862e-12
stability,18,4,18,1,0,0,0,20,0,6,-1.3373836621214086,1.956875833778406,0.9450875084778555,1.366841891439972,1.208766359720687,0.4900916499412363,-0.0026666666666666657,0.0060467315934282185,4.0,0.0,0.02429407028832073,2.876278987050345e-11
stability,18,4,18,1,0,0,0,5,0,6,-1.3373836621345765,1.9568758337912346,0.9450875084136388,1.3668418913740819,1.2087663597228369,0.4900916499289739,-0.0026666666666666657,0.0060467315934282185,0.0,0.0,8.744212831550005e-05,5.134206543657127e-12
