comparison,group,seed,observable,left,right,difference
hs0_minus_hs1,18|4|18|1,720116,S_pi,-0.2678581111108079,0.07943093829742658,-0.34728904940823446
hs0_minus_hs1,18|4|18|1,720116,S_pi_dq,0.17740996897395722,0.02862410848906522,0.148785860484892
hs0_minus_hs1,18|4|18|1,720116,R_cdw,1.6623281566432238,0.6396352718145772,1.0226928848286465
hs0_minus_hs1,18|4|18|1,720116,average_sign,0.011333333333333334,1,-0.9886666666666667
hs0_minus_hs1,18|6|10|0,720123,S_pi,0.6642112065643344,0.1923782255479735,0.4718329810163609
hs0_minus_hs1,18|6|10|0,720123,S_pi_dq,0.14403430533714084,0.0078078506189257916,0.13622645471821504
hs0_minus_hs1,18|6|10|0,720123,R_cdw,0.7831498416261817,0.9594140626014936,-0.1762642209753119
hs0_minus_hs1,18|6|10|0,720123,average_sign,0.005333333333333333,1,-0.9946666666666667
hs0_minus_hs1,10|2|18|1,720019,S_pi,0.04700204468243601,0.04724639890246129,-0.00024435422002527796
hs0_minus_hs1,10|2|18|1,720019,S_pi_dq,0.03666018892459078,0.03694038216801817,-0.0002801932434273874
hs0_minus_hs1,10|2|18|1,720019,R_cdw,0.22002991205422673,0.21813338103755942,0.0018965310166673133
hs0_minus_hs1,10|2|18|1,720019,average_sign,0.7566666666666667,1,-0.2433333333333333
hs0_minus_hs1,10|4|18|0,720035,S_pi,0.7585955113779788,0.12354446275207175,0.635051048625907
hs0_minus_hs1,10|4|18|0,720035,S_pi_dq,-0.3800122207302544,0.029355983255842006,-0.4093682039860964
hs0_minus_hs1,10|4|18|0,720035,R_cdw,1.5009418260859033,0.762385277317095,0.7385565487688083
hs0_minus_hs1,10|4|18|0,720035,average_sign,0.018666666666666668,1,-0.9813333333333333
hs0_minus_hs1,10|2|18|0,720007,S_pi,0.04569560226023929,0.045927060721925594,-0.00023145846168630413
hs0_minus_hs1,10|2|18|0,720007,S_pi_dq,0.035284239302743325,0.035260510323404035,2.3728979339290857e-05
hs0_minus_hs1,10|2|18|0,720007,R_cdw,0.22784168371832825,0.23224979414868896,-0.004408110430360712
hs0_minus_hs1,10|2|18|0,720007,average_sign,0.8033333333333333,1,-0.19666666666666666
hs0_minus_hs1,18|4|10|1,720112,S_pi,0.07423666260107727,0.08143225878592934,-0.007195596184852077
hs0_minus_hs1,18|4|10|1,720112,S_pi_dq,0.04822556156735611,0.028282649929139272,0.019942911638216834
hs0_minus_hs1,18|4|10|1,720112,R_cdw,0.35038079733589356,0.6526849389811323,-0.3023041416452388
hs0_minus_hs1,18|4|10|1,720112,average_sign,0.07266666666666667,1,-0.9273333333333333
hs0_minus_hs1,18|4|10|0,720102,S_pi,-0.23156971262824608,0.0963872466101395,-0.3279569592383856
hs0_minus_hs1,18|4|10|0,720102,S_pi_dq,0.21818201397958484,0.02458936996962146,0.19359264400996337
hs0_minus_hs1,18|4|10|0,720102,R_cdw,1.9421871776895392,0.7448897978268967,1.1972973798626425
hs0_minus_hs1,18|4|10|0,720102,average_sign,-0.014,1,-1.014
hs0_minus_hs1,18|2|10|1,720087,S_pi,0.02435001111164878,0.023861984518093526,0.0004880265935552526
hs0_minus_hs1,18|2|10|1,720087,S_pi_dq,0.022655236800540924,0.02284371460894225,-0.00018847780840132444
hs0_minus_hs1,18|2|10|1,720087,R_cdw,0.06960055596430892,0.042673311952707293,0.026927244011601625
hs0_minus_hs1,18|2|10|1,720087,average_sign,0.7866666666666666,1,-0.21333333333333337
hs0_minus_hs1,18|6|18|0,720131,S_pi,0.32428916460947194,0.19204844611189506,0.13224071849757688
hs0_minus_hs1,18|6|18|0,720131,S_pi_dq,0.1093522653086492,0.007967744228610333,0.10138452108003886
hs0_minus_hs1,18|6|18|0,720131,R_cdw,0.6627939590879097,0.9585118005903156,-0.2957178415024059
hs0_minus_hs1,18|6|18|0,720131,average_sign,-0.012666666666666666,1,-1.0126666666666666
hs0_minus_hs1,10|6|10|1,720062,S_pi,0.17232919215080256,0.17073676573673402,0.0015924264140685374
hs0_minus_hs1,10|6|10|1,720062,S_pi_dq,0.011941233646391495,0.020276799115245863,-0.008335565468854368
hs0_minus_hs1,10|6|10|1,720062,R_cdw,0.9307068437021285,0.8812394095217225,0.049467434180406
hs0_minus_hs1,10|6|10|1,720062,average_sign,0.258,1,-0.742
hs0_minus_hs1,18|6|10|1,720134,S_pi,0.37215948515466235,0.17762601794142935,0.194533467213233
hs0_minus_hs1,18|6|10|1,720134,S_pi_dq,0.046344046499834854,0.010993535001984476,0.03535051149785038
hs0_minus_hs1,18|6|10|1,720134,R_cdw,0.8754726176585956,0.9381085320191691,-0.06263591436057347
hs0_minus_hs1,18|6|10|1,720134,average_sign,0.052,1,-0.948
hs0_minus_hs1,18|6|10|1,720133,S_pi,-0.41779446878085313,0.17279520595306727,-0.5905896747339204
hs0_minus_hs1,18|6|10|1,720133,S_pi_dq,0.12406770843159133,0.011957404039956172,0.11211030439163516
hs0_minus_hs1,18|6|10|1,720133,R_cdw,1.2969587146369546,0.9308001401196054,0.3661585745173491
hs0_minus_hs1,18|6|10|1,720133,average_sign,0.008666666666666666,1,-0.9913333333333333
hs0_minus_hs1,10|6|18|0,720057,S_pi,0.2578894326201428,0.19499932202357184,0.06289011059657096
hs0_minus_hs1,10|6|18|0,720057,S_pi_dq,-0.08318327276787127,0.013222436623473798,-0.09640570939134507
hs0_minus_hs1,10|6|18|0,720057,R_cdw,1.322554018296654,0.9321923969465112,0.39036162135014274
hs0_minus_hs1,10|6|18|0,720057,average_sign,0.03933333333333333,1,-0.9606666666666667
hs0_minus_hs1,18|6|18|1,720143,S_pi,0.7166721260524336,0.17707425350684214,0.5395978725455914
hs0_minus_hs1,18|6|18|1,720143,S_pi_dq,-0.7056590763439715,0.010899262974677129,-0.7165583393186487
hs0_minus_hs1,18|6|18|1,720143,R_cdw,1.9846330709565558,0.9384480648156115,1.0461850061409443
hs0_minus_hs1,18|6|18|1,720143,average_sign,0.011333333333333334,1,-0.9886666666666667
hs0_minus_hs1,10|2|18|0,720011,S_pi,0.04525116625707961,0.04517733475131722,7.383150576238673e-05
hs0_minus_hs1,10|2|18|0,720011,S_pi_dq,0.03549935543312044,0.035661272885215665,-0.00016191745209522684
hs0_minus_hs1,10|2|18|0,720011,R_cdw,0.2155040771448291,0.2106379652204715,0.004866111924357597
hs0_minus_hs1,10|2|18|0,720011,average_sign,0.798,1,-0.20199999999999996
hs0_minus_hs1,18|6|10|1,720136,S_pi,0.8557471534400032,0.16747580750830293,0.6882713459317003
hs0_minus_hs1,18|6|10|1,720136,S_pi_dq,-0.45154880743296194,0.013960831436337095,-0.465509638869299
hs0_minus_hs1,18|6|10|1,720136,R_cdw,1.5276661518741705,0.9166397126603198,0.6110264392138507
hs0_minus_hs1,18|6|10|1,720136,average_sign,0.03266666666666666,1,-0.9673333333333334
hs0_minus_hs1,10|2|10|0,720004,S_pi,0.046160828370629486,0.045941371420160484,0.00021945695046900193
hs0_minus_hs1,10|2|10|0,720004,S_pi_dq,0.03500799984526994,0.03508878920342035,-8.078935815040988e-05
hs0_minus_hs1,10|2|10|0,720004,R_cdw,0.2416080672515768,0.2362267795074504,0.005381287744126384
hs0_minus_hs1,10|2|10|0,720004,average_sign,0.8666666666666667,1,-0.1333333333333333
hs0_minus_hs1,18|6|18|1,720141,S_pi,0.8840179496914298,0.17898455846829964,0.7050333912231301
hs0_minus_hs1,18|6|18|1,720141,S_pi_dq,-0.92256516440736,0.01036000842125365,-0.9329251728286136
hs0_minus_hs1,18|6|18|1,720141,R_cdw,2.0436045611170965,0.9421178647481563,1.1014866963689403
hs0_minus_hs1,18|6|18|1,720141,average_sign,-0.011333333333333334,1,-1.0113333333333334
hs0_minus_hs1,10|2|10|1,720015,S_pi,0.04520070765032975,0.0449196782404945,0.00028102940983525115
hs0_minus_hs1,10|2|10|1,720015,S_pi_dq,0.03651897679259248,0.036127413581512245,0.0003915632110802342
hs0_minus_hs1,10|2|10|1,720015,R_cdw,0.19207068448792164,0.1957330284493476,-0.003662343961425951
hs0_minus_hs1,10|2|10|1,720015,average_sign,0.876,1,-0.124
hs0_minus_hs1,10|6|10|0,720049,S_pi,0.07957334832300691,0.19531019343253736,-0.11573684510953045
hs0_minus_hs1,10|6|10|0,720049,S_pi_dq,-0.005688484752100289,0.012975588518390098,-0.018664073270490387
hs0_minus_hs1,10|6|10|0,720049,R_cdw,1.0714873116688441,0.933564202203957,0.13792310946488717
hs0_minus_hs1,10|6|10|0,720049,average_sign,0.16733333333333333,1,-0.8326666666666667
hs0_minus_hs1,18|4|18|1,720119,S_pi,-2.5325508614919228,0.08153645733592167,-2.6140873188278446
hs0_minus_hs1,18|4|18|1,720119,S_pi_dq,1.9556361361787258,0.028073498669371384,1.9275626375093544
hs0_minus_hs1,18|4|18|1,720119,R_cdw,1.7722001425182288,0.6556939118201873,1.1165062306980413
hs0_minus_hs1,18|4|18|1,720119,average_sign,0.0033333333333333335,1,-0.9966666666666667
hs0_minus_hs1,18|4|18|0,720105,S_pi,0.064185335224722,0.09790571806888915,-0.033720382844167146
hs0_minus_hs1,18|4|18|0,720105,S_pi_dq,0.050769665766964185,0.024655852942785803,0.026113812824178382
hs0_minus_hs1,18|4|18|0,720105,R_cdw,0.20901455777690725,0.7481673856328057,-0.5391528278558985
hs0_minus_hs1,18|4|18|0,720105,average_sign,0.030666666666666665,1,-0.9693333333333334
hs0_minus_hs1,18|2|10|0,720075,S_pi,0.024408466523209892,0.024016125642739805,0.00039234088047008717
hs0_minus_hs1,18|2|10|0,720075,S_pi_dq,0.022420878074818264,0.022451146562043233,-3.0268487224968665e-05
hs0_minus_hs1,18|2|10|0,720075,R_cdw,0.08143028758081294,0.0651636781043271,0.016266609476485838
hs0_minus_hs1,18|2|10|0,720075,average_sign,0.7906666666666666,1,-0.20933333333333337
hs0_minus_hs1,18|6|10|0,720122,S_pi,0.5257453046002841,0.19236675749850268,0.33337854710178144
hs0_minus_hs1,18|6|10|0,720122,S_pi_dq,-0.19817260354395708,0.007941206482319645,-0.2061138100262767
hs0_minus_hs1,18|6|10|0,720122,R_cdw,1.3769365162369345,0.9587184054792759,0.4182181107576586
hs0_minus_hs1,18|6|10|0,720122,average_sign,0.012,1,-0.988
hs0_minus_hs1,18|6|10|0,720125,S_pi,-0.17421532137055007,0.18718133297916256,-0.36139665434971263
hs0_minus_hs1,18|6|10|0,720125,S_pi_dq,0.13824698727671608,0.009316506323217181,0.1289304809534989
hs0_minus_hs1,18|6|10|0,720125,R_cdw,1.7935409250410843,0.9502273748405546,0.8433135502005297
hs0_minus_hs1,18|6|10|0,720125,average_sign,0.036,1,-0.964
hs0_minus_hs1,10|4|18|0,720034,S_pi,0.09525384605610449,0.12084903439235888,-0.02559518833625439
hs0_minus_hs1,10|4|18|0,720034,S_pi_dq,0.01719234217974415,0.030155264728132954,-0.012962922548388805
hs0_minus_hs1,10|4|18|0,720034,R_cdw,0.8195102571541535,0.7504716121253541,0.06903864502879942
hs0_minus_hs1,10|4|18|0,720034,average_sign,0.04933333333333333,1,-0.9506666666666667
hs0_minus_hs1,10|6|18|1,720072,S_pi,0.20376455377514535,0.1683048045603658,0.03545974921477954
hs0_minus_hs1,10|6|18|1,720072,S_pi_dq,0.014139282912382608,0.020506112541686623,-0.006366829629304014
hs0_minus_hs1,10|6|18|1,720072,R_cdw,0.9306097029614614,0.8781608606168357,0.05244884234462566
hs0_minus_hs1,10|6|18|1,720072,average_sign,0.10266666666666667,1,-0.8973333333333333
hs0_minus_hs1,18|4|10|1,720113,S_pi,0.051217306301158595,0.0835042862600949,-0.032286979958936306
hs0_minus_hs1,18|4|10|1,720113,S_pi_dq,0.04082878914069204,0.02793535464373925,0.01289343449695279
hs0_minus_hs1,18|4|10|1,720113,R_cdw,0.2028321657406562,0.6654620272218408,-0.46262986148118457
hs0_minus_hs1,18|4|10|1,720113,average_sign,0.051333333333333335,1,-0.9486666666666667
hs0_minus_hs1,18|2|10|1,720086,S_pi,0.024608060163492314,0.024257359491947975,0.0003507006715443399
hs0_minus_hs1,18|2|10|1,720086,S_pi_dq,0.02277801488646299,0.02271545655074287,6.255833572011912e-05
hs0_minus_hs1,18|2|10|1,720086,R_cdw,0.07436771792944163,0.0635643356696316,0.010803382259810035
hs0_minus_hs1,18|2|10|1,720086,average_sign,0.7926666666666666,1,-0.20733333333333337
hs0_minus_hs1,10|6|10|1,720065,S_pi,0.26582627473599607,0.16910049609660588,0.09672577863939019
hs0_minus_hs1,10|6|10|1,720065,S_pi_dq,-0.0019113430228529906,0.020296863523690867,-0.022208206546543856
hs0_minus_hs1,10|6|10|1,720065,R_cdw,1.0071901960208833,0.8799715909047634,0.12721860511611993
hs0_minus_hs1,10|6|10|1,720065,average_sign,0.234,1,-0.766
hs0_minus_hs1,10|4|10|0,720028,S_pi,0.14851638200333037,0.1211890771676408,0.02732730483568957
hs0_minus_hs1,10|4|10|0,720028,S_pi_dq,0.018566237377085962,0.029764969789530124,-0.011198732412444162
hs0_minus_hs1,10|4|10|0,720028,R_cdw,0.8749886232976667,0.7543923059307048,0.12059631736696186
hs0_minus_hs1,10|4|10|0,720028,average_sign,0.14066666666666666,1,-0.8593333333333333
hs0_minus_hs1,10|4|10|0,720026,S_pi,0.1262212111710123,0.12377966016684132,0.0024415510041709693
hs0_minus_hs1,10|4|10|0,720026,S_pi_dq,0.02570564428160218,0.02941688866603948,-0.0037112443844373004
hs0_minus_hs1,10|4|10|0,720026,R_cdw,0.796344496752019,0.7623447291227916,0.033999767629227406
hs0_minus_hs1,10|4|10|0,720026,average_sign,0.132,1,-0.868
hs0_minus_hs1,18|6|18|0,720127,S_pi,0.6351634682099492,0.19166622383691803,0.4434972443730312
hs0_minus_hs1,18|6|18|0,720127,S_pi_dq,-0.017371910708445872,0.008144869226289389,-0.02551677993473526
hs0_minus_hs1,18|6|18|0,720127,R_cdw,1.027350298904004,0.9575049319424189,0.06984536696158505
hs0_minus_hs1,18|6|18|0,720127,average_sign,0.006666666666666667,1,-0.9933333333333333
hs0_minus_hs1,10|6|18|0,720056,S_pi,1.2815403933365277,0.19053593196263566,1.091004461373892
hs0_minus_hs1,10|6|18|0,720056,S_pi_dq,-0.12493609925042953,0.01426061925225905,-0.13919671850268858
hs0_minus_hs1,10|6|18|0,720056,R_cdw,1.0974890061211062,0.9251552234512093,0.17233378266989696
hs0_minus_hs1,10|6|18|0,720056,average_sign,0.016666666666666666,1,-0.9833333333333333
hs0_minus_hs1,10|6|18|0,720059,S_pi,0.3243297608723915,0.18878073842764345,0.13554902244474806
hs0_minus_hs1,10|6|18|0,720059,S_pi_dq,-0.03820144828822617,0.014886733150196771,-0.05308818143842294
hs0_minus_hs1,10|6|18|0,720059,R_cdw,1.11778582448145,0.9211427327057383,0.1966430917757117
hs0_minus_hs1,10|6|18|0,720059,average_sign,0.08,1,-0.92
hs0_minus_hs1,10|2|18|0,720010,S_pi,0.046673994410426904,0.045280513953521166,0.001393480456905738
hs0_minus_hs1,10|2|18|0,720010,S_pi_dq,0.03515703377555966,0.03532878064272969,-0.00017174686717003063
hs0_minus_hs1,10|2|18|0,720010,R_cdw,0.24675326764606997,0.21977960146403308,0.026973666182036893
hs0_minus_hs1,10|2|18|0,720010,average_sign,0.7846666666666666,1,-0.21533333333333338
hs0_minus_hs1,10|4|10|0,720030,S_pi,0.11845405608441702,0.12112577549399149,-0.0026717194095744745
hs0_minus_hs1,10|4|10|0,720030,S_pi_dq,0.013373558443422898,0.030040044324588375,-0.016666485881165476
hs0_minus_hs1,10|4|10|0,720030,R_cdw,0.8870991936832273,0.7519929659721475,0.13510622771107983
hs0_minus_hs1,10|4|10|0,720030,average_sign,0.112,1,-0.888
hs0_minus_hs1,10|2|10|0,720005,S_pi,0.046629020213237206,0.04456649475479226,0.0020625254584449443
hs0_minus_hs1,10|2|10|0,720005,S_pi_dq,0.035611815247564856,0.035889866724299155,-0.00027805147673429925
hs0_minus_hs1,10|2|10|0,720005,R_cdw,0.23627356773292763,0.1946894876573192,0.04158408007560843
hs0_minus_hs1,10|2|10|0,720005,average_sign,0.8753333333333333,1,-0.1246666666666667
hs0_minus_hs1,10|2|10|1,720016,S_pi,0.04571074876117019,0.04575996714669076,-4.921838552057051e-05
hs0_minus_hs1,10|2|10|1,720016,S_pi_dq,0.03636135791329741,0.03610675203684487,0.0002546058764525336
hs0_minus_hs1,10|2|10|1,720016,R_cdw,0.20453374974716654,0.2109532788540034,-0.006419529106836852
hs0_minus_hs1,10|2|10|1,720016,average_sign,0.8453333333333334,1,-0.15466666666666662
hs0_minus_hs1,10|2|10|1,720018,S_pi,0.045438803279889424,0.046342555450209016,-0.0009037521703195925
hs0_minus_hs1,10|2|10|1,720018,S_pi_dq,0.03662366140755182,0.03641311138028437,0.00021055002726744904
hs0_minus_hs1,10|2|10|1,720018,R_cdw,0.19400030889983988,0.21426190190553807,-0.020261593005698186
hs0_minus_hs1,10|2|10|1,720018,average_sign,0.8706666666666667,1,-0.1293333333333333
hs0_minus_hs1,10|4|10|1,720037,S_pi,0.05040975818891954,0.10750495497183228,-0.05709519678291274
hs0_minus_hs1,10|4|10|1,720037,S_pi_dq,0.07106144994456196,0.03463709224303697,0.03642435770152499
hs0_minus_hs1,10|4|10|1,720037,R_cdw,-0.40967646935036917,0.6778093414195434,-1.0874858107699126
hs0_minus_hs1,10|4|10|1,720037,average_sign,0.2773333333333333,1,-0.7226666666666667
hs0_minus_hs1,10|4|10|1,720038,S_pi,0.08303587488019447,0.10807676045349231,-0.02504088557329784
hs0_minus_hs1,10|4|10|1,720038,S_pi_dq,0.04603156364418911,0.03423893544828384,0.01179262819590527
hs0_minus_hs1,10|4|10|1,720038,R_cdw,0.4456424562202276,0.6831979853521093,-0.23755552913188172
hs0_minus_hs1,10|4|10|1,720038,average_sign,0.2813333333333333,1,-0.7186666666666667
hs0_minus_hs1,18|4|18|1,720118,S_pi,-0.13560611086643212,0.08156155637123053,-0.21716766723766265
hs0_minus_hs1,18|4|18|1,720118,S_pi_dq,-0.030916540137150124,0.028352722747353384,-0.05926926288450351
hs0_minus_hs1,18|4|18|1,720118,R_cdw,0.7720121907514774,0.6523763889655945,0.11963580178588296
hs0_minus_hs1,18|4|18|1,720118,average_sign,-0.009333333333333334,1,-1.0093333333333334
hs0_minus_hs1,18|2|18|1,720091,S_pi,0.024389246449479283,0.024771854903619914,-0.0003826084541406309
hs0_minus_hs1,18|2|18|1,720091,S_pi_dq,0.022558452922606623,0.022571519270918324,-1.3066348311701476e-05
hs0_minus_hs1,18|2|18|1,720091,R_cdw,0.07506560445256183,0.08882401585438215,-0.013758411401820325
hs0_minus_hs1,18|2|18|1,720091,average_sign,0.6513333333333333,1,-0.3486666666666667
hs0_minus_hs1,18|2|10|0,720074,S_pi,0.023612994859556643,0.023808667228176407,-0.0001956723686197641
hs0_minus_hs1,18|2|10|0,720074,S_pi_dq,0.02199025319142021,0.0223646609323778,-0.00037440774095759063
hs0_minus_hs1,18|2|10|0,720074,R_cdw,0.06872239958497584,0.060650446409267866,0.008071953175707969
hs0_minus_hs1,18|2|10|0,720074,average_sign,0.7793333333333333,1,-0.22066666666666668
hs0_minus_hs1,18|2|18|0,720082,S_pi,0.023782903753239305,0.024243381221569223,-0.0004604774683299173
hs0_minus_hs1,18|2|18|0,720082,S_pi_dq,0.02208118850602607,0.022444467801446467,-0.00036327929542039755
hs0_minus_hs1,18|2|18|0,720082,R_cdw,0.07155203859333015,0.07420224941734899,-0.0026502108240188393
hs0_minus_hs1,18|2|18|0,720082,average_sign,0.6786666666666666,1,-0.32133333333333336
hs0_minus_hs1,18|6|10|0,720124,S_pi,0.09453242410767657,0.19190788143089418,-0.09737545732321762
hs0_minus_hs1,18|6|10|0,720124,S_pi_dq,0.2749263580697842,0.008053324252834232,0.26687303381695
hs0_minus_hs1,18|6|10|0,720124,R_cdw,-1.9082757653250386,0.9580354689302626,-2.866311234255301
hs0_minus_hs1,18|6|10|0,720124,average_sign,0.03,1,-0.97
hs0_minus_hs1,18|4|10|1,720110,S_pi,0.1878658856132735,0.08191366756149718,0.10595221805177632
hs0_minus_hs1,18|4|10|1,720110,S_pi_dq,-0.10812266323323581,0.028664258007695988,-0.1367869212409318
hs0_minus_hs1,18|4|10|1,720110,R_cdw,1.5755311182776897,0.6500674568602838,0.9254636614174059
hs0_minus_hs1,18|4|10|1,720110,average_sign,0.015333333333333332,1,-0.9846666666666667
hs0_minus_hs1,18|6|18|1,720139,S_pi,-0.3118007657739342,0.17790574858255986,-0.48970651435649404
hs0_minus_hs1,18|6|18|1,720139,S_pi_dq,-0.17418948242682766,0.010496697242815316,-0.18468617966964299
hs0_minus_hs1,18|6|18|1,720139,R_cdw,0.4413436349507853,0.9409985493642204,-0.4996549144134351
hs0_minus_hs1,18|6|18|1,720139,average_sign,-0.016,1,-1.016
hs0_minus_hs1,10|4|10|1,720041,S_pi,0.15350685290493427,0.10608472923376819,0.04742212367116608
hs0_minus_hs1,10|4|10|1,720041,S_pi_dq,0.03551706377972469,0.03525771990898903,0.00025934387073565934
hs0_minus_hs1,10|4|10|1,720041,R_cdw,0.7686288064173906,0.6676456624468998,0.1009831439704908
hs0_minus_hs1,10|4|10|1,720041,average_sign,0.278,1,-0.722
hs0_minus_hs1,18|4|10|1,720111,S_pi,0.008508616531564869,0.0806839916280186,-0.07217537509645373
hs0_minus_hs1,18|4|10|1,720111,S_pi_dq,0.016438994696153165,0.02807532963761156,-0.011636334941458396
hs0_minus_hs1,18|4|10|1,720111,R_cdw,-0.9320408476711284,0.6520334570573969,-1.5840743047285253
hs0_minus_hs1,18|4|10|1,720111,average_sign,0.05533333333333333,1,-0.9446666666666667
hs0_minus_hs1,18|4|10|1,720114,S_pi,0.02568906156063365,0.07854495491212095,-0.0528558933514873
hs0_minus_hs1,18|4|10|1,720114,S_pi_dq,0.08432018386506968,0.029194510508642243,0.05512567335642743
hs0_minus_hs1,18|4|10|1,720114,R_cdw,-2.282338035823128,0.6283082657402228,-2.910646301563351
hs0_minus_hs1,18|4|10|1,720114,average_sign,0.016,1,-0.984
hs0_minus_hs1,18|2|10|1,720085,S_pi,0.024611036255681232,0.02482253500465843,-0.00021149874897719717
hs0_minus_hs1,18|2|10|1,720085,S_pi_dq,0.022821592894438605,0.022320398498288027,0.0005011943961505776
hs0_minus_hs1,18|2|10|1,720085,R_cdw,0.07270898074556087,0.10080100625906374,-0.028092025513502872
hs0_minus_hs1,18|2|10|1,720085,average_sign,0.778,1,-0.22199999999999998
hs0_minus_hs1,10|6|10|1,720064,S_pi,0.170252152895997,0.16720858565396748,0.0030435672420295046
hs0_minus_hs1,10|6|10|1,720064,S_pi_dq,0.015305450893178972,0.020774994967692577,-0.005469544074513605
hs0_minus_hs1,10|6|10|1,720064,R_cdw,0.9101012784106836,0.8757540177351555,0.03434726067552807
hs0_minus_hs1,10|6|10|1,720064,average_sign,0.252,1,-0.748
hs0_minus_hs1,10|4|10|0,720029,S_pi,0.042768177963589754,0.12080987483138074,-0.07804169686779099
hs0_minus_hs1,10|4|10|0,720029,S_pi_dq,0.07828650311845071,0.02994727553730405,0.048339227581146664
hs0_minus_hs1,10|4|10|0,720029,R_cdw,-0.8304848802560427,0.7521123535712401,-1.5825972338272827
hs0_minus_hs1,10|4|10|0,720029,average_sign,0.16266666666666665,1,-0.8373333333333334
hs0_minus_hs1,10|6|10|0,720051,S_pi,0.19291187982063568,0.1901007385324126,0.0028111412882230735
hs0_minus_hs1,10|6|10|0,720051,S_pi_dq,0.03588119776428561,0.014625073398722748,0.021256124365562862
hs0_minus_hs1,10|6|10|0,720051,R_cdw,0.8140021350802916,0.9230667197211907,-0.10906458464089908
hs0_minus_hs1,10|6|10|0,720051,average_sign,0.14,1,-0.86
hs0_minus_hs1,10|4|10|0,720027,S_pi,0.058107987964212474,0.12380238318653966,-0.06569439522232719
hs0_minus_hs1,10|4|10|0,720027,S_pi_dq,0.034789165744930094,0.029440381665899518,0.005348784079030576
hs0_minus_hs1,10|4|10|0,720027,R_cdw,0.4013014911761179,0.7621985869081362,-0.36089709573201834
hs0_minus_hs1,10|4|10|0,720027,average_sign,0.17333333333333334,1,-0.8266666666666667
hs0_minus_hs1,18|6|10|1,720138,S_pi,0.07949722240889853,0.17218673874205304,-0.0926895163331545
hs0_minus_hs1,18|6|10|1,720138,S_pi_dq,0.13698566775930476,0.012272788646602632,0.12471287911270212
hs0_minus_hs1,18|6|10|1,720138,R_cdw,-0.7231503643575257,0.928723961344154,-1.6518743257016797
hs0_minus_hs1,18|6|10|1,720138,average_sign,0.04733333333333333,1,-0.9526666666666667
hs0_minus_hs1,10|6|18|0,720058,S_pi,0.15108847695015803,0.18761215016478153,-0.03652367321462349
hs0_minus_hs1,10|6|18|0,720058,S_pi_dq,0.0063534619982967555,0.015311238445220168,-0.008957776446923412
hs0_minus_hs1,10|6|18|0,720058,R_cdw,0.9579487322491663,0.9183888760308319,0.039559856218334466
hs0_minus_hs1,10|6|18|0,720058,average_sign,0.056666666666666664,1,-0.9433333333333334
hs0_minus_hs1,10|2|10|0,720002,S_pi,0.04994978799824807,0.0456097439611876,0.004340044037060467
hs0_minus_hs1,10|2|10|0,720002,S_pi_dq,0.03498827407237131,0.03563487303701623,-0.0006465989646449177
hs0_minus_hs1,10|2|10|0,720002,R_cdw,0.2995310796194274,0.21870043674570205,0.08083064287372532
hs0_minus_hs1,10|2|10|0,720002,average_sign,0.866,1,-0.134
hs0_minus_hs1,10|4|18|1,720048,S_pi,0.12150642147422965,0.10580916689761358,0.015697254576616068
hs0_minus_hs1,10|4|18|1,720048,S_pi_dq,0.024953200067598314,0.03513726668151385,-0.010184066613915538
hs0_minus_hs1,10|4|18|1,720048,R_cdw,0.7946347216481011,0.6679185016595539,0.1267162199885472
hs0_minus_hs1,10|4|18|1,720048,average_sign,0.12666666666666668,1,-0.8733333333333333
hs0_minus_hs1,10|4|18|1,720043,S_pi,0.13286922819903083,0.10435978695066164,0.028509441248369183
hs0_minus_hs1,10|4|18|1,720043,S_pi_dq,0.047963177479810444,0.03518255654768897,0.012780620932121477
hs0_minus_hs1,10|4|18|1,720043,R_cdw,0.6390196727268993,0.6628724763081177,-0.02385280358121844
hs0_minus_hs1,10|4|18|1,720043,average_sign,0.07733333333333334,1,-0.9226666666666666
hs0_minus_hs1,10|2|10|1,720017,S_pi,0.0457302424881038,0.04471138543314402,0.0010188570549597778
hs0_minus_hs1,10|2|10|1,720017,S_pi_dq,0.036122733701669366,0.03621548756795242,-9.275386628305321e-05
hs0_minus_hs1,10|2|10|1,720017,R_cdw,0.2100909215369614,0.19001643055537465,0.020074490981586757
hs0_minus_hs1,10|2|10|1,720017,average_sign,0.8773333333333333,1,-0.1226666666666667
hs0_minus_hs1,10|4|10|1,720039,S_pi,0.13616864633338688,0.10623148997658721,0.029937156356799666
hs0_minus_hs1,10|4|10|1,720039,S_pi_dq,0.023134912173383187,0.03487353727475707,-0.01173862510137388
hs0_minus_hs1,10|4|10|1,720039,R_cdw,0.8301010342958018,0.6717212826211607,0.15837975167464113
hs0_minus_hs1,10|4|10|1,720039,average_sign,0.286,1,-0.714
hs0_minus_hs1,18|2|18|1,720092,S_pi,0.024822061310109257,0.02483468800658516,-1.2626696475902949e-05
hs0_minus_hs1,18|2|18|1,720092,S_pi_dq,0.022971620255236583,0.022824810721612694,0.00014680953362388935
hs0_minus_hs1,18|2|18|1,720092,R_cdw,0.0745482428616453,0.08093024097743962,-0.006381998115794318
hs0_minus_hs1,18|2|18|1,720092,average_sign,0.6446666666666667,1,-0.3553333333333333
hs0_minus_hs1,18|2|10|0,720073,S_pi,0.024355503370329434,0.024173232932828567,0.00018227043750086713
hs0_minus_hs1,18|2|10|0,720073,S_pi_dq,0.022467995239409764,0.022135608890781266,0.0003323863486284981
hs0_minus_hs1,18|2|10|0,720073,R_cdw,0.07749821887151331,0.08429257467171869,-0.006794355800205376
hs0_minus_hs1,18|2|10|0,720073,average_sign,0.818,1,-0.18200000000000005
hs0_minus_hs1,18|2|18|0,720083,S_pi,0.023954966632438582,0.023964227694878996,-9.261062440413942e-06
hs0_minus_hs1,18|2|18|0,720083,S_pi_dq,0.022280795364781725,0.022779873860236662,-0.0004990784954549375
hs0_minus_hs1,18|2|18|0,720083,R_cdw,0.0698882738325246,0.04942174017547929,0.020466533657045316
hs0_minus_hs1,18|2|18|0,720083,average_sign,0.6733333333333333,1,-0.32666666666666666
hs0_minus_hs1,10|6|18|1,720067,S_pi,0.3401124419830502,0.1701844761505802,0.16992796583247
hs0_minus_hs1,10|6|18|1,720067,S_pi_dq,-0.043494821904525686,0.020040096165131614,-0.0635349180696573
hs0_minus_hs1,10|6|18|1,720067,R_cdw,1.1278836541554493,0.8822448638182485,0.24563879033720082
hs0_minus_hs1,10|6|18|1,720067,average_sign,0.09933333333333333,1,-0.9006666666666667
hs0_minus_hs1,10|4|10|1,720040,S_pi,0.11685395976495175,0.1109034452452712,0.0059505145196805526
hs0_minus_hs1,10|4|10|1,720040,S_pi_dq,0.022889931675958795,0.03336933685252636,-0.010479405176567567
hs0_minus_hs1,10|4|10|1,720040,R_cdw,0.8041150533366502,0.6991136138401508,0.10500143949649943
hs0_minus_hs1,10|4|10|1,720040,average_sign,0.29333333333333333,1,-0.7066666666666667
hs0_minus_hs1,10|4|18|0,720036,S_pi,0.08214228423000015,0.12324182950519118,-0.041099545275191024
hs0_minus_hs1,10|4|18|0,720036,S_pi_dq,0.07439650531693803,0.029395443195523233,0.0450010621214148
hs0_minus_hs1,10|4|18|0,720036,R_cdw,0.09429709662533581,0.7614816064193121,-0.6671845097939763
hs0_minus_hs1,10|4|18|0,720036,average_sign,0.062,1,-0.938
hs0_minus_hs1,10|4|18|0,720031,S_pi,-0.16724000408036083,0.1230725576690085,-0.2903125617493693
hs0_minus_hs1,10|4|18|0,720031,S_pi_dq,0.1355730111578433,0.029159395726116026,0.10641361543172725
hs0_minus_hs1,10|4|18|0,720031,R_cdw,1.8106494131194761,0.7630715061229381,1.047577906996538
hs0_minus_hs1,10|4|18|0,720031,average_sign,0.029333333333333333,1,-0.9706666666666667
hs0_minus_hs1,10|6|18|1,720070,S_pi,-0.1762674334897768,0.17025277791429522,-0.346520211404072
hs0_minus_hs1,10|6|18|1,720070,S_pi_dq,0.14259058613763656,0.02027188080196889,0.12231870533566767
hs0_minus_hs1,10|6|18|1,720070,R_cdw,1.8089445867259795,0.8809306899404972,0.9280138967854823
hs0_minus_hs1,10|6|18|1,720070,average_sign,0.09533333333333334,1,-0.9046666666666666
hs0_minus_hs1,18|4|18|1,720115,S_pi,-0.6050465709938231,0.08143234638671697,-0.68647891738054
hs0_minus_hs1,18|4|18|1,720115,S_pi_dq,-0.21669573063261013,0.02805344476398909,-0.24474917539659924
hs0_minus_hs1,18|4|18|1,720115,R_cdw,0.6418528076662344,0.6554999823931746,-0.013647174726940214
hs0_minus_hs1,18|4|18|1,720115,average_sign,0.006666666666666667,1,-0.9933333333333333
hs0_minus_hs1,10|2|18|1,720021,S_pi,0.046282376330150546,0.04603831075568731,0.00024406557446323557
hs0_minus_hs1,10|2|18|1,720021,S_pi_dq,0.03624549895606725,0.036653908840043,-0.0004084098839757522
hs0_minus_hs1,10|2|18|1,720021,R_cdw,0.21686175537933217,0.20383897153491926,0.01302278384441291
hs0_minus_hs1,10|2|18|1,720021,average_sign,0.7613333333333333,1,-0.2386666666666667
hs0_minus_hs1,18|4|18|0,720104,S_pi,-0.12112827438024602,0.09455567147308157,-0.2156839458533276
hs0_minus_hs1,18|4|18|0,720104,S_pi_dq,0.10654929648720934,0.02534715968721637,0.08120213679999297
hs0_minus_hs1,18|4|18|0,720104,R_cdw,1.8796401751149336,0.7319340099611868,1.1477061651537468
hs0_minus_hs1,18|4|18|0,720104,average_sign,-0.016,1,-1.016
hs0_minus_hs1,18|4|18|0,720107,S_pi,-0.18360867075245707,0.09296516931072506,-0.27657384006318214
hs0_minus_hs1,18|4|18|0,720107,S_pi_dq,0.165327380386417,0.025021759749768526,0.14030562063664848
hs0_minus_hs1,18|4|18|0,720107,R_cdw,1.9004334038740085,0.7308480161410102,1.1695853877329982
hs0_minus_hs1,18|4|18|0,720107,average_sign,0.01,1,-0.99
hs0_minus_hs1,18|2|18|0,720079,S_pi,0.02362338666486201,0.02388468536938889,-0.00026129870452688136
hs0_minus_hs1,18|2|18|0,720079,S_pi_dq,0.02208879453290933,0.022161918238574833,-7.312370566550305e-05
hs0_minus_hs1,18|2|18|0,720079,R_cdw,0.06496071684062421,0.07212852521063529,-0.007167808370011075
hs0_minus_hs1,18|2|18|0,720079,average_sign,0.656,1,-0.344
hs0_minus_hs1,10|2|18|0,720012,S_pi,0.044965278461119966,0.04604314876450092,-0.001077870303380954
hs0_minus_hs1,10|2|18|0,720012,S_pi_dq,0.03524141073686736,0.035380717495809684,-0.00013930675894232442
hs0_minus_hs1,10|2|18|0,720012,R_cdw,0.21625280787842827,0.2315747631254952,-0.01532195524706692
hs0_minus_hs1,10|2|18|0,720012,average_sign,0.79,1,-0.20999999999999996
hs0_minus_hs1,10|2|10|0,720003,S_pi,0.04732059002422735,0.045025746521947164,0.0022948435022801875
hs0_minus_hs1,10|2|10|0,720003,S_pi_dq,0.03561251963832698,0.034818202876713805,0.0007943167616131716
hs0_minus_hs1,10|2|10|0,720003,R_cdw,0.24742021136900527,0.22670459534208576,0.020715616026919514
hs0_minus_hs1,10|2|10|0,720003,average_sign,0.8766666666666667,1,-0.1233333333333333
hs0_minus_hs1,10|4|18|1,720045,S_pi,0.1464438401491883,0.10626592764758334,0.04017791250160495
hs0_minus_hs1,10|4|18|1,720045,S_pi_dq,0.03805977177922097,0.03479425572848975,0.003265516050731221
hs0_minus_hs1,10|4|18|1,720045,R_cdw,0.7401067075238676,0.6725737355450354,0.06753297197883223
hs0_minus_hs1,10|4|18|1,720045,average_sign,0.102,1,-0.898
hs0_minus_hs1,18|6|18|1,720144,S_pi,2.034904881320931,0.16908295496776402,1.865821926353167
hs0_minus_hs1,18|6|18|1,720144,S_pi_dq,-1.030280465441376,0.012837615599760729,-1.0431180810411367
hs0_minus_hs1,18|6|18|1,720144,R_cdw,1.506303992338248,0.9240750458719612,0.5822289464662868
hs0_minus_hs1,18|6|18|1,720144,average_sign,0.01,1,-0.99
hs0_minus_hs1,18|2|18|1,720093,S_pi,0.024502062094753682,0.02435151076430705,0.00015055133044663063
hs0_minus_hs1,18|2|18|1,720093,S_pi_dq,0.022746172176290855,0.02284715222864905,-0.00010098005235819468
hs0_minus_hs1,18|2|18|1,720093,R_cdw,0.07166294459921363,0.061776805152598535,0.009886139446615094
hs0_minus_hs1,18|2|18|1,720093,average_sign,0.664,1,-0.33599999999999997
hs0_minus_hs1,10|6|10|0,720050,S_pi,0.20455514871329986,0.19461811779192018,0.00993703092137968
hs0_minus_hs1,10|6|10|0,720050,S_pi_dq,-0.001641233548507147,0.013218356525751727,-0.014859590074258874
hs0_minus_hs1,10|6|10|0,720050,R_cdw,1.0080234281993432,0.9320805448345544,0.07594288336478883
hs0_minus_hs1,10|6|10|0,720050,average_sign,0.152,1,-0.848
hs0_minus_hs1,18|2|18|0,720080,S_pi,0.024244960341485825,0.023877405211846815,0.0003675551296390099
hs0_minus_hs1,18|2|18|0,720080,S_pi_dq,0.02244192031920189,0.02258838814405566,-0.00014646782485376944
hs0_minus_hs1,18|2|18|0,720080,R_cdw,0.07436762101848982,0.05398480514757131,0.020382815870918503
hs0_minus_hs1,18|2|18|0,720080,average_sign,0.6613333333333333,1,-0.33866666666666667
hs0_minus_hs1,18|6|10|0,720126,S_pi,1.946566042257064,0.19310761488279282,1.7534584273742713
hs0_minus_hs1,18|6|10|0,720126,S_pi_dq,-0.8997559012160097,0.007868967379118571,-0.9076248685951283
hs0_minus_hs1,18|6|10|0,720126,R_cdw,1.4622272667269656,0.9592508696050404,0.5029763971219252
hs0_minus_hs1,18|6|10|0,720126,average_sign,-0.012666666666666666,1,-1.0126666666666666
hs0_minus_hs1,10|6|18|0,720060,S_pi,-0.23392800575349015,0.1880075383407368,-0.42193554409422696
hs0_minus_hs1,10|6|18|0,720060,S_pi_dq,0.14812890308962454,0.01506623292717319,0.13306267016245135
hs0_minus_hs1,10|6|18|0,720060,R_cdw,1.633224323066818,0.9198636764241453,0.7133606466426726
hs0_minus_hs1,10|6|18|0,720060,average_sign,0.05533333333333333,1,-0.9446666666666667
hs0_minus_hs1,10|2|18|0,720008,S_pi,0.0453193953117968,0.04591521428359843,-0.0005958189718016302
hs0_minus_hs1,10|2|18|0,720008,S_pi_dq,0.0353265509480954,0.0354076227784163,-8.107183032090431e-05
hs0_minus_hs1,10|2|18|0,720008,R_cdw,0.22049818394422027,0.2288477069992808,-0.008349523055060537
hs0_minus_hs1,10|2|18|0,720008,average_sign,0.772,1,-0.22799999999999998
hs0_minus_hs1,10|6|18|1,720071,S_pi,0.2300091395640197,0.16555127684767984,0.06445786271633985
hs0_minus_hs1,10|6|18|1,720071,S_pi_dq,0.01937943450357429,0.02154596107198842,-0.00216652656841413
hs0_minus_hs1,10|6|18|1,720071,R_cdw,0.9157449371781146,0.8698532473910643,0.04589168978705027
hs0_minus_hs1,10|6|18|1,720071,average_sign,0.13266666666666665,1,-0.8673333333333333
hs0_minus_hs1,18|2|10|1,720090,S_pi,0.02423397693477782,0.024466346077983214,-0.0002323691432053951
hs0_minus_hs1,18|2|10|1,720090,S_pi_dq,0.022584133276285553,0.022768997118429682,-0.00018486384214412913
hs0_minus_hs1,18|2|10|1,720090,R_cdw,0.06807977340791305,0.06937484470069455,-0.0012950712927815022
hs0_minus_hs1,18|2|10|1,720090,average_sign,0.7886666666666666,1,-0.21133333333333337
hs0_minus_hs1,18|4|10|0,720101,S_pi,0.09291136948068467,0.0928603164982857,5.105298239896361e-05
hs0_minus_hs1,18|4|10|0,720101,S_pi_dq,0.026308031256414125,0.025487568670887386,0.0008204625855267392
hs0_minus_hs1,18|4|10|0,720101,R_cdw,0.7168480950882625,0.7255278720554661,-0.008679776967203567
hs0_minus_hs1,18|4|10|0,720101,average_sign,0.04133333333333333,1,-0.9586666666666667
hs0_minus_hs1,10|2|18|1,720020,S_pi,0.04586966985933648,0.045962513312938026,-9.284345360154739e-05
hs0_minus_hs1,10|2|18|1,720020,S_pi_dq,0.036701580629993465,0.03687710633861121,-0.00017552570861774364
hs0_minus_hs1,10|2|18|1,720020,R_cdw,0.19987257936361424,0.19766993402794097,0.00220264533567327
hs0_minus_hs1,10|2|18|1,720020,average_sign,0.7873333333333333,1,-0.21266666666666667
hs0_minus_hs1,18|2|10|1,720089,S_pi,0.024131095098879677,0.024366292413483464,-0.00023519731460378696
hs0_minus_hs1,18|2|10|1,720089,S_pi_dq,0.02256585768475262,0.02294594244632582,-0.0003800847615731996
hs0_minus_hs1,18|2|10|1,720089,R_cdw,0.06486391967348903,0.058291591640411866,0.006572328033077168
hs0_minus_hs1,18|2|10|1,720089,average_sign,0.7926666666666666,1,-0.20733333333333337
hs0_minus_hs1,10|2|18|1,720024,S_pi,0.046300892559707624,0.04585110348671605,0.0004497890729915771
hs0_minus_hs1,10|2|18|1,720024,S_pi_dq,0.0362037992982441,0.03609760017878817,0.00010619911945592558
hs0_minus_hs1,10|2|18|1,720024,R_cdw,0.21807556406051465,0.2127212338685296,0.005354330191985057
hs0_minus_hs1,10|2|18|1,720024,average_sign,0.7593333333333333,1,-0.2406666666666667
hs0_minus_hs1,18|6|18|0,720132,S_pi,0.18799793347890717,0.1898476956367845,-0.0018497621578773271
hs0_minus_hs1,18|6|18|0,720132,S_pi_dq,0.21640356205854078,0.008545731273490493,0.2078578307850503
hs0_minus_hs1,18|6|18|0,720132,R_cdw,-0.15109542990173686,0.9549863839809773,-1.1060818138827142
hs0_minus_hs1,18|6|18|0,720132,average_sign,0.018,1,-0.982
hs0_minus_hs1,10|6|10|1,720066,S_pi,0.16066463970516615,0.16997724092221678,-0.009312601217050631
hs0_minus_hs1,10|6|10|1,720066,S_pi_dq,0.02732664560845036,0.020336738304150392,0.006989907304299967
hs0_minus_hs1,10|6|10|1,720066,R_cdw,0.829914997733184,0.8803561100661901,-0.05044111233300608
hs0_minus_hs1,10|6|10|1,720066,average_sign,0.29533333333333334,1,-0.7046666666666667
hs0_minus_hs1,10|6|10|1,720061,S_pi,0.18459140590209736,0.16482347032912426,0.0197679355729731
hs0_minus_hs1,10|6|10|1,720061,S_pi_dq,0.006000431297659635,0.021362579047249863,-0.015362147749590228
hs0_minus_hs1,10|6|10|1,720061,R_cdw,0.9674934416998692,0.8703911584643107,0.09710228323555847
hs0_minus_hs1,10|6|10|1,720061,average_sign,0.244,1,-0.756
hs0_minus_hs1,10|4|10|0,720025,S_pi,0.13489856683618445,0.12215095034502732,0.012747616491157132
hs0_minus_hs1,10|4|10|0,720025,S_pi_dq,0.010820903415851008,0.029742040650379952,-0.018921137234528942
hs0_minus_hs1,10|4|10|0,720025,R_cdw,0.9197848897164972,0.7565140462160086,0.1632708435004886
hs0_minus_hs1,10|4|10|0,720025,average_sign,0.13066666666666665,1,-0.8693333333333333
hs0_minus_hs1,18|6|18|0,720129,S_pi,1.3945981230177544,0.18634309848510722,1.2082550245326473
hs0_minus_hs1,18|6|18|0,720129,S_pi_dq,-0.5941719087105224,0.009380153189291057,-0.6035520618998135
hs0_minus_hs1,18|6|18|0,720129,R_cdw,1.4260524224891404,0.9496619232719223,0.4763904992172181
hs0_minus_hs1,18|6|18|0,720129,average_sign,0.016,1,-0.984
hs0_minus_hs1,18|4|10|0,720099,S_pi,-0.12063937531966347,0.08995585653232921,-0.2105952318519927
hs0_minus_hs1,18|4|10|0,720099,S_pi_dq,0.025301549407377093,0.026026738978518517,-0.0007251895711414234
hs0_minus_hs1,18|4|10|0,720099,R_cdw,1.2097287833291117,0.7106721009413681,0.4990566823877436
hs0_minus_hs1,18|4|10|0,720099,average_sign,0.028,1,-0.972
hs0_minus_hs1,10|4|18|1,720044,S_pi,0.20622699694648208,0.10588246022982137,0.10034453671666071
hs0_minus_hs1,10|4|18|1,720044,S_pi_dq,0.028634915628665183,0.03510364795448562,-0.0064687323258204345
hs0_minus_hs1,10|4|18|1,720044,R_cdw,0.8611485593416451,0.6684658830339605,0.19268267630768465
hs0_minus_hs1,10|4|18|1,720044,average_sign,0.10866666666666666,1,-0.8913333333333333
hs0_minus_hs1,18|4|18|0,720106,S_pi,-0.3419397679703303,0.09513328369356386,-0.4370730516638942
hs0_minus_hs1,18|4|18|0,720106,S_pi_dq,0.30482395949486724,0.024525065621284634,0.2802988938735826
hs0_minus_hs1,18|4|18|0,720106,R_cdw,1.8914551276215303,0.7422031000182552,1.1492520276032752
hs0_minus_hs1,18|4|18|0,720106,average_sign,-0.018666666666666668,1,-1.0186666666666666
hs0_minus_hs1,18|2|18|1,720094,S_pi,0.02436156254660063,0.024408765327844754,-4.720278124412461e-05
hs0_minus_hs1,18|2|18|1,720094,S_pi_dq,0.022618777668393306,0.022901397816685525,-0.00028262014829221957
hs0_minus_hs1,18|2|18|1,720094,R_cdw,0.07153830444470033,0.061755172410940085,0.009783132033760245
hs0_minus_hs1,18|2|18|1,720094,average_sign,0.6313333333333333,1,-0.3686666666666667
hs0_minus_hs1,10|6|10|0,720053,S_pi,0.14052911975221802,0.19449156295876885,-0.05396244320655083
hs0_minus_hs1,10|6|10|0,720053,S_pi_dq,-0.01921217344117967,0.013351143770837874,-0.032563317212017544
hs0_minus_hs1,10|6|10|0,720053,R_cdw,1.1367131130904022,0.931353609546198,0.2053595035442043
hs0_minus_hs1,10|6|10|0,720053,average_sign,0.17266666666666666,1,-0.8273333333333334
hs0_minus_hs1,18|2|18|0,720081,S_pi,0.02389183533840192,0.024068302927334296,-0.00017646758893237469
hs0_minus_hs1,18|2|18|0,720081,S_pi_dq,0.022162958124539948,0.022554727692537718,-0.0003917695679977705
hs0_minus_hs1,18|2|18|0,720081,R_cdw,0.0723626791066615,0.06288666215338412,0.009476016953277377
hs0_minus_hs1,18|2|18|0,720081,average_sign,0.6626666666666666,1,-0.3373333333333334
hs0_minus_hs1,10|6|18|1,720069,S_pi,0.1856813140839299,0.1713920537887872,0.014289260295142714
hs0_minus_hs1,10|6|18|1,720069,S_pi_dq,0.021724525379390913,0.019496800857673514,0.002227724521717399
hs0_minus_hs1,10|6|18|1,720069,R_cdw,0.883001014471649,0.8862444295013808,-0.0032434150297318
hs0_minus_hs1,10|6|18|1,720069,average_sign,0.132,1,-0.868
hs0_minus_hs1,18|6|10|0,720121,S_pi,-1.8766671511043382,0.18263281095646966,-2.059299962060808
hs0_minus_hs1,18|6|10|0,720121,S_pi_dq,1.799945206091622,0.01001678429673313,1.7899284217948888
hs0_minus_hs1,18|6|10|0,720121,R_cdw,1.959117979462917,0.9451534242709508,1.0139645551919663
hs0_minus_hs1,18|6|10|0,720121,average_sign,0.012666666666666666,1,-0.9873333333333333
hs0_minus_hs1,10|4|10|1,720042,S_pi,0.11097783494288718,0.10917807803803849,0.0017997569048486955
hs0_minus_hs1,10|4|10|1,720042,S_pi_dq,0.02886137317565419,0.033710710281136196,-0.004849337105482007
hs0_minus_hs1,10|4|10|1,720042,R_cdw,0.7399356980562182,0.6912318765183691,0.048703821537849024
hs0_minus_hs1,10|4|10|1,720042,average_sign,0.29133333333333333,1,-0.7086666666666667
hs0_minus_hs1,10|4|18|0,720033,S_pi,0.02897969926325352,0.12315553386925986,-0.09417583460600634
hs0_minus_hs1,10|4|18|0,720033,S_pi_dq,0.045814955199235105,0.029496764543782635,0.01631819065545247
hs0_minus_hs1,10|4|18|0,720033,R_cdw,-0.5809327344307129,0.7604917650302586,-1.3414244994609716
hs0_minus_hs1,10|4|18|0,720033,average_sign,0.058,1,-0.942
hs0_minus_hs1,10|2|18|0,720009,S_pi,0.0454846386288628,0.04541540835734639,6.923027151641004e-05
hs0_minus_hs1,10|2|18|0,720009,S_pi_dq,0.03534953029210285,0.0355976692350341,-0.0002481389429312489
hs0_minus_hs1,10|2|18|0,720009,R_cdw,0.22282486224543951,0.21617639205316486,0.006648470192274658
hs0_minus_hs1,10|2|18|0,720009,average_sign,0.794,1,-0.20599999999999996
hs0_minus_hs1,18|4|10|1,720109,S_pi,0.003644421992377955,0.07886122703525976,-0.0752168050428818
hs0_minus_hs1,18|4|10|1,720109,S_pi_dq,0.0544599782130303,0.0288292871810114,0.025630691032018902
hs0_minus_hs1,18|4|10|1,720109,R_cdw,-13.943378765392538,0.6344301469197088,-14.577808912312246
hs0_minus_hs1,18|4|10|1,720109,average_sign,0.06133333333333333,1,-0.9386666666666666
hs0_minus_hs1,18|4|10|0,720100,S_pi,0.1383042252003459,0.09139399309541253,0.04691023210493338
hs0_minus_hs1,18|4|10|0,720100,S_pi_dq,0.07966312084389493,0.025909756676751574,0.05375336416714335
hs0_minus_hs1,18|4|10|0,720100,R_cdw,0.4240008161103115,0.7165048183232066,-0.2925040022128951
hs0_minus_hs1,18|4|10|0,720100,average_sign,0.028,1,-0.972
hs0_minus_hs1,10|2|18|1,720023,S_pi,0.046284154428024304,0.04638918160637211,-0.0001050271783478024
hs0_minus_hs1,10|2|18|1,720023,S_pi_dq,0.036398609345484625,0.03644357920267783,-4.496985719320418e-05
hs0_minus_hs1,10|2|18|1,720023,R_cdw,0.21358378919749998,0.21439486663261442,-0.0008110774351144379
hs0_minus_hs1,10|2|18|1,720023,average_sign,0.774,1,-0.22599999999999998
hs0_minus_hs1,18|2|10|1,720088,S_pi,0.024579429392307596,0.024321404120791423,0.00025802527151617266
hs0_minus_hs1,18|2|10|1,720088,S_pi_dq,0.022754673410806017,0.022777901559010993,-2.3228148204976207e-05
hs0_minus_hs1,18|2|10|1,720088,R_cdw,0.07423915146185844,0.06346272419613097,0.010776427265727473
hs0_minus_hs1,18|2|10|1,720088,average_sign,0.792,1,-0.20799999999999996
hs0_minus_hs1,18|4|18|1,720120,S_pi,0.010784263456072769,0.07996025279466387,-0.0691759893385911
hs0_minus_hs1,18|4|18|1,720120,S_pi_dq,0.1638987243105866,0.02861976894638287,0.13527895536420373
hs0_minus_hs1,18|4|18|1,720120,R_cdw,-14.197952551714875,0.6420750567175195,-14.840027608432395
hs0_minus_hs1,18|4|18|1,720120,average_sign,0.013333333333333334,1,-0.9866666666666667
hs0_minus_hs1,18|6|18|0,720128,S_pi,0.025010508460555494,0.1928969855918106,-0.1678864771312551
hs0_minus_hs1,18|6|18|0,720128,S_pi_dq,0.22194565755461423,0.007944800295730857,0.21400085725888338
hs0_minus_hs1,18|6|18|0,720128,R_cdw,-7.874096178598231,0.9588132480590296,-8.832909426657261
hs0_minus_hs1,18|6|18|0,720128,average_sign,0.009333333333333334,1,-0.9906666666666667
hs0_minus_hs1,18|4|18|1,720117,S_pi,0.5481668323078432,0.08136362464524827,0.466803207662595
hs0_minus_hs1,18|4|18|1,720117,S_pi_dq,0.06401844313394876,0.028073325705506292,0.035945117428442475
hs0_minus_hs1,18|4|18|1,720117,R_cdw,0.8832135777634995,0.6549646623056904,0.22824891545780912
hs0_minus_hs1,18|4|18|1,720117,average_sign,0.015333333333333332,1,-0.9846666666666667
hs0_minus_hs1,10|4|18|1,720046,S_pi,0.10152081095154325,0.10527289339084703,-0.0037520824393037777
hs0_minus_hs1,10|4|18|1,720046,S_pi_dq,0.04067968724322532,0.035240911401109645,0.005438775842115676
hs0_minus_hs1,10|4|18|1,720046,R_cdw,0.5992970617360209,0.6652423024959464,-0.06594524075992547
hs0_minus_hs1,10|4|18|1,720046,average_sign,0.122,1,-0.878
hs0_minus_hs1,10|6|18|0,720055,S_pi,0.11595642979552834,0.19673583980684153,-0.0807794100113132
hs0_minus_hs1,10|6|18|0,720055,S_pi_dq,0.0006397674077199621,0.012607548737111477,-0.011967781329391516
hs0_minus_hs1,10|6|18|0,720055,R_cdw,0.9944826913966902,0.9359163599805213,0.05856633141616896
hs0_minus_hs1,10|6|18|0,720055,average_sign,0.06533333333333333,1,-0.9346666666666666
hs0_minus_hs1,10|2|10|0,720001,S_pi,0.04583922994547538,0.0454998432716745,0.0003393866738008802
hs0_minus_hs1,10|2|10|0,720001,S_pi_dq,0.035442596387857565,0.035145405573145966,0.0002971908147115995
hs0_minus_hs1,10|2|10|0,720001,R_cdw,0.22680646184467657,0.22757084319397192,-0.0007643813492953511
hs0_minus_hs1,10|2|10|0,720001,average_sign,0.884,1,-0.11599999999999999
hs0_minus_hs1,10|2|10|0,720006,S_pi,0.044815937785434974,0.04519893746316194,-0.00038299967772696675
hs0_minus_hs1,10|2|10|0,720006,S_pi_dq,0.03522706111605621,0.03560422683690157,-0.0003771657208453613
hs0_minus_hs1,10|2|10|0,720006,R_cdw,0.2139613080348196,0.21227734908769158,0.001683958947128028
hs0_minus_hs1,10|2|10|0,720006,average_sign,0.8746666666666667,1,-0.1253333333333333
hs0_minus_hs1,10|4|18|1,720047,S_pi,0.15436799133895163,0.10887867065063239,0.045489320688319235
hs0_minus_hs1,10|4|18|1,720047,S_pi_dq,0.017253871261166596,0.034036078509101876,-0.01678220724793528
hs0_minus_hs1,10|4|18|1,720047,R_cdw,0.8882289578849178,0.6873944335863896,0.20083452429852822
hs0_minus_hs1,10|4|18|1,720047,average_sign,0.088,1,-0.912
hs0_minus_hs1,10|2|10|1,720013,S_pi,0.04602215393409426,0.044976419148578625,0.0010457347855156382
hs0_minus_hs1,10|2|10|1,720013,S_pi_dq,0.036584850705275763,0.03678230080186741,-0.0001974500965916462
hs0_minus_hs1,10|2|10|1,720013,R_cdw,0.2050600074549559,0.18218698824470936,0.022873019210246537
hs0_minus_hs1,10|2|10|1,720013,average_sign,0.8606666666666667,1,-0.1393333333333333
hs0_minus_hs1,18|2|18|1,720095,S_pi,0.024342636462133922,0.02435708788073594,-1.4451418602016292e-05
hs0_minus_hs1,18|2|18|1,720095,S_pi_dq,0.02263936521081524,0.022716946692231055,-7.758148141581711e-05
hs0_minus_hs1,18|2|18|1,720095,R_cdw,0.0699706974619696,0.06733732688143201,0.002633370580537586
hs0_minus_hs1,18|2|18|1,720095,average_sign,0.6673333333333333,1,-0.33266666666666667
hs0_minus_hs1,10|6|10|0,720052,S_pi,0.1631961548176873,0.19189260240525766,-0.028696447587570367
hs0_minus_hs1,10|6|10|0,720052,S_pi_dq,0.029814573354195816,0.014034462988423146,0.01578011036577267
hs0_minus_hs1,10|6|10|0,720052,R_cdw,0.8173083588427508,0.9268629284687911,-0.10955456962604038
hs0_minus_hs1,10|6|10|0,720052,average_sign,0.15,1,-0.85
hs0_minus_hs1,18|2|10|0,720077,S_pi,0.024298672996103776,0.02442411302358433,-0.00012544002748055352
hs0_minus_hs1,18|2|10|0,720077,S_pi_dq,0.02244106023211155,0.022180847757413646,0.00026021247469790523
hs0_minus_hs1,18|2|10|0,720077,R_cdw,0.07644914453929597,0.0918463349725146,-0.015397190433218633
hs0_minus_hs1,18|2|10|0,720077,average_sign,0.808,1,-0.19199999999999995
hs0_minus_hs1,10|6|18|1,720068,S_pi,0.21222157958660945,0.17014904534381436,0.042072534242795084
hs0_minus_hs1,10|6|18|1,720068,S_pi_dq,0.012038332151234992,0.020031477119873686,-0.007993144968638694
hs0_minus_hs1,10|6|18|1,720068,R_cdw,0.9432747029087019,0.88227099905617,0.06100370385253184
hs0_minus_hs1,10|6|18|1,720068,average_sign,0.13133333333333333,1,-0.8686666666666667
hs0_minus_hs1,10|4|18|0,720032,S_pi,0.255947568414803,0.12184166192752738,0.1341059064872756
hs0_minus_hs1,10|4|18|0,720032,S_pi_dq,-0.026515499554866342,0.029484068289668666,-0.05599956784453501
hs0_minus_hs1,10|4|18|0,720032,R_cdw,1.1035973880083667,0.7580132458534087,0.34558414215495803
hs0_minus_hs1,10|4|18|0,720032,average_sign,0.025333333333333333,1,-0.9746666666666667
hs0_minus_hs1,18|4|10|0,720098,S_pi,-1.3715902012970018,0.09295761617288377,-1.4645478174698856
hs0_minus_hs1,18|4|10|0,720098,S_pi_dq,0.38339653055508677,0.024768742502319127,0.3586277880527676
hs0_minus_hs1,18|4|10|0,720098,R_cdw,1.2795270265072904,0.7335480026052529,0.5459790239020376
hs0_minus_hs1,18|4|10|0,720098,average_sign,0.004,1,-0.996
hs0_minus_hs1,10|2|18|1,720022,S_pi,0.04635589063737459,0.047744632164097654,-0.0013887415267230668
hs0_minus_hs1,10|2|18|1,720022,S_pi_dq,0.03640881510718521,0.03636382560818262,4.498949900259147e-05
hs0_minus_hs1,10|2|18|1,720022,R_cdw,0.21458061518010219,0.23836829482316169,-0.0237876796430595
hs0_minus_hs1,10|2|18|1,720022,average_sign,0.744,1,-0.256
hs0_minus_hs1,18|6|18|0,720130,S_pi,0.03667420747628916,0.185237076940472,-0.14856286946418285
hs0_minus_hs1,18|6|18|0,720130,S_pi_dq,0.36677008923870646,0.009991728339912208,0.3567783608987943
hs0_minus_hs1,18|6|18|0,720130,R_cdw,-9.000763874061436,0.9460597818485165,-9.946823655909952
hs0_minus_hs1,18|6|18|0,720130,average_sign,-0.016666666666666666,1,-1.0166666666666666
hs0_minus_hs1,18|4|18|0,720103,S_pi,-0.5282089463722962,0.08966251758498686,-0.6178714639572831
hs0_minus_hs1,18|4|18|0,720103,S_pi_dq,0.3302891966802656,0.025770924169544848,0.3045182725107207
hs0_minus_hs1,18|4|18|0,720103,R_cdw,1.6253002698054808,0.7125786241155028,0.912721645689978
hs0_minus_hs1,18|4|18|0,720103,average_sign,-0.011333333333333334,1,-1.0113333333333334
hs0_minus_hs1,10|6|10|1,720063,S_pi,0.11739982773121634,0.16578367507808195,-0.04838384734686561
hs0_minus_hs1,10|6|10|1,720063,S_pi_dq,0.03499614084407281,0.021313670217676176,0.013682470626396631
hs0_minus_hs1,10|6|10|1,720063,R_cdw,0.7019063697078372,0.8714368576541827,-0.1695304879463455
hs0_minus_hs1,10|6|10|1,720063,average_sign,0.252,1,-0.748
hs0_minus_hs1,18|6|10|1,720137,S_pi,0.07786591666843487,0.1705357789666895,-0.09266986229825463
hs0_minus_hs1,18|6|10|1,720137,S_pi_dq,0.03209046763440657,0.012494621785853399,0.019595845848553173
hs0_minus_hs1,18|6|10|1,720137,R_cdw,0.5878752988800895,0.9267331356413251,-0.3388578367612356
hs0_minus_hs1,18|6|10|1,720137,average_sign,0.030666666666666665,1,-0.9693333333333334
hs0_minus_hs1,18|6|10|1,720135,S_pi,-0.9884822784539801,0.17094502255494823,-1.1594273010089282
hs0_minus_hs1,18|6|10|1,720135,S_pi_dq,0.036952504435469435,0.012222387904028225,0.02473011653144121
hs0_minus_hs1,18|6|10|1,720135,R_cdw,1.037383072252205,0.9285010600405198,0.10888201221168525
hs0_minus_hs1,18|6|10|1,720135,average_sign,-0.012666666666666666,1,-1.0126666666666666
hs0_minus_hs1,18|6|18|1,720140,S_pi,0.26638333366224737,0.17847981350900344,0.08790352015324393
hs0_minus_hs1,18|6|18|1,720140,S_pi_dq,-0.18709940830645302,0.010335083969725685,-0.1974344922761787
hs0_minus_hs1,18|6|18|1,720140,R_cdw,1.7023690473957354,0.9420938213317647,0.7602752260639707
hs0_minus_hs1,18|6|18|1,720140,average_sign,-0.008666666666666666,1,-1.0086666666666666
hs0_minus_hs1,18|4|10|0,720097,S_pi,0.046233213480629885,0.09562810637168925,-0.04939489289105937
hs0_minus_hs1,18|4|10|0,720097,S_pi_dq,0.023871910609226457,0.02470243150900164,-0.0008305208997751827
hs0_minus_hs1,18|4|10|0,720097,R_cdw,0.4836631760578797,0.7416823102928785,-0.2580191342349988
hs0_minus_hs1,18|4|10|0,720097,average_sign,0.030666666666666665,1,-0.9693333333333334
hs0_minus_hs1,18|2|10|0,720076,S_pi,0.024285740141367994,0.024077083082073965,0.000208657059294029
hs0_minus_hs1,18|2|10|0,720076,S_pi_dq,0.0224708718615898,0.02243383687848036,3.703498310943937e-05
hs0_minus_hs1,18|2|10|0,720076,R_cdw,0.07472979078314246,0.06824938876491415,0.006480402018228304
hs0_minus_hs1,18|2|10|0,720076,average_sign,0.7826666666666666,1,-0.21733333333333338
hs0_minus_hs1,10|2|10|1,720014,S_pi,0.04540324173680931,0.04579988842194203,-0.00039664668513271495
hs0_minus_hs1,10|2|10|1,720014,S_pi_dq,0.036117064402047726,0.035915918017359494,0.00020114638468823193
hs0_minus_hs1,10|2|10|1,720014,R_cdw,0.20452674697967865,0.2158077398251318,-0.011280992845453142
hs0_minus_hs1,10|2|10|1,720014,average_sign,0.872,1,-0.128
hs0_minus_hs1,18|6|18|1,720142,S_pi,1.6881442493702554,0.17560719128155725,1.512537058088698
hs0_minus_hs1,18|6|18|1,720142,S_pi_dq,-0.3752928271953493,0.011240503146272273,-0.3865333303416216
hs0_minus_hs1,18|6|18|1,720142,R_cdw,1.2223108761797745,0.935990644436366,0.2863202317434085
hs0_minus_hs1,18|6|18|1,720142,average_sign,0.008,1,-0.992
hs0_minus_hs1,18|4|18|0,720108,S_pi,0.8938701042667709,0.09224743080176703,0.8016226734650039
hs0_minus_hs1,18|4|18|0,720108,S_pi_dq,-0.1961974012198418,0.02547202229698272,-0.22166942351682453
hs0_minus_hs1,18|4|18|0,720108,R_cdw,1.2194920719278108,0.7238728268571487,0.49561924507066213
hs0_minus_hs1,18|4|18|0,720108,average_sign,-0.006,1,-1.006
hs0_minus_hs1,18|2|18|1,720096,S_pi,0.02474145041224754,0.024501023736094592,0.00024042667615294805
hs0_minus_hs1,18|2|18|1,720096,S_pi_dq,0.022900099920780626,0.022661029015620695,0.0002390709051599306
hs0_minus_hs1,18|2|18|1,720096,R_cdw,0.07442370842395751,0.07509868731579739,-0.0006749788918398725
hs0_minus_hs1,18|2|18|1,720096,average_sign,0.654,1,-0.346
hs0_minus_hs1,18|2|10|0,720078,S_pi,0.024009739862057556,0.02418064205079407,-0.00017090218873651308
hs0_minus_hs1,18|2|10|0,720078,S_pi_dq,0.022276706070900317,0.022491299836342384,-0.0002145937654420664
hs0_minus_hs1,18|2|10|0,720078,R_cdw,0.07218044848107419,0.06986341433378973,0.002317034147284458
hs0_minus_hs1,18|2|10|0,720078,average_sign,0.818,1,-0.18200000000000005
hs0_minus_hs1,10|6|10|0,720054,S_pi,0.14998979166184725,0.19461137873104914,-0.044621587069201885
hs0_minus_hs1,10|6|10|0,720054,S_pi_dq,0.02073276935855801,0.013329927576122188,0.007402841782435823
hs0_minus_hs1,10|6|10|0,720054,R_cdw,0.8617721304307153,0.9315048911166495,-0.06973276068593415
hs0_minus_hs1,10|6|10|0,720054,average_sign,0.144,1,-0.856
hs0_minus_hs1,18|2|18|0,720084,S_pi,0.024403351474556505,0.02424574558591955,0.00015760588863695385
hs0_minus_hs1,18|2|18|0,720084,S_pi_dq,0.022459532584662815,0.022215295839838244,0.0002442367448245719
hs0_minus_hs1,18|2|18|0,720084,R_cdw,0.07965376771794486,0.08374457856476347,-0.0040908108468186155
hs0_minus_hs1,18|2|18|0,720084,average_sign,0.658,1,-0.34199999999999997
delta_minus_minus_plus,6|4|0,730012,S_pi,0.15665720482756032,0.15665720482756054,-2.220446049250313e-16
delta_minus_minus_plus,6|4|0,730012,S_pi_dq,0.03381098584148751,0.03381098584148773,-2.1510571102112408e-16
delta_minus_minus_plus,6|4|0,730012,R_cdw,0.7841721618951085,0.7841721618951074,1.1102230246251565e-15
delta_minus_minus_plus,6|4|0,730012,average_sign,0.792,0.792,0.0
delta_minus_minus_plus,6|4|0,730011,S_pi,0.15639958833384174,0.15639958975666257,-1.4228208333744163e-09
delta_minus_minus_plus,6|4|0,730011,S_pi_dq,0.033926875989140556,0.03392687612570046,-1.3655990227512405e-10
delta_minus_minus_plus,6|4|0,730011,R_cdw,0.7830756695041795,0.7830756706044673,-1.1002877498000885e-09
delta_minus_minus_plus,6|4|0,730011,average_sign,0.7653333333333333,0.7653333333333333,0.0
delta_minus_minus_plus,6|4|1,730019,S_pi,0.1501069481545524,0.1501069481544027,1.4968581929508673e-13
delta_minus_minus_plus,6|4|1,730019,S_pi_dq,0.03426001300137708,0.034260013001371104,5.974387651264124e-15
delta_minus_minus_plus,6|4|1,730019,R_cdw,0.7717626437511577,0.7717626437509699,1.8773871346411397e-13
delta_minus_minus_plus,6|4|1,730019,average_sign,0.8793333333333333,0.8793333333333333,0.0
delta_minus_minus_plus,6|2|1,730015,S_pi,0.1009841289751249,0.10098412897515095,-2.6048607715267735e-14
delta_minus_minus_plus,6|2|1,730015,S_pi_dq,0.04853860310327314,0.0485386031032894,-1.6257828416854636e-14
delta_minus_minus_plus,6|2|1,730015,R_cdw,0.5193442415567153,0.5193442415566782,3.708144902248023e-14
delta_minus_minus_plus,6|2|1,730015,average_sign,0.9293333333333333,0.9293333333333333,0.0
delta_minus_minus_plus,6|2|0,730002,S_pi,0.1061762908872093,0.10617629088720826,1.0408340855860843e-15
delta_minus_minus_plus,6|2|0,730002,S_pi_dq,0.04576796100634622,0.04576796100634559,6.314393452555578e-16
delta_minus_minus_plus,6|2|0,730002,R_cdw,0.5689436820225209,0.5689436820225225,-1.6653345369377348e-15
delta_minus_minus_plus,6|2|0,730002,average_sign,0.9393333333333334,0.9393333333333334,0.0
delta_minus_minus_plus,6|2|1,730016,S_pi,0.1002336024561205,0.10023360245609006,3.0433988662537104e-14
delta_minus_minus_plus,6|2|1,730016,S_pi_dq,0.049023648167440564,0.049023648167429185,1.1379786002407855e-14
delta_minus_minus_plus,6|2|1,730016,R_cdw,0.510906053796662,0.510906053796627,3.497202527569243e-14
delta_minus_minus_plus,6|2|1,730016,average_sign,0.928,0.928,0.0
delta_minus_minus_plus,6|2|0,730004,S_pi,0.10930278760980142,0.10930278760980158,-1.6653345369377348e-16
delta_minus_minus_plus,6|2|0,730004,S_pi_dq,0.04499114825043054,0.04499114825043047,6.938893903907228e-17
delta_minus_minus_plus,6|2|0,730004,R_cdw,0.5883805963756035,0.5883805963756047,-1.2212453270876722e-15
delta_minus_minus_plus,6|2|0,730004,average_sign,0.9366666666666666,0.9366666666666666,0.0
delta_minus_minus_plus,6|4|1,730022,S_pi,0.1420265932366566,0.14202659323573574,9.208467321997205e-13
delta_minus_minus_plus,6|4|1,730022,S_pi_dq,0.03872630137546533,0.03872630137525115,2.1418283813190442e-13
delta_minus_minus_plus,6|4|1,730022,R_cdw,0.7273306322926698,0.72733063229241,2.5979218776228663e-13
delta_minus_minus_plus,6|4|1,730022,average_sign,0.8646666666666667,0.8646666666666667,0.0
delta_minus_minus_plus,6|4|1,730021,S_pi,0.14727522058088982,0.1472752205808958,-5.9674487573602164e-15
delta_minus_minus_plus,6|4|1,730021,S_pi_dq,0.03649067551975365,0.03649067551975606,-2.4077961846558082e-15
delta_minus_minus_plus,6|4|1,730021,R_cdw,0.7522280029469627,0.7522280029469564,6.328271240363392e-15
delta_minus_minus_plus,6|4|1,730021,average_sign,0.8553333333333333,0.8553333333333333,0.0
delta_minus_minus_plus,6|4|1,730024,S_pi,0.1486949502962572,0.14869495029626692,-9.71445146547012e-15
delta_minus_minus_plus,6|4|1,730024,S_pi_dq,0.038639317799088344,0.038639317799089766,-1.4224732503009818e-15
delta_minus_minus_plus,6|4|1,730024,R_cdw,0.7401437121966546,0.7401437121966621,-7.438494264988549e-15
delta_minus_minus_plus,6|4|1,730024,average_sign,0.8546666666666667,0.8546666666666667,0.0
delta_minus_minus_plus,6|4|0,730010,S_pi,0.15450865271671527,0.15450865271669248,2.2787327580431338e-14
delta_minus_minus_plus,6|4|0,730010,S_pi_dq,0.034584548306497404,0.03458454830648192,1.5480672299617027e-14
delta_minus_minus_plus,6|4|0,730010,R_cdw,0.7761643267325188,0.776164326732586,-6.716849298982197e-14
delta_minus_minus_plus,6|4|0,730010,average_sign,0.786,0.786,0.0
delta_minus_minus_plus,6|4|0,730007,S_pi,0.1592352343210329,0.15923523432103634,-3.4416913763379853e-15
delta_minus_minus_plus,6|4|0,730007,S_pi_dq,0.0327567239359872,0.03275672393598586,1.339206523454095e-15
delta_minus_minus_plus,6|4|0,730007,R_cdw,0.7942872124020829,0.7942872124020958,-1.2878587085651816e-14
delta_minus_minus_plus,6|4|0,730007,average_sign,0.7926666666666666,0.7926666666666666,0.0
delta_minus_minus_plus,6|2|0,730003,S_pi,0.1060901909521486,0.10609019095214864,-4.163336342344337e-17
delta_minus_minus_plus,6|2|0,730003,S_pi_dq,0.045566548681159086,0.045566548681159114,-2.7755575615628914e-17
delta_minus_minus_plus,6|2|0,730003,R_cdw,0.5704923492718414,0.5704923492718413,1.1102230246251565e-16
delta_minus_minus_plus,6|2|0,730003,average_sign,0.9393333333333334,0.9393333333333334,0.0
delta_minus_minus_plus,6|2|1,730017,S_pi,0.09946548045081051,0.09946548045083192,-2.1413426587457707e-14
delta_minus_minus_plus,6|2|1,730017,S_pi_dq,0.048556508159293715,0.048556508159283356,1.0359768598533492e-14
delta_minus_minus_plus,6|2|1,730017,R_cdw,0.5118255304330755,0.5118255304332848,-2.09277040141842e-13
delta_minus_minus_plus,6|2|1,730017,average_sign,0.928,0.928,0.0
delta_minus_minus_plus,6|4|0,730009,S_pi,0.1622726340659467,0.16227263406593598,1.071365218763276e-14
delta_minus_minus_plus,6|4|0,730009,S_pi_dq,0.03040980269130431,0.030409802691302366,1.942890293094024e-15
delta_minus_minus_plus,6|4|0,730009,R_cdw,0.8126005480446818,0.8126005480446814,4.440892098500626e-16
delta_minus_minus_plus,6|4|0,730009,average_sign,0.776,0.776,0.0
delta_minus_minus_plus,6|2|0,730005,S_pi,0.1065090601342015,0.10650906013420142,8.326672684688674e-17
delta_minus_minus_plus,6|2|0,730005,S_pi_dq,0.04596659360297435,0.04596659360297435,0.0
delta_minus_minus_plus,6|2|0,730005,R_cdw,0.5684255072286206,0.5684255072286204,2.220446049250313e-16
delta_minus_minus_plus,6|2|0,730005,average_sign,0.9326666666666666,0.9326666666666666,0.0
delta_minus_minus_plus,6|4|1,730020,S_pi,0.13875945316424004,0.13875945316420707,3.297362383136715e-14
delta_minus_minus_plus,6|4|1,730020,S_pi_dq,0.040936892003389444,0.04093689200339128,-1.8388068845354155e-15
delta_minus_minus_plus,6|4|1,730020,R_cdw,0.7049794369329544,0.704979436932871,8.337774914934926e-14
delta_minus_minus_plus,6|4|1,730020,average_sign,0.8826666666666667,0.8826666666666667,0.0
delta_minus_minus_plus,6|2|1,730018,S_pi,0.10028268507450482,0.10028268507450883,-4.010680676458378e-15
delta_minus_minus_plus,6|2|1,730018,S_pi_dq,0.04865313222825514,0.04865313222825458,5.620504062164855e-16
delta_minus_minus_plus,6|2|1,730018,R_cdw,0.5148401521946846,0.5148401521947095,-2.4868995751603507e-14
delta_minus_minus_plus,6|2|1,730018,average_sign,0.9393333333333334,0.9393333333333334,0.0
delta_minus_minus_plus,6|2|1,730013,S_pi,0.10224362652078167,0.10224362652077736,4.315992008230296e-15
delta_minus_minus_plus,6|2|1,730013,S_pi_dq,0.04822413959480413,0.048224139594808375,-4.246603069191224e-15
delta_minus_minus_plus,6|2|1,730013,R_cdw,0.5283408733061492,0.5283408733060877,6.150635556423367e-14
delta_minus_minus_plus,6|2|1,730013,average_sign,0.9346666666666666,0.9346666666666666,0.0
delta_minus_minus_plus,6|2|1,730014,S_pi,0.10086452997759651,0.10086452997758565,1.086630785351872e-14
delta_minus_minus_plus,6|2|1,730014,S_pi_dq,0.04853577222120801,0.04853577222121534,-7.33441085642994e-15
delta_minus_minus_plus,6|2|1,730014,R_cdw,0.5188023755031772,0.5188023755030526,1.2456702336294256e-13
delta_minus_minus_plus,6|2|1,730014,average_sign,0.9306666666666666,0.9306666666666666,0.0
delta_minus_minus_plus,6|2|0,730001,S_pi,0.10806491848698853,0.10806491848699133,-2.8033131371785203e-15
delta_minus_minus_plus,6|2|0,730001,S_pi_dq,0.04514286177318598,0.04514286177318685,-8.673617379884035e-16
delta_minus_minus_plus,6|2|0,730001,R_cdw,0.5822616404543777,0.5822616404543806,-2.886579864025407e-15
delta_minus_minus_plus,6|2|0,730001,average_sign,0.9433333333333334,0.9433333333333334,0.0
delta_minus_minus_plus,6|2|0,730006,S_pi,0.11661707625474228,0.11661707625474092,1.3600232051658168e-15
delta_minus_minus_plus,6|2|0,730006,S_pi_dq,0.04316136393668471,0.043161363936684016,6.938893903907228e-16
delta_minus_minus_plus,6|2|0,730006,R_cdw,0.6298881319713283,0.6298881319713301,-1.7763568394002505e-15
delta_minus_minus_plus,6|2|0,730006,average_sign,0.932,0.932,0.0
delta_minus_minus_plus,6|4|1,730023,S_pi,0.1686572512531573,0.16865725125325914,-1.0183520693374248e-13
delta_minus_minus_plus,6|4|1,730023,S_pi_dq,0.02999745850628225,0.029997458506325955,-4.370462325375968e-14
delta_minus_minus_plus,6|4|1,730023,R_cdw,0.8221395268605702,0.8221395268604185,1.517674874662589e-13
delta_minus_minus_plus,6|4|1,730023,average_sign,0.8586666666666667,0.8586666666666667,0.0
delta_minus_minus_plus,6|4|0,730008,S_pi,0.17230593733905764,0.17230593733901933,3.83026943495679e-14
delta_minus_minus_plus,6|4|0,730008,S_pi_dq,0.025491483304857843,0.025491483304855428,2.4147350785597155e-15
delta_minus_minus_plus,6|4|0,730008,R_cdw,0.8520568490063312,0.8520568490063123,1.887379141862766e-14
delta_minus_minus_plus,6|4|0,730008,average_sign,0.8073333333333333,0.8073333333333333,0.0
stb5_minus_stb10,18|4|18|0,740006,S_pi,0.045173779314897806,0.04517377931490039,-2.581268532253489e-15
stb5_minus_stb10,18|4|18|0,740006,S_pi_dq,0.09644700560484962,0.09644700561019108,-5.34146338271313e-12
stb5_minus_stb10,18|4|18|0,740006,R_cdw,-1.1350218438120026,-1.1350218439301232,1.1812062439275905e-10
stb5_minus_stb10,18|4|18|0,740006,average_sign,0.01,0.01,0.0
stb5_minus_stb10,18|4|18|0,740003,S_pi,-11.083138452838726,-11.083138452824798,-1.3928413977737364e-11
stb5_minus_stb10,18|4|18|0,740003,S_pi_dq,7.71269875983598,7.712698759802541,3.3439029323290015e-11
stb5_minus_stb10,18|4|18|0,740003,R_cdw,1.6958948309321649,1.6958948309300221,2.142730437526552e-12
stb5_minus_stb10,18|4|18|0,740003,average_sign,0.002,0.002,0.0
stb5_minus_stb10,18|4|18|0,740004,S_pi,1.2535154354505351,1.2535154354505194,1.5765166949677223e-14
stb5_minus_stb10,18|4|18|0,740004,S_pi_dq,-1.2408160015062935,-1.2408160015104461,4.1526782013079355e-12
stb5_minus_stb10,18|4|18|0,740004,R_cdw,1.9898689449008042,1.9898689449041296,-3.325340003357269e-12
stb5_minus_stb10,18|4|18|0,740004,average_sign,-0.0026666666666666666,-0.0026666666666666666,0.0
stb5_minus_stb10,18|4|18|0,740001,S_pi,0.9075934183628014,0.9075934183627901,1.1324274851176597e-14
stb5_minus_stb10,18|4|18|0,740001,S_pi_dq,-0.48997829088166683,-0.48997829088194994,2.831068712794149e-13
stb5_minus_stb10,18|4|18|0,740001,R_cdw,1.5398654077566292,1.539865407756948,-3.1885605267234496e-13
stb5_minus_stb10,18|4|18|0,740001,average_sign,0.01,0.01,0.0
stb5_minus_stb10,18|4|18|0,740005,S_pi,0.3368012320087679,0.3368012320087158,5.206945985491984e-14
stb5_minus_stb10,18|4|18|0,740005,S_pi_dq,-0.3603686623582942,-0.3603686623583062,1.2045919817182948e-14
stb5_minus_stb10,18|4|18|0,740005,R_cdw,2.0699742997047967,2.069974299704998,-2.0117241206207837e-13
stb5_minus_stb10,18|4|18|0,740005,average_sign,-0.005333333333333333,-0.005333333333333333,0.0
stb5_minus_stb10,18|4|18|0,740002,S_pi,0.5157526148942667,0.5157526148942486,1.8096635301390052e-14
stb5_minus_stb10,18|4|18|0,740002,S_pi_dq,-0.0474577602127429,-0.04745776021264616,-9.674205880827458e-14
stb5_minus_stb10,18|4|18|0,740002,R_cdw,1.0920165188546298,1.0920165188544455,1.8429702208777599e-13
stb5_minus_stb10,18|4|18|0,740002,average_sign,-0.03,-0.03,0.0
stb20_minus_stb10,18|4|18|0,740006,S_pi,0.04517377931481976,0.04517377931490039,-8.0629947163402e-14
stb20_minus_stb10,18|4|18|0,740006,S_pi_dq,0.0964470056077038,0.09644700561019108,-2.4872742754311616e-12
stb20_minus_stb10,18|4|18|0,740006,R_cdw,-1.135021843878874,-1.1350218439301232,5.1249227084326776e-11
stb20_minus_stb10,18|4|18|0,740006,average_sign,0.01,0.01,0.0
stb20_minus_stb10,18|4|18|0,740003,S_pi,-11.083138452761085,-11.083138452824798,6.371259075876878e-11
stb20_minus_stb10,18|4|18|0,740003,S_pi_dq,7.712698760231871,7.712698759802541,4.2932946087148594e-10
stb20_minus_stb10,18|4|18|0,740003,R_cdw,1.69589483097276,1.6958948309300221,4.2737813288340476e-11
stb20_minus_stb10,18|4|18|0,740003,average_sign,0.002,0.002,0.0
stb20_minus_stb10,18|4|18|0,740004,S_pi,1.2535154354518814,1.2535154354505194,1.362021606610142e-12
stb20_minus_stb10,18|4|18|0,740004,S_pi_dq,-1.2408160015160972,-1.2408160015104461,-5.651035195342047e-12
stb20_minus_stb10,18|4|18|0,740004,R_cdw,1.9898689449075622,1.9898689449041296,3.432587547536059e-12
stb20_minus_stb10,18|4|18|0,740004,average_sign,-0.0026666666666666666,-0.0026666666666666666,0.0
stb20_minus_stb10,18|4|18|0,740001,S_pi,0.9075934183628451,0.9075934183627901,5.5067062021407764e-14
stb20_minus_stb10,18|4|18|0,740001,S_pi_dq,-0.48997829088183875,-0.48997829088194994,1.1118883591620943e-13
stb20_minus_stb10,18|4|18|0,740001,R_cdw,1.5398654077567926,1.539865407756948,-1.5543122344752192e-13
stb20_minus_stb10,18|4|18|0,740001,average_sign,0.01,0.01,0.0
stb20_minus_stb10,18|4|18|0,740005,S_pi,0.3368012320087567,0.3368012320087158,4.091171845743702e-14
stb20_minus_stb10,18|4|18|0,740005,S_pi_dq,-0.36036866235800813,-0.3603686623583062,2.9809488211185453e-13
stb20_minus_stb10,18|4|18|0,740005,R_cdw,2.0699742997039827,2.069974299704998,-1.0151879337172431e-12
stb20_minus_stb10,18|4|18|0,740005,average_sign,-0.005333333333333333,-0.005333333333333333,0.0
stb20_minus_stb10,18|4|18|0,740002,S_pi,0.5157526148943324,0.5157526148942486,8.382183835919932e-14
stb20_minus_stb10,18|4|18|0,740002,S_pi_dq,-0.04745776021649812,-0.04745776021264616,-3.851960417300404e-12
stb20_minus_stb10,18|4|18|0,740002,R_cdw,1.092016518861899,1.0920165188544455,7.453593298123451e-12
stb20_minus_stb10,18|4|18|0,740002,average_sign,-0.03,-0.03,0.0
guard_off_minus_on,10|4|10|0,740012,S_pi,0.05890405859460355,0.05890405859460355,0.0
guard_off_minus_on,10|4|10|0,740012,S_pi_dq,0.03929913335290676,0.03929913335290676,0.0
guard_off_minus_on,10|4|10|0,740012,R_cdw,0.3328280887506261,0.3328280887506261,0.0
guard_off_minus_on,10|4|10|0,740012,average_sign,0.118,0.118,0.0
guard_off_minus_on,10|4|10|0,740008,S_pi,0.16514629425788735,0.16514629425788735,0.0
guard_off_minus_on,10|4|10|0,740008,S_pi_dq,0.023549317618805764,0.023549317618805764,0.0
guard_off_minus_on,10|4|10|0,740008,R_cdw,0.8574032937001186,0.8574032937001186,0.0
guard_off_minus_on,10|4|10|0,740008,average_sign,0.142,0.142,0.0
guard_off_minus_on,10|4|10|0,740011,S_pi,0.08285815100951112,0.08285815100951112,0.0
guard_off_minus_on,10|4|10|0,740011,S_pi_dq,0.03845293208815057,0.03845293208815057,0.0
guard_off_minus_on,10|4|10|0,740011,R_cdw,0.5359185352357593,0.5359185352357593,0.0
guard_off_minus_on,10|4|10|0,740011,average_sign,0.16866666666666666,0.16866666666666666,0.0
guard_off_minus_on,10|4|10|0,740007,S_pi,0.15240775250119223,0.15240775250119223,0.0
guard_off_minus_on,10|4|10|0,740007,S_pi_dq,0.008599511725522075,0.008599511725522075,0.0
guard_off_minus_on,10|4|10|0,740007,R_cdw,0.9435756279822131,0.9435756279822131,0.0
guard_off_minus_on,10|4|10|0,740007,average_sign,0.13733333333333334,0.13733333333333334,0.0
guard_off_minus_on,10|4|10|0,740009,S_pi,0.25864952450496925,0.25864952450496925,0.0
guard_off_minus_on,10|4|10|0,740009,S_pi_dq,0.05031023301153995,0.05031023301153995,0.0
guard_off_minus_on,10|4|10|0,740009,R_cdw,0.805488786001718,0.805488786001718,0.0
guard_off_minus_on,10|4|10|0,740009,average_sign,0.14933333333333335,0.14933333333333335,0.0
guard_off_minus_on,10|4|10|0,740010,S_pi,0.14938149275107057,0.14938149275107057,0.0
guard_off_minus_on,10|4|10|0,740010,S_pi_dq,0.025056857505664595,0.025056857505664595,0.0
guard_off_minus_on,10|4|10|0,740010,R_cdw,0.8322626381340333,0.8322626381340333,0.0
guard_off_minus_on,10|4|10|0,740010,average_sign,0.13333333333333333,0.13333333333333333,0.0
